candidate_id,first_name,last_name,email,country,english_level,years_experience,primary_skill,source_channel,registered_date,expected_rate_usd
K00001,Ricardo,Torres,ricardo.torres1@example.com,Colombia,C1,0,Bookkeeping,LinkedIn,2025-03-06,900
K00002,Luis,Rodriguez,luis.rodriguez2@example.com,Argentina,C1,5,Technical,LinkedIn,2026-03-08,1400
K00003,Carlos,Torres,carlos.torres3@example.com,Philippines,B2,4,Sales VA,LinkedIn,2026-01-06,1400
K00004,Diego,Rojas,diego.rojas4@example.com,Colombia,B2,5,Sales VA,Referral,2025-08-28,1100
K00005,Sofia,Santos,sofia.santos5@example.com,Philippines,B2,8,Technical,Website,2025-09-07,1100
K00006,Ana,Ramirez,ana.ramirez6@example.com,Guatemala,C1,7,Customer Support,Referral,2025-04-23,2000
K00007,Isabella,Gomez,isabella.gomez7@example.com,Guatemala,B1,5,Bookkeeping,Facebook Group,2025-06-02,700
K00008,Luis,Castillo,luis.castillo8@example.com,Argentina,B2,2,Sales VA,Referral,2026-07-24,900
K00009,Carlos,Flores,carlos.flores9@example.com,Colombia,C1,5,Technical,Website,2025-07-13,700
K00010,Laura,Ramirez,laura.ramirez10@example.com,Philippines,B2,5,Bookkeeping,Website,2025-02-21,1700
K00011,Andres,Reyes,andres.reyes11@example.com,Brazil,B2,6,Technical,Website,2025-06-25,900
K00012,Ana,Castillo,ana.castillo12@example.com,Mexico,C1,7,Marketing VA,Referral,2025-11-21,1100
K00013,Jose,Flores,jose.flores13@example.com,Venezuela,C1,3,Sales VA,Referral,2025-04-08,1700
K00014,Maria,Vargas,maria.vargas14@example.com,Colombia,C1,2,Bookkeeping,Job Board,2026-03-28,1100
K00015,Luis,Santos,luis.santos15@example.com,Dominican Republic,B2,1,Executive VA,Facebook Group,2026-07-11,1400
K00016,Laura,Martinez,laura.martinez16@example.com,Colombia,C2,10,Sales VA,LinkedIn,2025-05-08,2000
K00017,Sofia,Ramirez,sofia.ramirez17@example.com,Dominican Republic,C1,7,Customer Support,Referral,2026-04-24,1700
K00018,Sofia,Gomez,sofia.gomez18@example.com,Venezuela,C1,3,Marketing VA,Referral,2025-07-27,1400
K00019,Diego,Vargas,diego.vargas19@example.com,Mexico,C1,2,Customer Support,Website,2026-01-21,1700
K00020,Valentina,Cruz,valentina.cruz20@example.com,Dominican Republic,C1,0,Technical,Website,2025-07-11,1700
K00021,Isabella,Rodriguez,isabella.rodriguez21@example.com,Mexico,B2,3,Sales VA,Referral,2025-02-23,2000
K00022,Juan,Ramirez,juan.ramirez22@example.com,Colombia,B2,4,Marketing VA,Job Board,2025-11-09,1700
K00023,Angelica,Rojas,angelica.rojas23@example.com,Venezuela,B2,4,Sales VA,LinkedIn,2026-02-19,2000
K00024,Ana,Ramirez,ana.ramirez24@example.com,Philippines,B2,4,Marketing VA,Facebook Group,2025-12-03,1700
K00025,Ricardo,Flores,ricardo.flores25@example.com,Colombia,C1,4,Bookkeeping,Job Board,2025-03-01,700
K00026,Carlos,Delgado,carlos.delgado26@example.com,Venezuela,B2,5,Technical,Facebook Group,2025-08-25,700
K00027,Valentina,Flores,valentina.flores27@example.com,Colombia,C2,5,Customer Support,Referral,2026-02-11,1100
K00028,Diego,Vargas,diego.vargas28@example.com,Argentina,B1,5,Sales VA,Job Board,2025-05-07,700
K00029,Ana,Rodriguez,ana.rodriguez29@example.com,Mexico,B1,7,Bookkeeping,Website,2026-05-30,1700
K00030,Carlos,Reyes,carlos.reyes30@example.com,Venezuela,C2,10,Sales VA,Job Board,2025-03-18,1400
K00031,Juan,Ramirez,juan.ramirez31@example.com,Colombia,B1,9,Bookkeeping,Job Board,2026-01-30,1400
K00032,Diego,Delgado,diego.delgado32@example.com,Dominican Republic,C1,10,Sales VA,LinkedIn,2026-06-21,1700
K00033,Luis,Flores,luis.flores33@example.com,Colombia,C1,8,Executive VA,Website,2025-10-07,1100
K00034,Luis,Cruz,luis.cruz34@example.com,Colombia,B2,6,Sales VA,Website,2026-02-22,2000
K00035,Jose,Rojas,jose.rojas35@example.com,Philippines,C2,5,Marketing VA,Job Board,2026-06-29,1700
K00036,Ricardo,Martinez,ricardo.martinez36@example.com,Colombia,C2,3,Executive VA,Website,2025-09-09,700
K00037,Angelica,Reyes,angelica.reyes37@example.com,Peru,C1,6,Technical,Job Board,2026-04-30,1400
K00038,Ana,Cruz,ana.cruz38@example.com,Mexico,C1,5,Sales VA,Referral,2026-07-09,2000
K00039,Isabella,Reyes,isabella.reyes39@example.com,Peru,C1,4,Technical,Job Board,2025-12-28,1700
K00040,Sofia,Cruz,sofia.cruz40@example.com,Mexico,C1,5,Bookkeeping,Job Board,2026-04-16,700
K00041,Fernando,Martinez,fernando.martinez41@example.com,Philippines,B2,5,Bookkeeping,Referral,2026-07-24,2000
K00042,Sofia,Cruz,sofia.cruz42@example.com,Mexico,B2,4,Marketing VA,Website,2025-01-05,900
K00043,Angelica,Santos,angelica.santos43@example.com,Brazil,B2,5,Executive VA,Job Board,2026-01-15,900
K00044,Jorge,Rodriguez,jorge.rodriguez44@example.com,Colombia,C2,3,Sales VA,Job Board,2025-08-13,1100
K00045,Jose,Cruz,jose.cruz45@example.com,Brazil,B1,2,Executive VA,Referral,2026-03-02,900
K00046,Paula,Ramirez,paula.ramirez46@example.com,Philippines,B1,2,Technical,Referral,2025-01-19,1700
K00047,Andres,Santos,andres.santos47@example.com,Colombia,B2,3,Marketing VA,Job Board,2026-01-02,1700
K00048,Isabella,Ramirez,isabella.ramirez48@example.com,Venezuela,C1,2,Technical,Website,2026-01-20,1400
K00049,Ana,Martinez,ana.martinez49@example.com,Brazil,C2,9,Sales VA,Facebook Group,2026-06-02,700
K00050,Angelica,Santos,angelica.santos50@example.com,Colombia,B2,2,Marketing VA,Referral,2026-06-19,2000
K00051,Laura,Martinez,laura.martinez51@example.com,Peru,B2,1,Sales VA,Job Board,2026-07-16,900
K00052,Juan,Mendoza,juan.mendoza52@example.com,Colombia,B2,3,Executive VA,Referral,2026-06-24,1100
K00053,Ricardo,Delgado,ricardo.delgado53@example.com,Colombia,C2,6,Marketing VA,Referral,2025-10-28,700
K00054,Camila,Santos,camila.santos54@example.com,Colombia,B1,0,Customer Support,LinkedIn,2025-11-23,900
K00055,Camila,Cruz,camila.cruz55@example.com,Venezuela,B1,0,Customer Support,Website,2025-11-13,1700
K00056,Daniela,Torres,daniela.torres56@example.com,Argentina,C1,5,Sales VA,Job Board,2026-01-25,1100
K00057,Juan,Mendoza,juan.mendoza57@example.com,Mexico,B1,3,Bookkeeping,LinkedIn,2026-06-13,1100
K00058,Camila,Ramirez,camila.ramirez58@example.com,Colombia,B1,9,Marketing VA,Job Board,2025-08-01,700
K00059,Jorge,Rojas,jorge.rojas59@example.com,Dominican Republic,B2,5,Marketing VA,Referral,2025-03-08,2000
K00060,Valentina,Gomez,valentina.gomez60@example.com,Argentina,B1,1,Sales VA,Facebook Group,2025-11-23,1100
K00061,Sofia,Martinez,sofia.martinez61@example.com,Colombia,C1,8,Sales VA,Job Board,2025-07-16,2000
K00062,Valentina,Castillo,valentina.castillo62@example.com,Mexico,C1,8,Sales VA,Job Board,2025-01-23,700
K00063,Ricardo,Rojas,ricardo.rojas63@example.com,Philippines,C1,1,Executive VA,Job Board,2026-02-26,1400
K00064,Miguel,Flores,miguel.flores64@example.com,Mexico,B2,0,Executive VA,Facebook Group,2025-07-11,1400
K00065,Ricardo,Rodriguez,ricardo.rodriguez65@example.com,Philippines,B2,8,Executive VA,Website,2026-03-29,900
K00066,Jorge,Castillo,jorge.castillo66@example.com,Peru,C1,0,Customer Support,Referral,2026-01-24,1100
K00067,Isabella,Reyes,isabella.reyes67@example.com,Argentina,B2,2,Marketing VA,Website,2025-09-16,1700
K00068,Jose,Vargas,jose.vargas68@example.com,Philippines,C2,5,Executive VA,Facebook Group,2025-10-06,2000
K00069,Carlos,Ramirez,carlos.ramirez69@example.com,Venezuela,B1,2,Bookkeeping,Job Board,2025-09-25,2000
K00070,Fernando,Torres,fernando.torres70@example.com,Argentina,B2,6,Executive VA,Website,2025-08-20,2000
K00071,Jorge,Flores,jorge.flores71@example.com,Colombia,C1,7,Bookkeeping,LinkedIn,2026-01-06,1100
K00072,Fernando,Rojas,fernando.rojas72@example.com,Mexico,C2,10,Marketing VA,Referral,2025-01-24,1700
K00073,Jose,Flores,jose.flores73@example.com,Mexico,C2,2,Technical,Referral,2026-07-04,900
K00074,Diego,Vargas,diego.vargas74@example.com,Colombia,C2,4,Marketing VA,Referral,2025-08-08,1700
K00075,Andres,Flores,andres.flores75@example.com,Mexico,B2,6,Marketing VA,LinkedIn,2025-03-23,2000
K00076,Paula,Rojas,paula.rojas76@example.com,Colombia,B2,3,Executive VA,LinkedIn,2026-02-11,1400
K00077,Fernando,Reyes,fernando.reyes77@example.com,Argentina,C2,6,Sales VA,Website,2026-06-18,2000
K00078,Angelica,Rojas,angelica.rojas78@example.com,Philippines,C1,0,Bookkeeping,Job Board,2026-07-18,1700
K00079,Andres,Mendoza,andres.mendoza79@example.com,Peru,B2,7,Technical,Website,2025-06-03,1700
K00080,Miguel,Reyes,miguel.reyes80@example.com,Argentina,B2,7,Executive VA,Website,2026-06-25,700
K00081,Andres,Vargas,andres.vargas81@example.com,Philippines,B2,4,Executive VA,Website,2025-12-12,900
K00082,Jose,Santos,jose.santos82@example.com,Colombia,B1,5,Technical,Referral,2025-06-20,900
K00083,Jose,Gomez,jose.gomez83@example.com,Philippines,C2,5,Sales VA,Referral,2025-03-04,1400
K00084,Maria,Martinez,maria.martinez84@example.com,Mexico,C1,2,Technical,Referral,2026-04-18,700
K00085,Valentina,Gomez,valentina.gomez85@example.com,Peru,C1,6,Sales VA,Referral,2025-02-24,1700
K00086,Daniela,Mendoza,daniela.mendoza86@example.com,Philippines,B1,5,Sales VA,Website,2025-02-18,700
K00087,Laura,Vargas,laura.vargas87@example.com,Peru,B1,5,Marketing VA,Job Board,2026-05-09,1100
K00088,Maria,Torres,maria.torres88@example.com,Argentina,C1,7,Technical,LinkedIn,2025-03-01,1100
K00089,Valentina,Rodriguez,valentina.rodriguez89@example.com,Colombia,B1,2,Customer Support,Job Board,2025-03-26,1100
K00090,Carlos,Reyes,carlos.reyes90@example.com,Mexico,C1,2,Customer Support,Referral,2025-04-15,1100
K00091,Jose,Rojas,jose.rojas91@example.com,Guatemala,B2,8,Technical,Job Board,2026-07-22,2000
K00092,Juan,Torres,juan.torres92@example.com,Colombia,B2,6,Marketing VA,Website,2026-06-23,900
K00093,Carlos,Martinez,carlos.martinez93@example.com,Mexico,B2,5,Marketing VA,Website,2026-03-10,1100
K00094,Diego,Rojas,diego.rojas94@example.com,Mexico,B2,5,Executive VA,LinkedIn,2026-07-12,1100
K00095,Jose,Torres,jose.torres95@example.com,Brazil,C1,1,Executive VA,Job Board,2025-03-10,1100
K00096,Andres,Delgado,andres.delgado96@example.com,Philippines,B2,4,Sales VA,Facebook Group,2025-04-11,1100
K00097,Miguel,Rojas,miguel.rojas97@example.com,Peru,B2,7,Marketing VA,Website,2025-06-18,900
K00098,Ana,Martinez,ana.martinez98@example.com,Colombia,C1,3,Bookkeeping,Referral,2026-03-06,700
K00099,Ricardo,Rodriguez,ricardo.rodriguez99@example.com,Mexico,C1,4,Marketing VA,Facebook Group,2025-06-12,2000
K00100,Daniela,Rojas,daniela.rojas100@example.com,Colombia,C1,5,Marketing VA,Facebook Group,2025-12-28,700
K00101,Diego,Vargas,diego.vargas101@example.com,Guatemala,C1,4,Executive VA,Job Board,2025-07-28,1400
K00102,Paula,Vargas,paula.vargas102@example.com,Philippines,C2,5,Customer Support,LinkedIn,2025-03-23,700
K00103,Sofia,Mendoza,sofia.mendoza103@example.com,Mexico,C1,5,Marketing VA,Job Board,2025-03-26,700
K00104,Daniela,Reyes,daniela.reyes104@example.com,Brazil,B2,10,Customer Support,Referral,2026-04-11,1400
K00105,Laura,Reyes,laura.reyes105@example.com,Argentina,C1,0,Marketing VA,Referral,2025-06-25,1700
K00106,Jose,Martinez,jose.martinez106@example.com,Philippines,B1,5,Technical,LinkedIn,2025-06-20,900
K00107,Carlos,Gomez,carlos.gomez107@example.com,Dominican Republic,C1,1,Customer Support,Facebook Group,2025-10-03,2000
K00108,Juan,Ramirez,juan.ramirez108@example.com,Colombia,C2,8,Customer Support,Job Board,2025-12-13,900
K00109,Angelica,Santos,angelica.santos109@example.com,Colombia,B2,6,Technical,Facebook Group,2025-09-10,900
K00110,Isabella,Vargas,isabella.vargas110@example.com,Argentina,C1,4,Marketing VA,Referral,2026-06-14,700
K00111,Andres,Ramirez,andres.ramirez111@example.com,Philippines,C1,6,Bookkeeping,LinkedIn,2025-12-21,900
K00112,Diego,Martinez,diego.martinez112@example.com,Haiti,B1,3,Bookkeeping,Referral,2025-11-07,1700
K00113,Diego,Cruz,diego.cruz113@example.com,Peru,B2,5,Executive VA,Referral,2026-07-24,1700
K00114,Angelica,Delgado,angelica.delgado114@example.com,Philippines,B2,2,Executive VA,Job Board,2025-10-01,900
K00115,Miguel,Mendoza,miguel.mendoza115@example.com,Mexico,B1,5,Sales VA,LinkedIn,2026-02-04,700
K00116,Miguel,Torres,miguel.torres116@example.com,Argentina,B2,4,Sales VA,Job Board,2026-04-03,1100
K00117,Sofia,Santos,sofia.santos117@example.com,Argentina,B2,5,Technical,LinkedIn,2026-03-14,1100
K00118,Paula,Vargas,paula.vargas118@example.com,Brazil,B2,12,Executive VA,Website,2026-03-21,2000
K00119,Paula,Reyes,paula.reyes119@example.com,Argentina,B2,6,Customer Support,Facebook Group,2026-05-06,900
K00120,Jose,Rodriguez,jose.rodriguez120@example.com,Venezuela,B2,5,Technical,Referral,2026-01-21,1400
K00121,Jose,Castillo,jose.castillo121@example.com,Mexico,B1,7,Marketing VA,Facebook Group,2025-08-16,1100
K00122,Sofia,Torres,sofia.torres122@example.com,Mexico,C2,3,Technical,LinkedIn,2026-04-26,1700
K00123,Diego,Cruz,diego.cruz123@example.com,Philippines,C1,0,Executive VA,Facebook Group,2025-05-28,1100
K00124,Daniela,Santos,daniela.santos124@example.com,Colombia,C1,4,Technical,Website,2025-09-12,1400
K00125,Carlos,Torres,carlos.torres125@example.com,Mexico,B2,7,Marketing VA,Referral,2026-01-04,900
K00126,Laura,Rojas,laura.rojas126@example.com,Philippines,C1,7,Marketing VA,Job Board,2026-03-30,700
K00127,Diego,Rojas,diego.rojas127@example.com,Philippines,C1,6,Customer Support,Facebook Group,2025-07-01,1400
K00128,Laura,Cruz,laura.cruz128@example.com,Mexico,B2,1,Technical,Referral,2026-07-12,1700
K00129,Juan,Cruz,juan.cruz129@example.com,Philippines,C1,4,Marketing VA,Website,2026-07-08,1400
K00130,Sofia,Martinez,sofia.martinez130@example.com,Philippines,B2,3,Marketing VA,Website,2025-12-21,900
K00131,Isabella,Castillo,isabella.castillo131@example.com,Colombia,B2,3,Sales VA,LinkedIn,2025-03-18,1400
K00132,Sofia,Flores,sofia.flores132@example.com,Colombia,B1,2,Executive VA,LinkedIn,2026-07-26,700
K00133,Diego,Mendoza,diego.mendoza133@example.com,Philippines,B2,3,Sales VA,Website,2025-05-28,1400
K00134,Diego,Reyes,diego.reyes134@example.com,Philippines,B2,2,Bookkeeping,Job Board,2025-04-18,2000
K00135,Valentina,Reyes,valentina.reyes135@example.com,Mexico,C1,3,Sales VA,Job Board,2025-02-28,1700
K00136,Angelica,Cruz,angelica.cruz136@example.com,Venezuela,B2,6,Executive VA,LinkedIn,2025-07-18,1100
K00137,Laura,Rojas,laura.rojas137@example.com,Peru,B1,1,Customer Support,Referral,2025-09-15,1700
K00138,Ricardo,Rodriguez,ricardo.rodriguez138@example.com,Philippines,C1,1,Marketing VA,Facebook Group,2026-01-05,1400
K00139,Ana,Rodriguez,ana.rodriguez139@example.com,Argentina,C1,7,Marketing VA,Referral,2025-11-25,1700
K00140,Isabella,Castillo,isabella.castillo140@example.com,Philippines,B2,7,Executive VA,Website,2026-06-28,900
K00141,Luis,Martinez,luis.martinez141@example.com,Philippines,B2,5,Marketing VA,Website,2025-05-23,1700
K00142,Juan,Gomez,juan.gomez142@example.com,Argentina,C1,7,Executive VA,Job Board,2026-07-15,900
K00143,Sofia,Delgado,sofia.delgado143@example.com,Dominican Republic,C1,5,Executive VA,Website,2026-04-12,1700
K00144,Jorge,Rojas,jorge.rojas144@example.com,Mexico,B2,3,Marketing VA,LinkedIn,2026-03-11,900
K00145,Miguel,Santos,miguel.santos145@example.com,Mexico,C1,0,Marketing VA,Facebook Group,2026-04-19,1400
K00146,Sofia,Ramirez,sofia.ramirez146@example.com,Philippines,B2,9,Bookkeeping,Website,2026-02-14,1700
K00147,Daniela,Reyes,daniela.reyes147@example.com,Colombia,B1,3,Marketing VA,Website,2025-05-03,1100
K00148,Maria,Delgado,maria.delgado148@example.com,Dominican Republic,B2,0,Technical,Job Board,2025-04-22,2000
K00149,Valentina,Martinez,valentina.martinez149@example.com,Mexico,C2,1,Bookkeeping,Website,2025-08-13,1100
K00150,Sofia,Martinez,sofia.martinez150@example.com,Peru,C1,5,Technical,Job Board,2025-03-12,700
K00151,Daniela,Ramirez,daniela.ramirez151@example.com,Venezuela,B2,2,Executive VA,Referral,2025-12-10,700
K00152,Camila,Castillo,camila.castillo152@example.com,Haiti,C1,5,Customer Support,Facebook Group,2026-05-13,1700
K00153,Andres,Vargas,andres.vargas153@example.com,Philippines,C2,2,Executive VA,Facebook Group,2026-07-19,1700
K00154,Maria,Ramirez,maria.ramirez154@example.com,Colombia,B1,9,Bookkeeping,Website,2026-05-14,900
K00155,Fernando,Vargas,fernando.vargas155@example.com,Mexico,B1,2,Technical,LinkedIn,2025-11-30,1700
K00156,Camila,Flores,camila.flores156@example.com,Colombia,B1,1,Technical,LinkedIn,2025-09-25,1400
K00157,Juan,Torres,juan.torres157@example.com,Brazil,B2,5,Bookkeeping,LinkedIn,2026-03-29,1700
K00158,Jorge,Martinez,jorge.martinez158@example.com,Colombia,B2,3,Marketing VA,Referral,2025-01-28,700
K00159,Paula,Rojas,paula.rojas159@example.com,Argentina,B2,2,Bookkeeping,LinkedIn,2026-04-29,1400
K00160,Angelica,Flores,angelica.flores160@example.com,Dominican Republic,C2,6,Bookkeeping,Facebook Group,2025-12-12,1100
K00161,Angelica,Torres,angelica.torres161@example.com,Colombia,C1,3,Sales VA,LinkedIn,2026-06-19,900
K00162,Valentina,Santos,valentina.santos162@example.com,Colombia,C1,7,Customer Support,Facebook Group,2025-07-24,1100
K00163,Andres,Mendoza,andres.mendoza163@example.com,Philippines,B2,5,Bookkeeping,Website,2026-01-15,700
K00164,Ana,Torres,ana.torres164@example.com,Peru,B2,3,Executive VA,Facebook Group,2025-09-09,1700
K00165,Paula,Ramirez,paula.ramirez165@example.com,Philippines,B1,11,Customer Support,LinkedIn,2026-01-16,1700
K00166,Laura,Cruz,laura.cruz166@example.com,Peru,B2,6,Bookkeeping,Referral,2025-12-05,1100
K00167,Maria,Ramirez,maria.ramirez167@example.com,Argentina,C2,6,Technical,Website,2026-03-29,700
K00168,Valentina,Cruz,valentina.cruz168@example.com,Philippines,C2,7,Bookkeeping,Referral,2025-04-12,1700
K00169,Jorge,Delgado,jorge.delgado169@example.com,Colombia,C1,3,Executive VA,Referral,2026-05-26,1700
K00170,Juan,Ramirez,juan.ramirez170@example.com,Venezuela,C1,3,Marketing VA,Website,2025-03-30,1100
K00171,Jose,Flores,jose.flores171@example.com,Venezuela,C2,3,Customer Support,Facebook Group,2025-07-07,700
K00172,Jorge,Santos,jorge.santos172@example.com,Venezuela,B2,5,Marketing VA,Referral,2025-01-15,1700
K00173,Angelica,Flores,angelica.flores173@example.com,Argentina,B2,8,Technical,Facebook Group,2026-05-24,900
K00174,Sofia,Rojas,sofia.rojas174@example.com,Philippines,C1,10,Technical,LinkedIn,2025-12-12,1400
K00175,Ana,Rojas,ana.rojas175@example.com,Mexico,B2,0,Executive VA,Referral,2025-02-03,700
K00176,Laura,Flores,laura.flores176@example.com,Dominican Republic,C2,4,Sales VA,Website,2025-09-11,700
K00177,Angelica,Mendoza,angelica.mendoza177@example.com,Colombia,B2,8,Technical,Facebook Group,2026-05-31,2000
K00178,Fernando,Cruz,fernando.cruz178@example.com,Colombia,C1,3,Executive VA,Referral,2025-11-25,700
K00179,Andres,Cruz,andres.cruz179@example.com,Philippines,C2,2,Technical,LinkedIn,2025-01-18,1700
K00180,Fernando,Cruz,fernando.cruz180@example.com,Mexico,B2,4,Marketing VA,Facebook Group,2025-11-24,700
K00181,Carlos,Mendoza,carlos.mendoza181@example.com,Argentina,B1,7,Technical,LinkedIn,2026-05-29,1100
K00182,Maria,Rodriguez,maria.rodriguez182@example.com,Colombia,C1,4,Technical,Facebook Group,2026-05-25,1700
K00183,Maria,Reyes,maria.reyes183@example.com,Peru,B1,3,Technical,Facebook Group,2025-03-22,900
K00184,Daniela,Reyes,daniela.reyes184@example.com,Argentina,B2,4,Executive VA,Facebook Group,2025-05-03,1400
K00185,Valentina,Santos,valentina.santos185@example.com,Philippines,C1,2,Customer Support,Website,2025-06-08,2000
K00186,Juan,Ramirez,juan.ramirez186@example.com,Peru,B1,7,Sales VA,LinkedIn,2026-06-28,2000
K00187,Maria,Santos,maria.santos187@example.com,Philippines,C1,5,Sales VA,Job Board,2025-07-15,700
K00188,Camila,Flores,camila.flores188@example.com,Colombia,C1,1,Marketing VA,Website,2025-03-06,700
K00189,Isabella,Martinez,isabella.martinez189@example.com,Haiti,B1,3,Marketing VA,LinkedIn,2025-11-29,900
K00190,Miguel,Cruz,miguel.cruz190@example.com,Dominican Republic,C1,1,Customer Support,Facebook Group,2025-08-16,1700
K00191,Ana,Martinez,ana.martinez191@example.com,Argentina,C1,2,Executive VA,Facebook Group,2026-06-26,1400
K00192,Jorge,Rodriguez,jorge.rodriguez192@example.com,Mexico,C1,6,Customer Support,Facebook Group,2026-04-28,700
K00193,Jose,Torres,jose.torres193@example.com,Mexico,B2,4,Sales VA,Job Board,2025-05-20,1700
K00194,Sofia,Torres,sofia.torres194@example.com,Peru,B2,4,Technical,Website,2025-05-08,1400
K00195,Diego,Gomez,diego.gomez195@example.com,Argentina,C1,1,Bookkeeping,LinkedIn,2026-06-18,900
K00196,Jose,Rojas,jose.rojas196@example.com,Mexico,B2,4,Sales VA,LinkedIn,2025-09-17,700
K00197,Daniela,Reyes,daniela.reyes197@example.com,Argentina,C1,0,Marketing VA,Facebook Group,2026-03-05,700
K00198,Laura,Santos,laura.santos198@example.com,Haiti,B2,7,Bookkeeping,Job Board,2025-09-16,1400
K00199,Carlos,Santos,carlos.santos199@example.com,Colombia,B2,3,Executive VA,Job Board,2026-06-29,700
K00200,Luis,Martinez,luis.martinez200@example.com,Mexico,C2,8,Marketing VA,Referral,2025-08-01,900
K00201,Laura,Delgado,laura.delgado201@example.com,Guatemala,B2,4,Executive VA,LinkedIn,2025-02-17,700
K00202,Jorge,Flores,jorge.flores202@example.com,Colombia,C1,5,Marketing VA,Referral,2025-09-27,2000
K00203,Juan,Reyes,juan.reyes203@example.com,Argentina,C1,6,Customer Support,Facebook Group,2026-07-23,900
K00204,Camila,Martinez,camila.martinez204@example.com,Mexico,B2,4,Marketing VA,Referral,2025-09-07,2000
K00205,Juan,Rodriguez,juan.rodriguez205@example.com,Peru,C1,6,Executive VA,LinkedIn,2026-02-11,2000
K00206,Jorge,Gomez,jorge.gomez206@example.com,Philippines,B2,4,Marketing VA,Referral,2026-06-21,900
K00207,Angelica,Mendoza,angelica.mendoza207@example.com,Colombia,C2,6,Technical,Job Board,2026-02-19,900
K00208,Fernando,Flores,fernando.flores208@example.com,Argentina,B2,8,Executive VA,Facebook Group,2025-07-27,1100
K00209,Maria,Mendoza,maria.mendoza209@example.com,Colombia,B1,5,Technical,Referral,2025-12-09,1700
K00210,Fernando,Ramirez,fernando.ramirez210@example.com,Colombia,B1,10,Marketing VA,LinkedIn,2026-06-22,900
K00211,Luis,Mendoza,luis.mendoza211@example.com,Haiti,B2,5,Sales VA,Facebook Group,2026-07-11,1700
K00212,Luis,Rodriguez,luis.rodriguez212@example.com,Colombia,B2,4,Marketing VA,Job Board,2026-06-11,900
K00213,Camila,Gomez,camila.gomez213@example.com,Argentina,B2,2,Technical,Facebook Group,2025-12-11,900
K00214,Sofia,Ramirez,sofia.ramirez214@example.com,Mexico,B1,1,Executive VA,Facebook Group,2025-08-21,1400
K00215,Jose,Cruz,jose.cruz215@example.com,Colombia,B1,3,Sales VA,LinkedIn,2025-11-24,1100
K00216,Miguel,Delgado,miguel.delgado216@example.com,Mexico,B2,3,Bookkeeping,Job Board,2025-06-24,700
K00217,Juan,Santos,juan.santos217@example.com,Peru,B2,5,Bookkeeping,Website,2025-07-11,700
K00218,Jose,Rojas,jose.rojas218@example.com,Argentina,B2,5,Customer Support,Facebook Group,2025-10-02,1100
K00219,Camila,Rojas,camila.rojas219@example.com,Mexico,B2,6,Sales VA,Website,2025-12-30,2000
K00220,Juan,Rodriguez,juan.rodriguez220@example.com,Philippines,C2,3,Bookkeeping,Job Board,2026-03-29,700
K00221,Carlos,Delgado,carlos.delgado221@example.com,Peru,C1,8,Marketing VA,Job Board,2026-02-18,1700
K00222,Valentina,Cruz,valentina.cruz222@example.com,Argentina,C1,2,Customer Support,Referral,2026-02-23,1400
K00223,Ana,Santos,ana.santos223@example.com,Mexico,B1,7,Marketing VA,Referral,2025-01-19,2000
K00224,Luis,Cruz,luis.cruz224@example.com,Philippines,C1,5,Customer Support,Facebook Group,2025-11-17,2000
K00225,Valentina,Torres,valentina.torres225@example.com,Colombia,C1,6,Sales VA,Referral,2025-04-19,2000
K00226,Luis,Ramirez,luis.ramirez226@example.com,Mexico,B1,4,Marketing VA,LinkedIn,2026-04-30,1400
K00227,Luis,Mendoza,luis.mendoza227@example.com,Mexico,B2,2,Marketing VA,Referral,2025-05-22,1700
K00228,Jorge,Santos,jorge.santos228@example.com,Mexico,B1,4,Sales VA,Job Board,2025-09-17,1400
K00229,Juan,Torres,juan.torres229@example.com,Venezuela,B2,0,Executive VA,Facebook Group,2025-07-10,700
K00230,Angelica,Gomez,angelica.gomez230@example.com,Philippines,C1,5,Customer Support,Facebook Group,2026-07-10,1700
K00231,Luis,Rodriguez,luis.rodriguez231@example.com,Venezuela,B2,0,Bookkeeping,Referral,2025-04-03,900
K00232,Laura,Torres,laura.torres232@example.com,Argentina,B2,3,Sales VA,Website,2025-04-28,700
K00233,Jorge,Torres,jorge.torres233@example.com,Venezuela,B1,4,Sales VA,Referral,2025-06-17,2000
K00234,Laura,Santos,laura.santos234@example.com,Peru,B2,4,Technical,Job Board,2025-08-18,1700
K00235,Angelica,Cruz,angelica.cruz235@example.com,Guatemala,C2,0,Executive VA,Facebook Group,2025-03-10,700
K00236,Valentina,Ramirez,valentina.ramirez236@example.com,Mexico,B2,0,Marketing VA,LinkedIn,2025-10-22,1100
K00237,Sofia,Reyes,sofia.reyes237@example.com,Peru,B2,2,Sales VA,Website,2026-03-11,2000
K00238,Ricardo,Rodriguez,ricardo.rodriguez238@example.com,Philippines,B2,7,Bookkeeping,Website,2025-04-28,2000
K00239,Diego,Torres,diego.torres239@example.com,Argentina,B1,3,Marketing VA,Website,2026-01-02,2000
K00240,Ana,Castillo,ana.castillo240@example.com,Mexico,B2,7,Technical,Referral,2026-02-09,1700
K00241,Andres,Delgado,andres.delgado241@example.com,Colombia,B2,0,Customer Support,Referral,2026-07-26,1700
K00242,Sofia,Santos,sofia.santos242@example.com,Colombia,C1,7,Marketing VA,Referral,2026-01-29,700
K00243,Jorge,Reyes,jorge.reyes243@example.com,Argentina,C2,2,Technical,Facebook Group,2025-04-19,1100
K00244,Isabella,Santos,isabella.santos244@example.com,Peru,C2,2,Sales VA,Job Board,2026-02-11,2000
K00245,Diego,Martinez,diego.martinez245@example.com,Argentina,B2,0,Sales VA,Website,2025-03-31,1400
K00246,Miguel,Rojas,miguel.rojas246@example.com,Colombia,B1,3,Executive VA,Referral,2025-10-28,1700
K00247,Angelica,Castillo,angelica.castillo247@example.com,Peru,B1,0,Technical,Job Board,2025-11-07,700
K00248,Ricardo,Delgado,ricardo.delgado248@example.com,Venezuela,B2,8,Bookkeeping,Website,2026-07-19,1700
K00249,Juan,Castillo,juan.castillo249@example.com,Venezuela,B2,2,Sales VA,Website,2025-01-11,2000
K00250,Carlos,Vargas,carlos.vargas250@example.com,Argentina,B2,9,Sales VA,Website,2026-04-11,1400
K00251,Daniela,Vargas,daniela.vargas251@example.com,Peru,B1,9,Bookkeeping,LinkedIn,2025-09-21,2000
K00252,Laura,Castillo,laura.castillo252@example.com,Venezuela,C2,4,Technical,Facebook Group,2026-01-06,1400
K00253,Carlos,Martinez,carlos.martinez253@example.com,Peru,C2,6,Bookkeeping,Website,2025-01-22,1100
K00254,Diego,Mendoza,diego.mendoza254@example.com,Mexico,B2,5,Technical,Website,2025-06-24,1100
K00255,Laura,Delgado,laura.delgado255@example.com,Philippines,C2,5,Sales VA,Facebook Group,2025-09-17,2000
K00256,Sofia,Vargas,sofia.vargas256@example.com,Mexico,B1,3,Bookkeeping,Facebook Group,2025-06-01,1100
K00257,Valentina,Ramirez,valentina.ramirez257@example.com,Argentina,C1,1,Sales VA,LinkedIn,2025-09-20,2000
K00258,Carlos,Martinez,carlos.martinez258@example.com,Mexico,B2,5,Sales VA,LinkedIn,2025-11-05,700
K00259,Maria,Mendoza,maria.mendoza259@example.com,Venezuela,B2,4,Executive VA,Job Board,2025-11-02,1700
K00260,Sofia,Vargas,sofia.vargas260@example.com,Mexico,B1,2,Customer Support,Facebook Group,2026-07-04,1400
K00261,Sofia,Reyes,sofia.reyes261@example.com,Mexico,B2,2,Marketing VA,Referral,2025-12-30,1100
K00262,Laura,Delgado,laura.delgado262@example.com,Philippines,B2,0,Marketing VA,Referral,2026-01-01,2000
K00263,Angelica,Reyes,angelica.reyes263@example.com,Philippines,B2,3,Customer Support,Referral,2025-06-22,900
K00264,Ricardo,Mendoza,ricardo.mendoza264@example.com,Colombia,B1,0,Bookkeeping,Facebook Group,2025-03-15,1400
K00265,Fernando,Cruz,fernando.cruz265@example.com,Colombia,B2,7,Bookkeeping,Facebook Group,2025-01-24,1700
K00266,Jorge,Castillo,jorge.castillo266@example.com,Philippines,B2,9,Executive VA,Website,2025-12-24,1100
K00267,Carlos,Rodriguez,carlos.rodriguez267@example.com,Guatemala,C1,8,Sales VA,Job Board,2025-12-10,700
K00268,Sofia,Vargas,sofia.vargas268@example.com,Philippines,C1,4,Bookkeeping,Referral,2025-02-03,1400
K00269,Diego,Gomez,diego.gomez269@example.com,Colombia,B1,2,Customer Support,Facebook Group,2025-06-02,1100
K00270,Miguel,Ramirez,miguel.ramirez270@example.com,Argentina,C1,1,Customer Support,Website,2026-06-30,700
K00271,Isabella,Vargas,isabella.vargas271@example.com,Argentina,B2,2,Technical,Referral,2025-01-31,1400
K00272,Valentina,Rojas,valentina.rojas272@example.com,Venezuela,C1,1,Technical,Facebook Group,2025-05-17,1700
K00273,Maria,Flores,maria.flores273@example.com,Mexico,B2,2,Bookkeeping,Referral,2026-05-08,2000
K00274,Fernando,Torres,fernando.torres274@example.com,Mexico,B2,7,Marketing VA,Facebook Group,2025-12-30,700
K00275,Miguel,Rojas,miguel.rojas275@example.com,Colombia,C1,7,Sales VA,Website,2026-07-09,1100
K00276,Maria,Santos,maria.santos276@example.com,Mexico,B2,0,Bookkeeping,Facebook Group,2026-06-04,1100
K00277,Andres,Santos,andres.santos277@example.com,Venezuela,C1,8,Sales VA,Referral,2026-01-20,1700
K00278,Ana,Mendoza,ana.mendoza278@example.com,Philippines,B2,11,Customer Support,Website,2026-02-05,2000
K00279,Diego,Flores,diego.flores279@example.com,Peru,C1,4,Marketing VA,Facebook Group,2026-02-09,700
K00280,Carlos,Martinez,carlos.martinez280@example.com,Mexico,B1,5,Bookkeeping,Job Board,2025-09-07,1700
K00281,Juan,Mendoza,juan.mendoza281@example.com,Venezuela,B2,2,Executive VA,LinkedIn,2026-05-22,2000
K00282,Andres,Torres,andres.torres282@example.com,Colombia,B2,1,Technical,LinkedIn,2026-03-02,1400
K00283,Miguel,Rojas,miguel.rojas283@example.com,Argentina,B2,5,Executive VA,LinkedIn,2026-01-10,1700
K00284,Juan,Santos,juan.santos284@example.com,Peru,B2,1,Executive VA,Job Board,2025-10-18,1400
K00285,Jose,Mendoza,jose.mendoza285@example.com,Mexico,B1,8,Sales VA,Referral,2025-11-03,900
K00286,Ana,Reyes,ana.reyes286@example.com,Argentina,C2,5,Marketing VA,Website,2025-01-13,700
K00287,Isabella,Reyes,isabella.reyes287@example.com,Argentina,B2,4,Bookkeeping,Job Board,2025-09-16,1400
K00288,Jose,Delgado,jose.delgado288@example.com,Philippines,B1,3,Bookkeeping,Job Board,2026-05-18,700
K00289,Juan,Mendoza,juan.mendoza289@example.com,Colombia,B1,2,Sales VA,Website,2025-03-03,1100
K00290,Andres,Santos,andres.santos290@example.com,Colombia,C1,1,Technical,Referral,2026-06-08,900
K00291,Jorge,Delgado,jorge.delgado291@example.com,Mexico,B1,1,Technical,Job Board,2025-01-23,1700
K00292,Jorge,Reyes,jorge.reyes292@example.com,Venezuela,C1,1,Executive VA,LinkedIn,2026-05-03,1100
K00293,Luis,Rojas,luis.rojas293@example.com,Colombia,B2,2,Bookkeeping,Referral,2025-08-21,1400
K00294,Angelica,Vargas,angelica.vargas294@example.com,Mexico,C1,5,Executive VA,Facebook Group,2025-06-21,2000
K00295,Paula,Vargas,paula.vargas295@example.com,Peru,C1,4,Sales VA,Facebook Group,2025-02-28,2000
K00296,Miguel,Rodriguez,miguel.rodriguez296@example.com,Argentina,B2,0,Customer Support,Facebook Group,2025-11-06,900
K00297,Carlos,Rojas,carlos.rojas297@example.com,Philippines,B1,1,Marketing VA,LinkedIn,2025-02-14,2000
K00298,Carlos,Reyes,carlos.reyes298@example.com,Philippines,C1,6,Sales VA,Facebook Group,2025-09-18,900
K00299,Daniela,Flores,daniela.flores299@example.com,Peru,B2,3,Sales VA,Referral,2025-03-12,1100
K00300,Angelica,Flores,angelica.flores300@example.com,Peru,C2,3,Sales VA,Referral,2026-02-13,2000
K00301,Ricardo,Reyes,ricardo.reyes301@example.com,Colombia,C1,0,Sales VA,Job Board,2025-06-09,900
K00302,Valentina,Mendoza,valentina.mendoza302@example.com,Argentina,C1,0,Technical,LinkedIn,2025-08-18,1400
K00303,Valentina,Martinez,valentina.martinez303@example.com,Philippines,B1,7,Sales VA,Facebook Group,2026-04-01,2000
K00304,Angelica,Torres,angelica.torres304@example.com,Philippines,B1,3,Technical,LinkedIn,2025-09-09,1700
K00305,Maria,Reyes,maria.reyes305@example.com,Colombia,B1,3,Marketing VA,LinkedIn,2025-09-24,700
K00306,Jorge,Vargas,jorge.vargas306@example.com,Colombia,B1,6,Bookkeeping,Job Board,2025-08-24,1400
K00307,Daniela,Rodriguez,daniela.rodriguez307@example.com,Colombia,B2,3,Bookkeeping,LinkedIn,2025-06-22,1700
K00308,Maria,Vargas,maria.vargas308@example.com,Brazil,C1,4,Customer Support,Referral,2025-06-15,1700
K00309,Angelica,Santos,angelica.santos309@example.com,Peru,B1,5,Bookkeeping,Website,2025-07-15,700
K00310,Ricardo,Reyes,ricardo.reyes310@example.com,Brazil,B1,3,Executive VA,Referral,2026-06-08,700
K00311,Andres,Ramirez,andres.ramirez311@example.com,Philippines,B2,4,Technical,LinkedIn,2026-01-22,700
K00312,Jorge,Torres,jorge.torres312@example.com,Guatemala,C1,7,Marketing VA,Referral,2025-12-15,2000
K00313,Camila,Rodriguez,camila.rodriguez313@example.com,Argentina,B2,3,Sales VA,LinkedIn,2025-08-05,1100
K00314,Luis,Vargas,luis.vargas314@example.com,Mexico,C1,4,Executive VA,LinkedIn,2026-07-21,1700
K00315,Andres,Santos,andres.santos315@example.com,Mexico,B2,2,Bookkeeping,Facebook Group,2025-07-02,900
K00316,Daniela,Delgado,daniela.delgado316@example.com,Colombia,C2,6,Marketing VA,LinkedIn,2025-10-28,2000
K00317,Andres,Cruz,andres.cruz317@example.com,Colombia,B1,3,Bookkeeping,Facebook Group,2025-12-24,900
K00318,Jose,Rodriguez,jose.rodriguez318@example.com,Philippines,B2,4,Sales VA,Job Board,2025-02-12,2000
K00319,Jorge,Santos,jorge.santos319@example.com,Philippines,C1,2,Marketing VA,Website,2026-01-21,1400
K00320,Luis,Gomez,luis.gomez320@example.com,Peru,B2,2,Marketing VA,LinkedIn,2026-06-07,1400
K00321,Laura,Castillo,laura.castillo321@example.com,Philippines,C1,4,Marketing VA,Job Board,2025-09-14,1400
K00322,Fernando,Vargas,fernando.vargas322@example.com,Dominican Republic,C1,6,Customer Support,Website,2025-04-27,2000
K00323,Laura,Ramirez,laura.ramirez323@example.com,Colombia,B2,3,Customer Support,LinkedIn,2025-11-11,1700
K00324,Carlos,Gomez,carlos.gomez324@example.com,Dominican Republic,B2,2,Customer Support,Facebook Group,2025-04-21,900
K00325,Valentina,Santos,valentina.santos325@example.com,Venezuela,C1,4,Bookkeeping,Referral,2025-03-01,2000
K00326,Miguel,Rojas,miguel.rojas326@example.com,Colombia,B1,2,Executive VA,LinkedIn,2025-02-02,1100
K00327,Fernando,Delgado,fernando.delgado327@example.com,Colombia,B2,7,Technical,Referral,2025-11-17,1400
K00328,Andres,Torres,andres.torres328@example.com,Peru,B2,0,Marketing VA,Job Board,2026-02-07,1400
K00329,Carlos,Flores,carlos.flores329@example.com,Colombia,B1,2,Bookkeeping,Job Board,2025-06-25,700
K00330,Angelica,Martinez,angelica.martinez330@example.com,Mexico,B2,3,Marketing VA,Facebook Group,2026-06-03,900
K00331,Juan,Cruz,juan.cruz331@example.com,Argentina,C1,2,Technical,LinkedIn,2025-07-08,1100
K00332,Ricardo,Vargas,ricardo.vargas332@example.com,Philippines,B2,3,Customer Support,LinkedIn,2026-04-11,900
K00333,Diego,Mendoza,diego.mendoza333@example.com,Philippines,C2,1,Customer Support,Referral,2026-02-09,2000
K00334,Carlos,Mendoza,carlos.mendoza334@example.com,Philippines,B1,0,Bookkeeping,Job Board,2026-01-04,2000
K00335,Ana,Torres,ana.torres335@example.com,Venezuela,B2,6,Executive VA,Referral,2026-03-12,700
K00336,Camila,Cruz,camila.cruz336@example.com,Argentina,B2,7,Executive VA,Facebook Group,2026-05-03,700
K00337,Diego,Santos,diego.santos337@example.com,Argentina,C2,6,Technical,Website,2025-06-29,1100
K00338,Laura,Rojas,laura.rojas338@example.com,Haiti,C2,7,Bookkeeping,Job Board,2025-10-13,2000
K00339,Diego,Rojas,diego.rojas339@example.com,Argentina,C1,0,Technical,Referral,2026-07-11,1100
K00340,Sofia,Martinez,sofia.martinez340@example.com,Peru,B2,1,Marketing VA,Job Board,2025-11-27,1100
K00341,Ricardo,Ramirez,ricardo.ramirez341@example.com,Colombia,C1,6,Sales VA,Website,2025-01-13,2000
K00342,Ana,Mendoza,ana.mendoza342@example.com,Colombia,B2,6,Customer Support,Facebook Group,2025-08-05,2000
K00343,Juan,Cruz,juan.cruz343@example.com,Philippines,B2,8,Executive VA,LinkedIn,2025-11-18,2000
K00344,Ana,Gomez,ana.gomez344@example.com,Venezuela,B2,6,Bookkeeping,LinkedIn,2026-06-15,1400
K00345,Sofia,Martinez,sofia.martinez345@example.com,Colombia,C2,5,Technical,Job Board,2025-12-14,900
K00346,Andres,Torres,andres.torres346@example.com,Argentina,B2,3,Customer Support,Referral,2026-04-28,700
K00347,Valentina,Flores,valentina.flores347@example.com,Peru,C1,6,Sales VA,Facebook Group,2025-04-03,1700
K00348,Sofia,Vargas,sofia.vargas348@example.com,Brazil,B2,4,Executive VA,Referral,2025-09-12,1700
K00349,Isabella,Mendoza,isabella.mendoza349@example.com,Mexico,B2,1,Sales VA,Facebook Group,2025-12-08,900
K00350,Maria,Rodriguez,maria.rodriguez350@example.com,Colombia,B2,4,Customer Support,LinkedIn,2025-05-29,1100
K00351,Miguel,Vargas,miguel.vargas351@example.com,Guatemala,C1,9,Bookkeeping,Referral,2026-03-13,1100
K00352,Fernando,Mendoza,fernando.mendoza352@example.com,Brazil,C1,3,Bookkeeping,Facebook Group,2026-04-14,900
K00353,Diego,Castillo,diego.castillo353@example.com,Colombia,B1,1,Marketing VA,Facebook Group,2025-07-15,700
K00354,Laura,Rodriguez,laura.rodriguez354@example.com,Mexico,C1,7,Customer Support,Facebook Group,2025-03-01,2000
K00355,Juan,Martinez,juan.martinez355@example.com,Colombia,C1,5,Bookkeeping,Job Board,2025-10-20,1400
K00356,Miguel,Mendoza,miguel.mendoza356@example.com,Mexico,C1,6,Bookkeeping,Referral,2026-05-27,700
K00357,Ana,Martinez,ana.martinez357@example.com,Colombia,B1,6,Customer Support,Website,2025-04-26,900
K00358,Diego,Santos,diego.santos358@example.com,Philippines,B2,0,Bookkeeping,Website,2025-09-02,1100
K00359,Laura,Cruz,laura.cruz359@example.com,Philippines,B2,0,Technical,Job Board,2026-03-25,1400
K00360,Maria,Rojas,maria.rojas360@example.com,Colombia,C1,7,Executive VA,Website,2025-09-09,1100
K00361,Carlos,Rodriguez,carlos.rodriguez361@example.com,Mexico,C1,5,Executive VA,Referral,2026-01-06,1700
K00362,Daniela,Rodriguez,daniela.rodriguez362@example.com,Argentina,C2,3,Technical,Referral,2025-06-09,1400
K00363,Andres,Gomez,andres.gomez363@example.com,Philippines,B1,2,Marketing VA,Facebook Group,2025-05-17,900
K00364,Carlos,Torres,carlos.torres364@example.com,Philippines,B1,0,Executive VA,Job Board,2025-01-25,1100
K00365,Daniela,Cruz,daniela.cruz365@example.com,Philippines,C2,1,Executive VA,Facebook Group,2025-05-26,700
K00366,Fernando,Vargas,fernando.vargas366@example.com,Philippines,C1,5,Technical,Facebook Group,2026-02-15,900
K00367,Jose,Flores,jose.flores367@example.com,Mexico,B2,4,Technical,Job Board,2025-02-09,700
K00368,Laura,Cruz,laura.cruz368@example.com,Haiti,B1,0,Executive VA,Website,2025-06-19,700
K00369,Valentina,Gomez,valentina.gomez369@example.com,Peru,C1,2,Sales VA,LinkedIn,2025-04-27,1400
K00370,Luis,Mendoza,luis.mendoza370@example.com,Argentina,C1,0,Marketing VA,Referral,2026-01-24,1700
K00371,Ana,Cruz,ana.cruz371@example.com,Argentina,C1,1,Marketing VA,Website,2026-04-19,2000
K00372,Ana,Torres,ana.torres372@example.com,Haiti,C1,1,Sales VA,Referral,2026-02-25,900
K00373,Laura,Rojas,laura.rojas373@example.com,Colombia,B1,5,Marketing VA,Facebook Group,2026-07-08,1400
K00374,Valentina,Vargas,valentina.vargas374@example.com,Colombia,B2,6,Executive VA,Website,2026-01-26,900
K00375,Carlos,Castillo,carlos.castillo375@example.com,Colombia,C1,3,Sales VA,Referral,2026-02-26,2000
K00376,Miguel,Flores,miguel.flores376@example.com,Dominican Republic,B2,3,Bookkeeping,Website,2025-05-13,1400
K00377,Camila,Flores,camila.flores377@example.com,Colombia,B2,3,Marketing VA,Website,2026-04-20,2000
K00378,Fernando,Torres,fernando.torres378@example.com,Brazil,B1,3,Executive VA,LinkedIn,2026-05-18,1400
K00379,Isabella,Santos,isabella.santos379@example.com,Mexico,B1,6,Executive VA,Referral,2025-09-14,2000
K00380,Juan,Ramirez,juan.ramirez380@example.com,Venezuela,B2,2,Customer Support,Website,2026-01-19,1700
K00381,Diego,Vargas,diego.vargas381@example.com,Mexico,B2,8,Marketing VA,Website,2025-09-19,900
K00382,Sofia,Santos,sofia.santos382@example.com,Colombia,B1,8,Customer Support,Job Board,2025-11-15,1400
K00383,Angelica,Gomez,angelica.gomez383@example.com,Colombia,B1,8,Technical,Referral,2025-07-14,900
K00384,Valentina,Castillo,valentina.castillo384@example.com,Mexico,B2,10,Executive VA,Website,2025-07-13,1400
K00385,Maria,Mendoza,maria.mendoza385@example.com,Colombia,B2,5,Bookkeeping,Website,2026-03-07,2000
K00386,Ana,Ramirez,ana.ramirez386@example.com,Mexico,C1,7,Sales VA,Job Board,2025-11-02,2000
K00387,Laura,Rojas,laura.rojas387@example.com,Philippines,C1,4,Customer Support,LinkedIn,2025-08-28,700
K00388,Paula,Castillo,paula.castillo388@example.com,Argentina,C1,5,Marketing VA,Referral,2025-12-04,1400
K00389,Miguel,Flores,miguel.flores389@example.com,Philippines,B2,4,Customer Support,Facebook Group,2026-06-30,1400
K00390,Sofia,Vargas,sofia.vargas390@example.com,Peru,B2,7,Executive VA,Job Board,2025-07-20,1100
K00391,Jorge,Cruz,jorge.cruz391@example.com,Argentina,B1,5,Customer Support,Website,2025-09-26,1400
K00392,Andres,Ramirez,andres.ramirez392@example.com,Philippines,C1,12,Executive VA,LinkedIn,2025-05-17,1700
K00393,Diego,Rodriguez,diego.rodriguez393@example.com,Colombia,B2,2,Sales VA,Referral,2025-06-20,1700
K00394,Camila,Delgado,camila.delgado394@example.com,Mexico,B2,6,Executive VA,Job Board,2026-05-11,900
K00395,Fernando,Cruz,fernando.cruz395@example.com,Colombia,C2,0,Sales VA,Facebook Group,2025-09-03,1400
K00396,Juan,Torres,juan.torres396@example.com,Philippines,B2,0,Bookkeeping,Facebook Group,2025-06-18,2000
K00397,Jorge,Martinez,jorge.martinez397@example.com,Mexico,B1,8,Customer Support,Referral,2025-06-18,1700
K00398,Miguel,Gomez,miguel.gomez398@example.com,Brazil,B2,2,Marketing VA,Referral,2026-05-04,1700
K00399,Laura,Santos,laura.santos399@example.com,Haiti,B2,4,Sales VA,LinkedIn,2025-04-11,1100
K00400,Camila,Reyes,camila.reyes400@example.com,Argentina,C1,4,Executive VA,Website,2025-12-22,700
K00401,Luis,Ramirez,luis.ramirez401@example.com,Venezuela,B2,9,Sales VA,Website,2025-06-06,2000
K00402,Jose,Rodriguez,jose.rodriguez402@example.com,Mexico,C2,3,Marketing VA,Referral,2026-05-11,1700
K00403,Daniela,Rojas,daniela.rojas403@example.com,Argentina,B1,3,Sales VA,LinkedIn,2025-01-25,1400
K00404,Ana,Martinez,ana.martinez404@example.com,Mexico,B1,5,Bookkeeping,Website,2025-05-24,1400
K00405,Diego,Torres,diego.torres405@example.com,Peru,B2,7,Bookkeeping,Website,2026-03-07,900
K00406,Andres,Cruz,andres.cruz406@example.com,Philippines,B2,5,Bookkeeping,Website,2025-07-13,1400
K00407,Ricardo,Torres,ricardo.torres407@example.com,Venezuela,C1,2,Executive VA,LinkedIn,2025-06-11,700
K00408,Fernando,Santos,fernando.santos408@example.com,Philippines,C1,6,Technical,Job Board,2026-04-05,900
K00409,Miguel,Delgado,miguel.delgado409@example.com,Argentina,C1,1,Bookkeeping,Referral,2025-06-08,2000
K00410,Fernando,Ramirez,fernando.ramirez410@example.com,Colombia,C2,2,Sales VA,Job Board,2026-03-17,1700
K00411,Ricardo,Castillo,ricardo.castillo411@example.com,Peru,C1,5,Marketing VA,Referral,2025-01-28,900
K00412,Daniela,Martinez,daniela.martinez412@example.com,Colombia,B2,2,Technical,LinkedIn,2026-01-20,700
K00413,Daniela,Torres,daniela.torres413@example.com,Philippines,C1,5,Technical,Facebook Group,2025-12-02,2000
K00414,Andres,Martinez,andres.martinez414@example.com,Venezuela,B2,6,Technical,Website,2026-06-25,700
K00415,Juan,Martinez,juan.martinez415@example.com,Brazil,C1,3,Bookkeeping,Facebook Group,2026-01-31,1400
K00416,Ricardo,Reyes,ricardo.reyes416@example.com,Philippines,C1,0,Bookkeeping,LinkedIn,2025-01-10,2000
K00417,Luis,Santos,luis.santos417@example.com,Colombia,C1,1,Technical,Website,2025-11-19,900
K00418,Fernando,Flores,fernando.flores418@example.com,Colombia,B1,4,Executive VA,Website,2025-04-26,900
K00419,Fernando,Mendoza,fernando.mendoza419@example.com,Philippines,B2,6,Executive VA,Referral,2026-02-15,900
K00420,Ricardo,Torres,ricardo.torres420@example.com,Haiti,B2,4,Marketing VA,Job Board,2025-04-22,1700
K00421,Ricardo,Reyes,ricardo.reyes421@example.com,Brazil,B1,2,Sales VA,Referral,2025-08-16,1100
K00422,Angelica,Castillo,angelica.castillo422@example.com,Argentina,C1,4,Marketing VA,Referral,2025-04-20,700
K00423,Isabella,Torres,isabella.torres423@example.com,Haiti,B2,0,Marketing VA,Job Board,2026-07-26,1700
K00424,Angelica,Santos,angelica.santos424@example.com,Philippines,B2,3,Sales VA,LinkedIn,2025-10-22,700
K00425,Jorge,Mendoza,jorge.mendoza425@example.com,Mexico,C1,1,Executive VA,Website,2026-03-18,1700
K00426,Carlos,Reyes,carlos.reyes426@example.com,Guatemala,B2,5,Bookkeeping,Facebook Group,2026-03-19,1700
K00427,Diego,Vargas,diego.vargas427@example.com,Mexico,B2,1,Technical,LinkedIn,2025-02-18,2000
K00428,Fernando,Gomez,fernando.gomez428@example.com,Mexico,C1,7,Bookkeeping,Referral,2025-06-03,1700
K00429,Juan,Rojas,juan.rojas429@example.com,Mexico,B2,4,Customer Support,Referral,2025-01-19,1100
K00430,Jorge,Ramirez,jorge.ramirez430@example.com,Philippines,C2,10,Bookkeeping,Website,2025-09-26,2000
K00431,Isabella,Cruz,isabella.cruz431@example.com,Mexico,B2,7,Marketing VA,Website,2025-08-22,1700
K00432,Luis,Mendoza,luis.mendoza432@example.com,Venezuela,B2,1,Sales VA,Referral,2026-06-03,900
K00433,Miguel,Reyes,miguel.reyes433@example.com,Argentina,C1,6,Bookkeeping,Facebook Group,2025-05-13,1400
K00434,Luis,Reyes,luis.reyes434@example.com,Philippines,B1,3,Executive VA,LinkedIn,2025-03-06,1700
K00435,Maria,Ramirez,maria.ramirez435@example.com,Argentina,C1,10,Bookkeeping,Referral,2025-03-11,1700
K00436,Valentina,Reyes,valentina.reyes436@example.com,Argentina,B2,4,Bookkeeping,Referral,2026-02-20,1400
K00437,Daniela,Rodriguez,daniela.rodriguez437@example.com,Philippines,B1,4,Marketing VA,Referral,2026-03-17,1700
K00438,Diego,Rodriguez,diego.rodriguez438@example.com,Colombia,B2,0,Bookkeeping,Facebook Group,2026-01-01,900
K00439,Carlos,Delgado,carlos.delgado439@example.com,Colombia,B1,2,Marketing VA,Job Board,2025-07-16,900
K00440,Camila,Cruz,camila.cruz440@example.com,Philippines,C2,2,Sales VA,Referral,2026-01-26,700
K00441,Miguel,Vargas,miguel.vargas441@example.com,Colombia,C1,4,Customer Support,Job Board,2025-10-08,1100
K00442,Sofia,Santos,sofia.santos442@example.com,Peru,C1,5,Bookkeeping,Facebook Group,2026-06-28,2000
K00443,Daniela,Rojas,daniela.rojas443@example.com,Mexico,B2,4,Marketing VA,Referral,2026-01-09,700
K00444,Ricardo,Santos,ricardo.santos444@example.com,Mexico,C2,0,Customer Support,Job Board,2025-12-10,1400
K00445,Luis,Reyes,luis.reyes445@example.com,Guatemala,B2,6,Executive VA,Job Board,2025-02-13,1700
K00446,Maria,Vargas,maria.vargas446@example.com,Philippines,B1,4,Customer Support,Job Board,2026-02-06,1100
K00447,Valentina,Martinez,valentina.martinez447@example.com,Argentina,B1,3,Bookkeeping,Facebook Group,2025-10-23,1100
K00448,Angelica,Castillo,angelica.castillo448@example.com,Mexico,B2,0,Executive VA,Referral,2026-01-12,700
K00449,Camila,Santos,camila.santos449@example.com,Philippines,B2,7,Bookkeeping,Referral,2025-04-02,1400
K00450,Paula,Mendoza,paula.mendoza450@example.com,Colombia,C1,5,Technical,Website,2025-12-29,1100
K00451,Juan,Torres,juan.torres451@example.com,Mexico,C1,3,Sales VA,Referral,2026-07-12,2000
K00452,Luis,Delgado,luis.delgado452@example.com,Colombia,C2,2,Bookkeeping,LinkedIn,2025-03-28,1100
K00453,Isabella,Cruz,isabella.cruz453@example.com,Colombia,B2,8,Customer Support,Referral,2025-05-17,2000
K00454,Laura,Gomez,laura.gomez454@example.com,Philippines,B2,3,Customer Support,Facebook Group,2025-10-13,700
K00455,Isabella,Vargas,isabella.vargas455@example.com,Mexico,B2,1,Customer Support,Facebook Group,2026-06-29,700
K00456,Ana,Flores,ana.flores456@example.com,Colombia,B2,4,Customer Support,Website,2026-05-19,900
K00457,Jose,Delgado,jose.delgado457@example.com,Colombia,B2,4,Customer Support,Website,2025-12-19,1700
K00458,Andres,Martinez,andres.martinez458@example.com,Philippines,B1,1,Sales VA,Referral,2026-07-18,1100
K00459,Daniela,Rodriguez,daniela.rodriguez459@example.com,Colombia,C2,8,Marketing VA,Referral,2025-06-27,1700
K00460,Isabella,Reyes,isabella.reyes460@example.com,Mexico,C1,5,Marketing VA,Facebook Group,2025-01-10,1400
K00461,Diego,Santos,diego.santos461@example.com,Mexico,C1,6,Sales VA,LinkedIn,2025-01-25,900
K00462,Jose,Vargas,jose.vargas462@example.com,Mexico,B2,6,Marketing VA,Job Board,2026-02-06,1100
K00463,Carlos,Rojas,carlos.rojas463@example.com,Philippines,C2,4,Technical,Website,2025-08-17,1100
K00464,Jorge,Rodriguez,jorge.rodriguez464@example.com,Philippines,C1,3,Bookkeeping,Facebook Group,2026-07-13,1400
K00465,Maria,Rojas,maria.rojas465@example.com,Philippines,C2,3,Sales VA,Referral,2026-02-24,1700
K00466,Camila,Gomez,camila.gomez466@example.com,Mexico,C1,0,Sales VA,LinkedIn,2025-04-17,900
K00467,Camila,Ramirez,camila.ramirez467@example.com,Guatemala,C1,3,Executive VA,LinkedIn,2026-03-21,1100
K00468,Luis,Torres,luis.torres468@example.com,Colombia,B1,2,Marketing VA,Referral,2025-01-15,2000
K00469,Valentina,Vargas,valentina.vargas469@example.com,Venezuela,B1,0,Sales VA,Referral,2025-11-23,700
K00470,Jose,Delgado,jose.delgado470@example.com,Mexico,B2,3,Marketing VA,Referral,2025-02-16,1400
K00471,Daniela,Gomez,daniela.gomez471@example.com,Colombia,B1,5,Customer Support,Referral,2025-03-16,2000
K00472,Paula,Rojas,paula.rojas472@example.com,Dominican Republic,B2,5,Marketing VA,LinkedIn,2025-11-14,2000
K00473,Laura,Rojas,laura.rojas473@example.com,Philippines,B2,0,Bookkeeping,Job Board,2025-03-08,1100
K00474,Jorge,Ramirez,jorge.ramirez474@example.com,Argentina,C1,9,Customer Support,Facebook Group,2026-06-04,900
K00475,Ana,Rojas,ana.rojas475@example.com,Mexico,B2,0,Executive VA,LinkedIn,2025-06-20,1400
K00476,Angelica,Flores,angelica.flores476@example.com,Peru,C2,7,Bookkeeping,Referral,2025-10-11,1400
K00477,Daniela,Rojas,daniela.rojas477@example.com,Dominican Republic,C1,9,Technical,Job Board,2026-02-28,1400
K00478,Valentina,Torres,valentina.torres478@example.com,Argentina,C1,6,Customer Support,Referral,2025-12-03,2000
K00479,Camila,Santos,camila.santos479@example.com,Philippines,B2,4,Sales VA,Website,2026-04-01,2000
K00480,Fernando,Rodriguez,fernando.rodriguez480@example.com,Peru,C1,3,Sales VA,LinkedIn,2025-05-06,700
K00481,Fernando,Mendoza,fernando.mendoza481@example.com,Philippines,C1,5,Bookkeeping,Job Board,2025-02-26,1100
K00482,Fernando,Reyes,fernando.reyes482@example.com,Argentina,C1,0,Technical,Website,2025-08-10,2000
K00483,Fernando,Santos,fernando.santos483@example.com,Peru,C2,8,Customer Support,Facebook Group,2025-12-28,1100
K00484,Carlos,Torres,carlos.torres484@example.com,Haiti,B2,0,Bookkeeping,Website,2025-10-24,700
K00485,Laura,Mendoza,laura.mendoza485@example.com,Venezuela,C1,6,Customer Support,Website,2025-08-24,1400
K00486,Camila,Martinez,camila.martinez486@example.com,Mexico,C1,0,Bookkeeping,LinkedIn,2025-02-24,700
K00487,Carlos,Martinez,carlos.martinez487@example.com,Colombia,C1,5,Bookkeeping,Website,2026-05-02,900
K00488,Laura,Martinez,laura.martinez488@example.com,Colombia,C2,0,Customer Support,Website,2026-01-18,2000
K00489,Paula,Ramirez,paula.ramirez489@example.com,Colombia,B2,1,Executive VA,Facebook Group,2025-09-13,1400
K00490,Fernando,Ramirez,fernando.ramirez490@example.com,Dominican Republic,B1,6,Marketing VA,Referral,2025-07-03,700
K00491,Fernando,Vargas,fernando.vargas491@example.com,Venezuela,B2,5,Bookkeeping,Job Board,2025-01-23,900
K00492,Fernando,Cruz,fernando.cruz492@example.com,Dominican Republic,C1,6,Executive VA,LinkedIn,2025-01-21,900
K00493,Daniela,Cruz,daniela.cruz493@example.com,Guatemala,B2,9,Sales VA,Website,2026-02-13,1100
K00494,Luis,Castillo,luis.castillo494@example.com,Colombia,C1,4,Marketing VA,Website,2025-02-25,2000
K00495,Jose,Delgado,jose.delgado495@example.com,Colombia,B1,8,Sales VA,Facebook Group,2025-05-24,700
K00496,Fernando,Flores,fernando.flores496@example.com,Argentina,C1,2,Marketing VA,LinkedIn,2025-07-10,700
K00497,Fernando,Mendoza,fernando.mendoza497@example.com,Philippines,C1,1,Marketing VA,Job Board,2025-02-23,1400
K00498,Laura,Delgado,laura.delgado498@example.com,Argentina,B2,5,Customer Support,Referral,2025-03-11,1100
K00499,Valentina,Rojas,valentina.rojas499@example.com,Colombia,B1,3,Sales VA,Job Board,2026-03-29,2000
K00500,Paula,Martinez,paula.martinez500@example.com,Argentina,C2,8,Bookkeeping,LinkedIn,2025-12-17,1100
K00501,Ricardo,Martinez,ricardo.martinez501@example.com,Dominican Republic,B2,2,Marketing VA,Website,2025-09-05,900
K00502,Fernando,Rojas,fernando.rojas502@example.com,Philippines,B2,5,Executive VA,LinkedIn,2026-02-28,1700
K00503,Fernando,Vargas,fernando.vargas503@example.com,Mexico,B2,8,Technical,Website,2025-10-15,1100
K00504,Andres,Ramirez,andres.ramirez504@example.com,Argentina,B1,3,Customer Support,Job Board,2025-12-29,1700
K00505,Fernando,Ramirez,fernando.ramirez505@example.com,Philippines,C1,4,Sales VA,Referral,2026-06-02,1400
K00506,Ana,Delgado,ana.delgado506@example.com,Brazil,C2,9,Sales VA,Facebook Group,2026-03-28,900
K00507,Sofia,Vargas,sofia.vargas507@example.com,Philippines,B2,9,Bookkeeping,Website,2026-06-07,900
K00508,Ana,Vargas,ana.vargas508@example.com,Philippines,B2,5,Customer Support,Job Board,2025-02-08,1100
K00509,Juan,Castillo,juan.castillo509@example.com,Philippines,C1,5,Executive VA,Facebook Group,2025-02-21,1700
K00510,Luis,Gomez,luis.gomez510@example.com,Brazil,B1,5,Customer Support,Facebook Group,2025-03-16,1100
K00511,Jose,Vargas,jose.vargas511@example.com,Colombia,B2,4,Marketing VA,Website,2026-04-20,1400
K00512,Carlos,Rojas,carlos.rojas512@example.com,Philippines,C2,3,Executive VA,Referral,2025-11-03,1700
K00513,Jorge,Cruz,jorge.cruz513@example.com,Colombia,C2,3,Marketing VA,LinkedIn,2025-09-14,1700
K00514,Jose,Santos,jose.santos514@example.com,Mexico,B1,1,Executive VA,Facebook Group,2025-07-28,900
K00515,Valentina,Santos,valentina.santos515@example.com,Colombia,B2,2,Technical,Website,2026-03-20,2000
K00516,Camila,Delgado,camila.delgado516@example.com,Mexico,B2,2,Technical,LinkedIn,2026-02-08,900
K00517,Ricardo,Torres,ricardo.torres517@example.com,Mexico,B2,8,Executive VA,LinkedIn,2026-06-20,900
K00518,Paula,Rojas,paula.rojas518@example.com,Philippines,C2,5,Marketing VA,LinkedIn,2025-02-01,1700
K00519,Andres,Mendoza,andres.mendoza519@example.com,Dominican Republic,C2,1,Marketing VA,Job Board,2025-01-27,1400
K00520,Carlos,Mendoza,carlos.mendoza520@example.com,Colombia,B2,1,Sales VA,Job Board,2026-01-17,1400
K00521,Angelica,Torres,angelica.torres521@example.com,Mexico,B1,4,Sales VA,LinkedIn,2025-09-15,1400
K00522,Miguel,Rodriguez,miguel.rodriguez522@example.com,Venezuela,B2,9,Marketing VA,Job Board,2026-05-18,700
K00523,Camila,Martinez,camila.martinez523@example.com,Philippines,B2,7,Bookkeeping,LinkedIn,2026-01-10,1400
K00524,Juan,Rojas,juan.rojas524@example.com,Peru,C2,1,Executive VA,Facebook Group,2025-03-19,1100
K00525,Isabella,Santos,isabella.santos525@example.com,Brazil,C1,4,Technical,Referral,2025-11-25,1100
K00526,Camila,Rodriguez,camila.rodriguez526@example.com,Peru,C1,0,Marketing VA,Job Board,2025-06-09,1700
K00527,Miguel,Rojas,miguel.rojas527@example.com,Mexico,B2,3,Technical,Job Board,2025-11-21,1100
K00528,Maria,Gomez,maria.gomez528@example.com,Colombia,B1,7,Bookkeeping,LinkedIn,2025-09-08,2000
K00529,Jorge,Castillo,jorge.castillo529@example.com,Peru,B2,2,Marketing VA,Job Board,2026-01-10,1700
K00530,Miguel,Ramirez,miguel.ramirez530@example.com,Guatemala,C2,6,Marketing VA,LinkedIn,2025-11-06,2000
K00531,Diego,Torres,diego.torres531@example.com,Colombia,C1,4,Customer Support,Website,2025-02-25,1100
K00532,Ricardo,Ramirez,ricardo.ramirez532@example.com,Argentina,C1,6,Executive VA,Job Board,2025-02-13,1400
K00533,Daniela,Vargas,daniela.vargas533@example.com,Colombia,C1,3,Customer Support,LinkedIn,2026-06-20,1100
K00534,Luis,Ramirez,luis.ramirez534@example.com,Mexico,B2,4,Marketing VA,Job Board,2025-12-18,1100
K00535,Paula,Santos,paula.santos535@example.com,Mexico,B2,3,Customer Support,Referral,2026-04-04,700
K00536,Maria,Torres,maria.torres536@example.com,Peru,B1,9,Executive VA,Referral,2026-04-13,1700
K00537,Camila,Flores,camila.flores537@example.com,Brazil,B1,6,Customer Support,LinkedIn,2025-11-17,700
K00538,Juan,Martinez,juan.martinez538@example.com,Peru,B1,6,Sales VA,Referral,2026-07-22,1700
K00539,Sofia,Gomez,sofia.gomez539@example.com,Philippines,B2,2,Marketing VA,Referral,2025-08-23,1700
K00540,Juan,Reyes,juan.reyes540@example.com,Peru,B2,6,Marketing VA,LinkedIn,2025-07-17,700
K00541,Paula,Cruz,paula.cruz541@example.com,Argentina,B2,6,Bookkeeping,Job Board,2025-07-15,1700
K00542,Paula,Mendoza,paula.mendoza542@example.com,Colombia,B2,5,Executive VA,Referral,2025-07-20,700
K00543,Jose,Rojas,jose.rojas543@example.com,Philippines,B2,0,Technical,Job Board,2026-07-12,1700
K00544,Isabella,Flores,isabella.flores544@example.com,Philippines,C2,4,Bookkeeping,Job Board,2025-01-07,1400
K00545,Jorge,Cruz,jorge.cruz545@example.com,Colombia,C1,9,Marketing VA,Facebook Group,2025-05-11,700
K00546,Carlos,Flores,carlos.flores546@example.com,Colombia,C1,4,Technical,LinkedIn,2025-11-05,1400
K00547,Ana,Santos,ana.santos547@example.com,Philippines,C1,6,Technical,Job Board,2025-09-24,2000
K00548,Sofia,Flores,sofia.flores548@example.com,Argentina,B2,2,Executive VA,Facebook Group,2025-11-13,900
K00549,Camila,Castillo,camila.castillo549@example.com,Brazil,B2,2,Technical,Referral,2025-10-05,1700
K00550,Laura,Mendoza,laura.mendoza550@example.com,Mexico,B1,0,Marketing VA,Website,2026-04-08,1400
K00551,Andres,Mendoza,andres.mendoza551@example.com,Philippines,B1,3,Bookkeeping,Facebook Group,2025-02-15,700
K00552,Juan,Cruz,juan.cruz552@example.com,Colombia,C1,4,Executive VA,Website,2025-11-28,700
K00553,Carlos,Torres,carlos.torres553@example.com,Brazil,C1,5,Customer Support,Website,2026-01-18,1400
K00554,Isabella,Flores,isabella.flores554@example.com,Venezuela,B2,5,Bookkeeping,Facebook Group,2025-04-07,1700
K00555,Jose,Rojas,jose.rojas555@example.com,Philippines,B2,1,Technical,Referral,2025-04-14,1100
K00556,Camila,Gomez,camila.gomez556@example.com,Colombia,B2,3,Sales VA,Website,2026-06-04,1400
K00557,Juan,Martinez,juan.martinez557@example.com,Mexico,C2,6,Executive VA,Facebook Group,2026-03-24,1400
K00558,Jose,Gomez,jose.gomez558@example.com,Brazil,C1,3,Marketing VA,Referral,2025-05-23,1700
K00559,Diego,Castillo,diego.castillo559@example.com,Philippines,C2,9,Bookkeeping,LinkedIn,2025-12-18,1700
K00560,Ricardo,Reyes,ricardo.reyes560@example.com,Colombia,B2,0,Executive VA,Website,2026-03-07,1700
K00561,Andres,Gomez,andres.gomez561@example.com,Colombia,B2,5,Sales VA,Job Board,2026-01-28,900
K00562,Andres,Rojas,andres.rojas562@example.com,Haiti,B2,1,Sales VA,Job Board,2025-06-03,700
K00563,Carlos,Rojas,carlos.rojas563@example.com,Brazil,B1,1,Executive VA,Referral,2025-06-11,1700
K00564,Laura,Delgado,laura.delgado564@example.com,Argentina,B1,6,Customer Support,Website,2025-07-26,700
K00565,Luis,Reyes,luis.reyes565@example.com,Dominican Republic,C2,1,Bookkeeping,Job Board,2026-01-02,700
K00566,Valentina,Delgado,valentina.delgado566@example.com,Philippines,C1,4,Marketing VA,LinkedIn,2025-10-23,1400
K00567,Juan,Mendoza,juan.mendoza567@example.com,Argentina,B2,1,Sales VA,LinkedIn,2025-11-07,700
K00568,Ricardo,Rojas,ricardo.rojas568@example.com,Mexico,B2,3,Sales VA,Job Board,2025-06-13,900
K00569,Miguel,Torres,miguel.torres569@example.com,Colombia,C1,7,Technical,Referral,2026-06-02,2000
K00570,Fernando,Torres,fernando.torres570@example.com,Guatemala,B2,3,Customer Support,Job Board,2025-02-21,1700
K00571,Valentina,Santos,valentina.santos571@example.com,Philippines,B2,3,Technical,Facebook Group,2026-01-19,900
K00572,Carlos,Reyes,carlos.reyes572@example.com,Peru,C1,2,Executive VA,Referral,2025-03-05,700
K00573,Ana,Martinez,ana.martinez573@example.com,Venezuela,C1,5,Bookkeeping,LinkedIn,2026-03-30,1400
K00574,Paula,Mendoza,paula.mendoza574@example.com,Venezuela,B2,0,Technical,Job Board,2025-10-05,2000
K00575,Luis,Castillo,luis.castillo575@example.com,Philippines,B2,1,Sales VA,Job Board,2025-07-24,700
K00576,Fernando,Mendoza,fernando.mendoza576@example.com,Mexico,B2,0,Sales VA,Job Board,2025-01-07,1100
K00577,Valentina,Cruz,valentina.cruz577@example.com,Colombia,C1,3,Bookkeeping,LinkedIn,2025-12-26,900
K00578,Juan,Santos,juan.santos578@example.com,Colombia,C2,3,Marketing VA,Job Board,2026-03-03,700
K00579,Jorge,Rodriguez,jorge.rodriguez579@example.com,Philippines,B2,5,Bookkeeping,Facebook Group,2026-03-25,1400
K00580,Valentina,Vargas,valentina.vargas580@example.com,Mexico,B1,8,Technical,Referral,2025-12-21,2000
K00581,Paula,Rodriguez,paula.rodriguez581@example.com,Mexico,C1,9,Technical,Job Board,2026-06-04,900
K00582,Luis,Gomez,luis.gomez582@example.com,Argentina,B2,2,Technical,Facebook Group,2025-05-21,1400
K00583,Sofia,Cruz,sofia.cruz583@example.com,Colombia,B1,0,Bookkeeping,Facebook Group,2025-10-13,1400
K00584,Andres,Castillo,andres.castillo584@example.com,Mexico,B2,5,Customer Support,Website,2025-06-05,2000
K00585,Miguel,Delgado,miguel.delgado585@example.com,Colombia,B2,5,Marketing VA,Website,2026-04-09,1700
K00586,Angelica,Mendoza,angelica.mendoza586@example.com,Philippines,B2,4,Technical,Website,2026-06-16,1100
K00587,Isabella,Reyes,isabella.reyes587@example.com,Brazil,B2,5,Executive VA,Website,2026-01-11,900
K00588,Juan,Santos,juan.santos588@example.com,Philippines,C1,0,Technical,Facebook Group,2026-03-15,2000
K00589,Fernando,Rojas,fernando.rojas589@example.com,Colombia,C1,6,Bookkeeping,Referral,2025-02-24,900
K00590,Miguel,Castillo,miguel.castillo590@example.com,Colombia,B1,7,Sales VA,Facebook Group,2025-10-24,1700
K00591,Andres,Vargas,andres.vargas591@example.com,Philippines,B1,3,Bookkeeping,Referral,2026-04-25,1100
K00592,Juan,Mendoza,juan.mendoza592@example.com,Argentina,B2,0,Marketing VA,Facebook Group,2025-10-05,900
K00593,Andres,Flores,andres.flores593@example.com,Philippines,B1,6,Executive VA,Facebook Group,2025-03-12,1100
K00594,Paula,Reyes,paula.reyes594@example.com,Mexico,B1,0,Sales VA,Facebook Group,2025-09-05,900
K00595,Jorge,Cruz,jorge.cruz595@example.com,Colombia,C1,6,Marketing VA,Job Board,2025-07-06,900
K00596,Miguel,Santos,miguel.santos596@example.com,Philippines,B2,8,Technical,LinkedIn,2025-06-06,700
K00597,Fernando,Castillo,fernando.castillo597@example.com,Venezuela,C1,4,Sales VA,Job Board,2025-03-08,900
K00598,Jorge,Gomez,jorge.gomez598@example.com,Mexico,B1,7,Executive VA,Facebook Group,2025-08-29,1700
K00599,Sofia,Rodriguez,sofia.rodriguez599@example.com,Philippines,B2,6,Marketing VA,LinkedIn,2025-08-15,1700
K00600,Valentina,Rodriguez,valentina.rodriguez600@example.com,Mexico,C2,4,Sales VA,Referral,2026-04-27,900
K00601,Valentina,Castillo,valentina.castillo601@example.com,Mexico,C1,5,Executive VA,LinkedIn,2025-02-28,2000
K00602,Carlos,Rodriguez,carlos.rodriguez602@example.com,Colombia,B1,3,Customer Support,Facebook Group,2025-07-27,2000
K00603,Miguel,Delgado,miguel.delgado603@example.com,Mexico,B2,3,Sales VA,Job Board,2025-05-30,700
K00604,Paula,Mendoza,paula.mendoza604@example.com,Colombia,C1,4,Sales VA,Facebook Group,2025-01-27,700
K00605,Camila,Rojas,camila.rojas605@example.com,Colombia,C1,3,Technical,Job Board,2025-09-19,700
K00606,Diego,Castillo,diego.castillo606@example.com,Philippines,B2,0,Marketing VA,Facebook Group,2026-02-05,2000
K00607,Maria,Cruz,maria.cruz607@example.com,Philippines,C1,10,Customer Support,LinkedIn,2026-04-29,700
K00608,Valentina,Cruz,valentina.cruz608@example.com,Philippines,C1,5,Sales VA,Job Board,2026-04-13,2000
K00609,Sofia,Martinez,sofia.martinez609@example.com,Mexico,B2,2,Customer Support,Referral,2026-04-22,700
K00610,Fernando,Castillo,fernando.castillo610@example.com,Mexico,B1,4,Bookkeeping,Website,2025-04-29,700
K00611,Juan,Gomez,juan.gomez611@example.com,Philippines,C2,0,Bookkeeping,Referral,2026-04-07,2000
K00612,Ana,Castillo,ana.castillo612@example.com,Peru,B2,5,Marketing VA,Referral,2025-12-28,1700
K00613,Ricardo,Delgado,ricardo.delgado613@example.com,Argentina,C1,3,Sales VA,Website,2025-05-10,1400
K00614,Valentina,Santos,valentina.santos614@example.com,Argentina,B2,7,Marketing VA,Job Board,2025-12-10,1700
K00615,Sofia,Mendoza,sofia.mendoza615@example.com,Mexico,C1,0,Bookkeeping,Facebook Group,2025-12-18,1100
K00616,Paula,Mendoza,paula.mendoza616@example.com,Colombia,C1,4,Bookkeeping,Website,2025-02-23,700
K00617,Ana,Martinez,ana.martinez617@example.com,Colombia,B1,3,Executive VA,Job Board,2025-02-09,1700
K00618,Laura,Mendoza,laura.mendoza618@example.com,Peru,B2,1,Technical,Referral,2025-08-23,1100
K00619,Valentina,Ramirez,valentina.ramirez619@example.com,Argentina,B2,1,Sales VA,Referral,2026-02-19,700
K00620,Angelica,Reyes,angelica.reyes620@example.com,Dominican Republic,C1,6,Bookkeeping,Job Board,2025-06-15,900
K00621,Daniela,Rodriguez,daniela.rodriguez621@example.com,Philippines,B2,2,Customer Support,Website,2025-04-28,1700
K00622,Isabella,Rojas,isabella.rojas622@example.com,Colombia,B2,5,Technical,Job Board,2025-01-24,900
K00623,Miguel,Reyes,miguel.reyes623@example.com,Philippines,C1,4,Marketing VA,LinkedIn,2025-10-06,2000
K00624,Juan,Flores,juan.flores624@example.com,Mexico,B2,4,Bookkeeping,LinkedIn,2026-07-23,700
K00625,Luis,Ramirez,luis.ramirez625@example.com,Brazil,C1,7,Customer Support,Referral,2026-02-20,1700
K00626,Miguel,Rojas,miguel.rojas626@example.com,Peru,B1,7,Bookkeeping,Website,2026-02-17,1400
K00627,Maria,Castillo,maria.castillo627@example.com,Colombia,B1,6,Executive VA,Referral,2025-07-26,1700
K00628,Fernando,Vargas,fernando.vargas628@example.com,Mexico,B1,5,Technical,Website,2025-02-26,700
K00629,Angelica,Flores,angelica.flores629@example.com,Colombia,C2,0,Technical,Facebook Group,2025-06-06,900
K00630,Luis,Torres,luis.torres630@example.com,Philippines,C1,8,Customer Support,Facebook Group,2026-03-08,1700
K00631,Paula,Santos,paula.santos631@example.com,Peru,C1,5,Marketing VA,Facebook Group,2026-04-30,2000
K00632,Fernando,Reyes,fernando.reyes632@example.com,Mexico,B2,5,Sales VA,Referral,2025-04-25,2000
K00633,Sofia,Martinez,sofia.martinez633@example.com,Brazil,B1,0,Sales VA,Website,2026-06-18,1100
K00634,Camila,Rodriguez,camila.rodriguez634@example.com,Colombia,B1,9,Bookkeeping,LinkedIn,2026-06-19,900
K00635,Isabella,Rodriguez,isabella.rodriguez635@example.com,Philippines,B1,4,Technical,LinkedIn,2026-01-19,1100
K00636,Isabella,Rodriguez,isabella.rodriguez636@example.com,Philippines,B2,2,Sales VA,Referral,2026-02-27,1100
K00637,Laura,Rodriguez,laura.rodriguez637@example.com,Haiti,C1,4,Customer Support,Facebook Group,2026-01-20,1100
K00638,Ricardo,Torres,ricardo.torres638@example.com,Colombia,B1,5,Customer Support,Facebook Group,2025-09-24,1100
K00639,Sofia,Rojas,sofia.rojas639@example.com,Peru,B2,9,Customer Support,Facebook Group,2026-02-16,1400
K00640,Ana,Mendoza,ana.mendoza640@example.com,Mexico,C2,5,Marketing VA,Referral,2026-03-03,1100
K00641,Valentina,Vargas,valentina.vargas641@example.com,Colombia,B2,4,Bookkeeping,Website,2026-03-22,1700
K00642,Ana,Rodriguez,ana.rodriguez642@example.com,Peru,C2,6,Customer Support,Referral,2026-05-01,700
K00643,Ana,Santos,ana.santos643@example.com,Philippines,C1,6,Executive VA,Facebook Group,2025-10-30,2000
K00644,Andres,Martinez,andres.martinez644@example.com,Peru,B2,2,Customer Support,Facebook Group,2025-04-28,1400
K00645,Carlos,Martinez,carlos.martinez645@example.com,Venezuela,B2,6,Marketing VA,Facebook Group,2025-01-23,900
K00646,Andres,Castillo,andres.castillo646@example.com,Brazil,C1,5,Bookkeeping,Website,2025-02-19,1100
K00647,Valentina,Gomez,valentina.gomez647@example.com,Mexico,C1,5,Sales VA,Website,2025-07-04,2000
K00648,Camila,Gomez,camila.gomez648@example.com,Philippines,B2,6,Sales VA,LinkedIn,2025-06-18,2000
K00649,Isabella,Rojas,isabella.rojas649@example.com,Philippines,B1,2,Technical,Facebook Group,2025-11-10,1400
K00650,Ana,Santos,ana.santos650@example.com,Philippines,C2,6,Bookkeeping,Facebook Group,2025-09-02,700
K00651,Luis,Santos,luis.santos651@example.com,Colombia,B2,4,Customer Support,Referral,2025-01-25,2000
K00652,Andres,Ramirez,andres.ramirez652@example.com,Philippines,B2,0,Executive VA,Referral,2025-02-04,1100
K00653,Valentina,Rojas,valentina.rojas653@example.com,Argentina,B1,9,Marketing VA,LinkedIn,2026-03-09,1700
K00654,Daniela,Gomez,daniela.gomez654@example.com,Peru,C2,3,Sales VA,Facebook Group,2026-07-02,1100
K00655,Juan,Martinez,juan.martinez655@example.com,Colombia,C1,8,Executive VA,Website,2026-02-14,1700
K00656,Miguel,Reyes,miguel.reyes656@example.com,Mexico,C1,0,Bookkeeping,Referral,2025-04-02,1700
K00657,Angelica,Castillo,angelica.castillo657@example.com,Guatemala,C1,3,Bookkeeping,Job Board,2025-05-08,900
K00658,Luis,Castillo,luis.castillo658@example.com,Argentina,C1,2,Marketing VA,Facebook Group,2026-05-09,1100
K00659,Valentina,Mendoza,valentina.mendoza659@example.com,Mexico,B2,4,Sales VA,Job Board,2025-08-16,1700
K00660,Maria,Mendoza,maria.mendoza660@example.com,Argentina,B2,3,Sales VA,Referral,2026-03-20,1100
K00661,Sofia,Santos,sofia.santos661@example.com,Brazil,C1,5,Technical,Website,2026-01-05,1700
K00662,Daniela,Flores,daniela.flores662@example.com,Argentina,B2,2,Customer Support,Referral,2025-09-25,700
K00663,Jose,Flores,jose.flores663@example.com,Mexico,B2,1,Bookkeeping,Referral,2025-12-17,1400
K00664,Daniela,Castillo,daniela.castillo664@example.com,Philippines,B2,0,Technical,Referral,2025-04-25,700
K00665,Valentina,Mendoza,valentina.mendoza665@example.com,Philippines,C1,4,Marketing VA,Referral,2025-08-08,1400
K00666,Laura,Santos,laura.santos666@example.com,Argentina,B2,0,Marketing VA,Website,2025-05-18,900
K00667,Angelica,Ramirez,angelica.ramirez667@example.com,Philippines,B2,4,Executive VA,Referral,2025-06-15,1400
K00668,Ana,Rodriguez,ana.rodriguez668@example.com,Argentina,C1,0,Technical,Referral,2025-07-11,900
K00669,Miguel,Torres,miguel.torres669@example.com,Argentina,B2,8,Technical,Website,2026-06-20,1100
K00670,Juan,Rojas,juan.rojas670@example.com,Colombia,B2,6,Executive VA,Job Board,2026-04-15,1100
K00671,Angelica,Reyes,angelica.reyes671@example.com,Philippines,B1,3,Customer Support,Website,2026-01-16,1700
K00672,Valentina,Torres,valentina.torres672@example.com,Venezuela,B2,7,Technical,LinkedIn,2026-01-22,900
K00673,Fernando,Torres,fernando.torres673@example.com,Peru,B1,2,Bookkeeping,Website,2025-10-22,1400
K00674,Daniela,Ramirez,daniela.ramirez674@example.com,Dominican Republic,B2,3,Marketing VA,Website,2025-01-22,2000
K00675,Luis,Cruz,luis.cruz675@example.com,Argentina,B2,4,Customer Support,Job Board,2025-03-08,1100
K00676,Maria,Ramirez,maria.ramirez676@example.com,Philippines,B2,5,Bookkeeping,Referral,2025-12-08,1400
K00677,Isabella,Rojas,isabella.rojas677@example.com,Venezuela,C1,2,Bookkeeping,Facebook Group,2026-05-24,1700
K00678,Valentina,Martinez,valentina.martinez678@example.com,Colombia,B2,1,Marketing VA,Website,2025-08-31,1100
K00679,Miguel,Martinez,miguel.martinez679@example.com,Haiti,B2,0,Bookkeeping,Website,2025-09-03,1100
K00680,Sofia,Santos,sofia.santos680@example.com,Philippines,B1,5,Executive VA,Website,2025-02-28,1400
K00681,Camila,Martinez,camila.martinez681@example.com,Mexico,B2,2,Bookkeeping,Job Board,2026-04-30,2000
K00682,Diego,Vargas,diego.vargas682@example.com,Peru,C1,8,Technical,Facebook Group,2026-02-17,700
K00683,Daniela,Vargas,daniela.vargas683@example.com,Mexico,C1,0,Sales VA,Job Board,2026-06-23,1400
K00684,Daniela,Santos,daniela.santos684@example.com,Philippines,B2,5,Executive VA,LinkedIn,2025-10-21,2000
K00685,Jose,Ramirez,jose.ramirez685@example.com,Philippines,C1,0,Technical,Facebook Group,2026-05-28,1400
K00686,Juan,Mendoza,juan.mendoza686@example.com,Peru,B2,4,Executive VA,Referral,2025-06-22,1100
K00687,Valentina,Cruz,valentina.cruz687@example.com,Colombia,C2,1,Bookkeeping,LinkedIn,2025-02-15,2000
K00688,Angelica,Ramirez,angelica.ramirez688@example.com,Philippines,B1,6,Customer Support,LinkedIn,2025-05-10,1700
K00689,Daniela,Cruz,daniela.cruz689@example.com,Argentina,B1,6,Customer Support,Facebook Group,2025-05-08,1100
K00690,Andres,Santos,andres.santos690@example.com,Venezuela,B1,0,Technical,Referral,2026-05-23,1100
K00691,Juan,Gomez,juan.gomez691@example.com,Philippines,B2,5,Executive VA,Referral,2025-05-24,700
K00692,Paula,Castillo,paula.castillo692@example.com,Colombia,B2,1,Customer Support,LinkedIn,2025-12-27,700
K00693,Miguel,Mendoza,miguel.mendoza693@example.com,Colombia,C1,3,Sales VA,Job Board,2025-12-06,1100
K00694,Andres,Rodriguez,andres.rodriguez694@example.com,Argentina,C1,1,Sales VA,Facebook Group,2026-03-16,700
K00695,Laura,Rojas,laura.rojas695@example.com,Mexico,C1,5,Sales VA,LinkedIn,2025-05-14,1700
K00696,Ricardo,Gomez,ricardo.gomez696@example.com,Colombia,B2,0,Marketing VA,Referral,2025-05-07,1700
K00697,Andres,Cruz,andres.cruz697@example.com,Mexico,B2,5,Marketing VA,Referral,2025-05-20,700
K00698,Isabella,Cruz,isabella.cruz698@example.com,Brazil,C1,0,Technical,Facebook Group,2026-05-21,1100
K00699,Carlos,Mendoza,carlos.mendoza699@example.com,Peru,C2,2,Marketing VA,Job Board,2025-11-13,900
K00700,Paula,Mendoza,paula.mendoza700@example.com,Peru,C1,4,Technical,Job Board,2025-03-10,2000
K00701,Andres,Vargas,andres.vargas701@example.com,Philippines,B1,4,Technical,Job Board,2026-02-17,1400
K00702,Andres,Flores,andres.flores702@example.com,Peru,C1,4,Marketing VA,Referral,2026-01-04,1700
K00703,Daniela,Ramirez,daniela.ramirez703@example.com,Guatemala,B2,5,Marketing VA,Facebook Group,2025-08-03,1700
K00704,Andres,Gomez,andres.gomez704@example.com,Colombia,C1,5,Technical,LinkedIn,2025-08-20,1400
K00705,Jorge,Reyes,jorge.reyes705@example.com,Philippines,B2,6,Executive VA,Facebook Group,2026-06-18,1700
K00706,Camila,Reyes,camila.reyes706@example.com,Mexico,B2,3,Bookkeeping,Facebook Group,2025-03-25,1100
K00707,Paula,Ramirez,paula.ramirez707@example.com,Mexico,B2,9,Marketing VA,Referral,2025-07-20,1400
K00708,Miguel,Martinez,miguel.martinez708@example.com,Argentina,B1,4,Executive VA,Referral,2026-07-14,1700
K00709,Carlos,Rojas,carlos.rojas709@example.com,Philippines,B2,6,Sales VA,Facebook Group,2025-03-24,1100
K00710,Valentina,Delgado,valentina.delgado710@example.com,Venezuela,B2,0,Customer Support,Referral,2025-04-23,1400
K00711,Andres,Vargas,andres.vargas711@example.com,Colombia,B1,4,Customer Support,LinkedIn,2025-02-01,1100
K00712,Sofia,Mendoza,sofia.mendoza712@example.com,Mexico,B2,2,Technical,Job Board,2025-10-05,2000
K00713,Jorge,Reyes,jorge.reyes713@example.com,Colombia,B2,3,Bookkeeping,Referral,2025-05-11,1100
K00714,Camila,Rodriguez,camila.rodriguez714@example.com,Philippines,B2,3,Technical,Job Board,2025-01-01,1400
K00715,Jose,Reyes,jose.reyes715@example.com,Mexico,B2,4,Marketing VA,LinkedIn,2026-07-01,1700
K00716,Carlos,Delgado,carlos.delgado716@example.com,Argentina,B2,6,Technical,LinkedIn,2025-07-18,2000
K00717,Luis,Mendoza,luis.mendoza717@example.com,Mexico,B2,4,Executive VA,Facebook Group,2025-09-12,900
K00718,Laura,Ramirez,laura.ramirez718@example.com,Philippines,B2,5,Sales VA,LinkedIn,2026-04-06,700
K00719,Camila,Rodriguez,camila.rodriguez719@example.com,Philippines,C1,1,Sales VA,Referral,2025-11-11,700
K00720,Valentina,Santos,valentina.santos720@example.com,Philippines,B2,3,Technical,LinkedIn,2025-07-07,900
K00721,Daniela,Santos,daniela.santos721@example.com,Colombia,B2,3,Marketing VA,LinkedIn,2026-05-12,1400
K00722,Ricardo,Gomez,ricardo.gomez722@example.com,Haiti,C1,1,Technical,Job Board,2026-03-27,700
K00723,Andres,Rojas,andres.rojas723@example.com,Philippines,B2,2,Technical,Website,2025-07-18,2000
K00724,Andres,Ramirez,andres.ramirez724@example.com,Philippines,B1,9,Executive VA,Referral,2025-09-13,1700
K00725,Andres,Gomez,andres.gomez725@example.com,Mexico,B1,4,Executive VA,Website,2025-03-20,1400
K00726,Paula,Torres,paula.torres726@example.com,Brazil,B1,2,Customer Support,Job Board,2026-07-16,2000
K00727,Angelica,Delgado,angelica.delgado727@example.com,Colombia,C1,4,Customer Support,Facebook Group,2025-08-02,1700
K00728,Maria,Santos,maria.santos728@example.com,Colombia,C1,2,Technical,Website,2026-01-22,900
K00729,Juan,Rodriguez,juan.rodriguez729@example.com,Philippines,B1,7,Customer Support,Facebook Group,2026-03-28,2000
K00730,Maria,Cruz,maria.cruz730@example.com,Venezuela,C2,0,Technical,Facebook Group,2026-04-08,900
K00731,Daniela,Gomez,daniela.gomez731@example.com,Mexico,C1,3,Bookkeeping,Facebook Group,2025-07-30,1400
K00732,Fernando,Torres,fernando.torres732@example.com,Brazil,B1,0,Technical,Website,2026-05-20,1400
K00733,Diego,Martinez,diego.martinez733@example.com,Argentina,C2,1,Executive VA,Facebook Group,2026-06-21,700
K00734,Diego,Reyes,diego.reyes734@example.com,Philippines,C1,3,Marketing VA,LinkedIn,2025-11-05,700
K00735,Daniela,Santos,daniela.santos735@example.com,Philippines,B2,4,Marketing VA,Facebook Group,2025-05-09,1100
K00736,Sofia,Cruz,sofia.cruz736@example.com,Venezuela,B2,6,Bookkeeping,LinkedIn,2026-06-15,700
K00737,Daniela,Torres,daniela.torres737@example.com,Colombia,B1,1,Marketing VA,Facebook Group,2025-08-10,1700
K00738,Sofia,Torres,sofia.torres738@example.com,Philippines,B2,3,Executive VA,LinkedIn,2025-11-17,900
K00739,Daniela,Torres,daniela.torres739@example.com,Colombia,B2,4,Marketing VA,Facebook Group,2025-08-12,1100
K00740,Camila,Gomez,camila.gomez740@example.com,Argentina,B1,8,Marketing VA,Referral,2025-08-12,1100
K00741,Jorge,Martinez,jorge.martinez741@example.com,Philippines,B2,6,Sales VA,LinkedIn,2026-07-22,2000
K00742,Angelica,Mendoza,angelica.mendoza742@example.com,Haiti,C1,7,Sales VA,Referral,2026-05-29,1700
K00743,Daniela,Reyes,daniela.reyes743@example.com,Haiti,C2,5,Bookkeeping,Website,2026-06-15,700
K00744,Juan,Ramirez,juan.ramirez744@example.com,Dominican Republic,C1,2,Sales VA,LinkedIn,2026-03-17,1400
K00745,Fernando,Delgado,fernando.delgado745@example.com,Argentina,B2,5,Sales VA,Website,2026-01-09,900
K00746,Diego,Martinez,diego.martinez746@example.com,Argentina,B1,4,Customer Support,LinkedIn,2025-09-05,1100
K00747,Paula,Vargas,paula.vargas747@example.com,Venezuela,C2,6,Technical,Referral,2025-08-25,1400
K00748,Daniela,Flores,daniela.flores748@example.com,Argentina,B2,1,Executive VA,Referral,2026-04-15,2000
K00749,Luis,Martinez,luis.martinez749@example.com,Philippines,B1,3,Executive VA,Referral,2026-02-21,1100
K00750,Laura,Ramirez,laura.ramirez750@example.com,Mexico,B2,3,Sales VA,Website,2026-06-16,900
K00751,Sofia,Cruz,sofia.cruz751@example.com,Venezuela,C1,7,Executive VA,Job Board,2025-12-11,1100
K00752,Laura,Rodriguez,laura.rodriguez752@example.com,Argentina,C2,4,Sales VA,Referral,2025-06-18,2000
K00753,Laura,Martinez,laura.martinez753@example.com,Argentina,B2,9,Technical,Referral,2025-07-13,1700
K00754,Valentina,Ramirez,valentina.ramirez754@example.com,Mexico,B1,0,Sales VA,Website,2025-05-28,1100
K00755,Jorge,Flores,jorge.flores755@example.com,Philippines,C1,3,Bookkeeping,LinkedIn,2026-07-17,900
K00756,Diego,Vargas,diego.vargas756@example.com,Colombia,B2,0,Sales VA,Facebook Group,2025-02-21,1700
K00757,Maria,Delgado,maria.delgado757@example.com,Philippines,B2,6,Bookkeeping,LinkedIn,2025-09-18,1100
K00758,Diego,Flores,diego.flores758@example.com,Philippines,C1,3,Technical,Job Board,2025-10-21,1700
K00759,Juan,Santos,juan.santos759@example.com,Argentina,B2,1,Technical,Referral,2025-06-21,1400
K00760,Andres,Rojas,andres.rojas760@example.com,Philippines,C1,4,Executive VA,Facebook Group,2025-09-17,1700
K00761,Sofia,Martinez,sofia.martinez761@example.com,Mexico,B2,5,Customer Support,Job Board,2025-06-15,700
K00762,Valentina,Vargas,valentina.vargas762@example.com,Colombia,B2,7,Technical,Referral,2026-05-16,1700
K00763,Ana,Torres,ana.torres763@example.com,Brazil,C1,1,Customer Support,Job Board,2025-03-06,900
K00764,Isabella,Gomez,isabella.gomez764@example.com,Peru,B2,5,Executive VA,Job Board,2026-02-10,2000
K00765,Daniela,Flores,daniela.flores765@example.com,Philippines,B1,5,Marketing VA,Job Board,2026-06-19,1100
K00766,Maria,Rodriguez,maria.rodriguez766@example.com,Brazil,B2,2,Technical,Referral,2026-02-10,700
K00767,Ana,Flores,ana.flores767@example.com,Philippines,C2,0,Sales VA,Referral,2025-12-28,2000
K00768,Diego,Rojas,diego.rojas768@example.com,Philippines,B2,6,Marketing VA,LinkedIn,2026-03-29,700
K00769,Andres,Castillo,andres.castillo769@example.com,Argentina,C1,9,Customer Support,LinkedIn,2026-01-19,700
K00770,Carlos,Rodriguez,carlos.rodriguez770@example.com,Mexico,C1,3,Technical,Website,2026-03-12,700
K00771,Fernando,Santos,fernando.santos771@example.com,Dominican Republic,C1,8,Technical,Referral,2025-04-10,700
K00772,Valentina,Castillo,valentina.castillo772@example.com,Peru,B2,2,Technical,Job Board,2025-08-24,1400
K00773,Luis,Cruz,luis.cruz773@example.com,Colombia,B2,4,Customer Support,Website,2026-01-08,1400
K00774,Camila,Flores,camila.flores774@example.com,Mexico,C1,6,Marketing VA,Facebook Group,2025-10-14,2000
K00775,Juan,Santos,juan.santos775@example.com,Haiti,B2,7,Executive VA,Referral,2026-07-23,1100
K00776,Fernando,Rojas,fernando.rojas776@example.com,Philippines,C1,4,Marketing VA,LinkedIn,2025-09-24,1100
K00777,Carlos,Martinez,carlos.martinez777@example.com,Brazil,C1,4,Customer Support,Facebook Group,2025-05-16,1400
K00778,Juan,Martinez,juan.martinez778@example.com,Colombia,C1,0,Customer Support,Facebook Group,2026-03-29,1400
K00779,Maria,Ramirez,maria.ramirez779@example.com,Colombia,B1,1,Technical,Referral,2026-07-01,900
K00780,Andres,Rodriguez,andres.rodriguez780@example.com,Mexico,B1,2,Executive VA,LinkedIn,2026-07-10,1100
K00781,Andres,Martinez,andres.martinez781@example.com,Philippines,C1,7,Executive VA,LinkedIn,2025-10-01,1100
K00782,Fernando,Gomez,fernando.gomez782@example.com,Philippines,C1,1,Sales VA,Job Board,2026-06-21,1400
K00783,Daniela,Mendoza,daniela.mendoza783@example.com,Venezuela,B2,4,Customer Support,Facebook Group,2025-09-07,1700
K00784,Fernando,Castillo,fernando.castillo784@example.com,Colombia,B2,5,Bookkeeping,LinkedIn,2025-07-31,2000
K00785,Sofia,Torres,sofia.torres785@example.com,Mexico,C1,1,Bookkeeping,Job Board,2025-07-18,2000
K00786,Isabella,Santos,isabella.santos786@example.com,Colombia,C1,1,Bookkeeping,Website,2025-01-22,1100
K00787,Juan,Martinez,juan.martinez787@example.com,Philippines,B1,4,Sales VA,Job Board,2025-07-01,1700
K00788,Laura,Vargas,laura.vargas788@example.com,Colombia,C1,5,Bookkeeping,LinkedIn,2026-04-12,900
K00789,Miguel,Castillo,miguel.castillo789@example.com,Colombia,B2,1,Sales VA,Facebook Group,2025-04-10,700
K00790,Jorge,Rodriguez,jorge.rodriguez790@example.com,Brazil,B2,0,Bookkeeping,Referral,2025-06-22,700
K00791,Juan,Rodriguez,juan.rodriguez791@example.com,Philippines,C1,2,Executive VA,Job Board,2025-03-28,1100
K00792,Jorge,Ramirez,jorge.ramirez792@example.com,Philippines,B2,5,Marketing VA,Referral,2025-11-07,1400
K00793,Daniela,Santos,daniela.santos793@example.com,Colombia,B1,3,Sales VA,Job Board,2025-10-01,700
K00794,Luis,Rojas,luis.rojas794@example.com,Mexico,B2,3,Customer Support,Job Board,2025-01-19,1700
K00795,Jose,Ramirez,jose.ramirez795@example.com,Colombia,B2,4,Marketing VA,Job Board,2025-02-19,2000
K00796,Miguel,Flores,miguel.flores796@example.com,Colombia,B2,0,Bookkeeping,Job Board,2025-06-18,700
K00797,Andres,Flores,andres.flores797@example.com,Brazil,C1,3,Sales VA,Website,2026-03-21,900
K00798,Juan,Delgado,juan.delgado798@example.com,Colombia,C1,1,Marketing VA,Job Board,2025-10-29,900
K00799,Maria,Flores,maria.flores799@example.com,Philippines,B2,2,Technical,Referral,2025-07-25,1400
K00800,Ana,Mendoza,ana.mendoza800@example.com,Colombia,C1,6,Sales VA,Referral,2025-03-09,1700
K00801,Miguel,Flores,miguel.flores801@example.com,Dominican Republic,B2,3,Customer Support,Website,2025-09-23,2000
K00802,Valentina,Reyes,valentina.reyes802@example.com,Philippines,B2,6,Technical,Website,2025-03-30,700
K00803,Valentina,Rodriguez,valentina.rodriguez803@example.com,Haiti,B2,3,Executive VA,Website,2026-07-25,1700
K00804,Jorge,Vargas,jorge.vargas804@example.com,Argentina,C1,4,Executive VA,Referral,2026-01-13,1400
K00805,Ana,Delgado,ana.delgado805@example.com,Philippines,C1,1,Executive VA,Job Board,2025-07-06,1100
K00806,Miguel,Vargas,miguel.vargas806@example.com,Philippines,B2,5,Technical,Referral,2025-12-26,2000
K00807,Maria,Delgado,maria.delgado807@example.com,Dominican Republic,C1,4,Executive VA,Facebook Group,2026-05-31,1100
K00808,Ricardo,Vargas,ricardo.vargas808@example.com,Peru,B2,4,Marketing VA,Website,2025-01-02,1400
K00809,Paula,Castillo,paula.castillo809@example.com,Philippines,B2,6,Bookkeeping,Job Board,2025-04-20,700
K00810,Carlos,Reyes,carlos.reyes810@example.com,Colombia,C1,3,Technical,LinkedIn,2025-11-14,900
K00811,Diego,Ramirez,diego.ramirez811@example.com,Argentina,C1,0,Sales VA,Referral,2025-01-01,700
K00812,Valentina,Rojas,valentina.rojas812@example.com,Guatemala,C1,0,Sales VA,Facebook Group,2026-06-30,1400
K00813,Paula,Castillo,paula.castillo813@example.com,Dominican Republic,B2,0,Customer Support,Job Board,2026-02-24,1400
K00814,Diego,Vargas,diego.vargas814@example.com,Peru,B2,6,Sales VA,Website,2025-06-03,900
K00815,Ana,Vargas,ana.vargas815@example.com,Brazil,B2,6,Customer Support,Facebook Group,2025-09-13,1400
K00816,Jose,Torres,jose.torres816@example.com,Dominican Republic,B2,6,Marketing VA,Facebook Group,2026-06-19,1700
K00817,Miguel,Torres,miguel.torres817@example.com,Argentina,B2,6,Technical,Referral,2025-08-05,1700
K00818,Diego,Gomez,diego.gomez818@example.com,Guatemala,B1,3,Marketing VA,LinkedIn,2025-03-19,700
K00819,Laura,Flores,laura.flores819@example.com,Mexico,C1,1,Bookkeeping,LinkedIn,2025-11-17,900
K00820,Paula,Mendoza,paula.mendoza820@example.com,Dominican Republic,B1,3,Customer Support,Facebook Group,2026-04-20,700
K00821,Jorge,Santos,jorge.santos821@example.com,Dominican Republic,B1,4,Bookkeeping,LinkedIn,2025-08-21,1100
K00822,Ricardo,Flores,ricardo.flores822@example.com,Venezuela,B2,1,Marketing VA,Facebook Group,2025-03-06,700
K00823,Fernando,Rojas,fernando.rojas823@example.com,Colombia,C1,6,Bookkeeping,Referral,2025-03-04,700
K00824,Paula,Vargas,paula.vargas824@example.com,Philippines,C1,9,Sales VA,LinkedIn,2025-09-14,1100
K00825,Luis,Mendoza,luis.mendoza825@example.com,Colombia,C2,8,Executive VA,Facebook Group,2026-01-08,2000
K00826,Diego,Rodriguez,diego.rodriguez826@example.com,Philippines,B2,5,Technical,Referral,2026-07-12,1400
K00827,Jorge,Delgado,jorge.delgado827@example.com,Mexico,B2,4,Technical,Referral,2025-08-18,2000
K00828,Andres,Mendoza,andres.mendoza828@example.com,Colombia,B2,0,Marketing VA,LinkedIn,2025-05-25,900
K00829,Laura,Mendoza,laura.mendoza829@example.com,Mexico,B2,3,Customer Support,LinkedIn,2025-05-09,2000
K00830,Angelica,Cruz,angelica.cruz830@example.com,Philippines,B1,3,Technical,Website,2025-07-19,700
K00831,Andres,Cruz,andres.cruz831@example.com,Colombia,B1,3,Customer Support,LinkedIn,2026-01-13,700
K00832,Camila,Ramirez,camila.ramirez832@example.com,Philippines,B2,0,Marketing VA,Referral,2025-11-02,1700
K00833,Ana,Santos,ana.santos833@example.com,Colombia,C1,2,Bookkeeping,Website,2025-01-17,1400
K00834,Isabella,Mendoza,isabella.mendoza834@example.com,Argentina,C2,7,Bookkeeping,Job Board,2026-07-05,1100
K00835,Diego,Rojas,diego.rojas835@example.com,Mexico,C1,8,Customer Support,Website,2025-05-24,1400
K00836,Valentina,Delgado,valentina.delgado836@example.com,Guatemala,B2,5,Executive VA,Facebook Group,2025-02-07,700
K00837,Paula,Flores,paula.flores837@example.com,Venezuela,B2,0,Executive VA,Job Board,2025-09-22,1700
K00838,Andres,Delgado,andres.delgado838@example.com,Argentina,B2,2,Marketing VA,Facebook Group,2025-05-09,2000
K00839,Juan,Castillo,juan.castillo839@example.com,Colombia,C1,1,Customer Support,LinkedIn,2026-03-04,1700
K00840,Jorge,Delgado,jorge.delgado840@example.com,Venezuela,C2,0,Bookkeeping,Referral,2025-01-12,1400
K00841,Paula,Flores,paula.flores841@example.com,Venezuela,C1,7,Marketing VA,Facebook Group,2025-11-18,1400
K00842,Andres,Mendoza,andres.mendoza842@example.com,Mexico,B1,2,Executive VA,LinkedIn,2026-03-13,700
K00843,Angelica,Martinez,angelica.martinez843@example.com,Peru,B1,2,Technical,Website,2026-04-25,700
K00844,Camila,Torres,camila.torres844@example.com,Dominican Republic,B2,2,Sales VA,Facebook Group,2025-06-16,2000
K00845,Paula,Ramirez,paula.ramirez845@example.com,Philippines,B1,6,Technical,Website,2026-02-02,2000
K00846,Carlos,Torres,carlos.torres846@example.com,Philippines,B2,2,Customer Support,Facebook Group,2025-08-10,900
K00847,Isabella,Martinez,isabella.martinez847@example.com,Philippines,B1,3,Executive VA,Referral,2026-02-14,2000
K00848,Luis,Rodriguez,luis.rodriguez848@example.com,Brazil,B1,5,Technical,Job Board,2025-04-22,2000
K00849,Juan,Torres,juan.torres849@example.com,Colombia,B2,4,Technical,Website,2025-10-16,2000
K00850,Maria,Rodriguez,maria.rodriguez850@example.com,Venezuela,C2,4,Technical,Website,2025-05-23,900
K00851,Andres,Castillo,andres.castillo851@example.com,Colombia,B2,2,Marketing VA,Facebook Group,2025-08-11,1400
K00852,Ricardo,Torres,ricardo.torres852@example.com,Philippines,B2,0,Technical,Referral,2025-03-03,1100
K00853,Luis,Delgado,luis.delgado853@example.com,Argentina,C1,6,Bookkeeping,LinkedIn,2025-11-19,700
K00854,Luis,Cruz,luis.cruz854@example.com,Mexico,C1,11,Customer Support,Website,2025-01-07,900
K00855,Ana,Rodriguez,ana.rodriguez855@example.com,Haiti,B1,6,Executive VA,Referral,2025-06-24,700
K00856,Miguel,Rojas,miguel.rojas856@example.com,Colombia,C1,6,Customer Support,Job Board,2026-07-20,2000
K00857,Paula,Castillo,paula.castillo857@example.com,Argentina,B2,6,Executive VA,Website,2025-10-08,900
K00858,Sofia,Rodriguez,sofia.rodriguez858@example.com,Colombia,C1,5,Customer Support,Website,2025-09-13,1700
K00859,Carlos,Santos,carlos.santos859@example.com,Dominican Republic,C2,3,Sales VA,Job Board,2025-06-20,1100
K00860,Maria,Rodriguez,maria.rodriguez860@example.com,Colombia,B2,7,Executive VA,Job Board,2026-04-04,900
K00861,Andres,Rodriguez,andres.rodriguez861@example.com,Brazil,C1,6,Sales VA,Job Board,2025-04-29,900
K00862,Laura,Vargas,laura.vargas862@example.com,Colombia,C1,3,Bookkeeping,Referral,2026-02-15,1100
K00863,Jorge,Torres,jorge.torres863@example.com,Argentina,C1,5,Bookkeeping,LinkedIn,2026-05-20,2000
K00864,Sofia,Martinez,sofia.martinez864@example.com,Mexico,B2,7,Customer Support,Website,2025-07-04,1400
K00865,Juan,Gomez,juan.gomez865@example.com,Haiti,B2,1,Executive VA,Referral,2026-06-02,1100
K00866,Miguel,Castillo,miguel.castillo866@example.com,Peru,C1,4,Technical,LinkedIn,2025-10-28,1400
K00867,Juan,Vargas,juan.vargas867@example.com,Colombia,B1,6,Bookkeeping,Website,2025-10-04,1100
K00868,Jose,Cruz,jose.cruz868@example.com,Philippines,C1,1,Executive VA,Website,2026-06-04,700
K00869,Paula,Delgado,paula.delgado869@example.com,Peru,C1,0,Bookkeeping,Facebook Group,2026-05-17,1400
K00870,Andres,Rojas,andres.rojas870@example.com,Argentina,B1,5,Customer Support,Referral,2025-10-08,2000
K00871,Ricardo,Santos,ricardo.santos871@example.com,Philippines,C2,2,Customer Support,Website,2025-12-05,1100
K00872,Sofia,Santos,sofia.santos872@example.com,Colombia,C2,6,Bookkeeping,LinkedIn,2025-06-09,700
K00873,Diego,Castillo,diego.castillo873@example.com,Mexico,B1,5,Marketing VA,Referral,2025-02-08,1400
K00874,Angelica,Cruz,angelica.cruz874@example.com,Argentina,B2,4,Marketing VA,LinkedIn,2025-05-08,700
K00875,Jose,Cruz,jose.cruz875@example.com,Argentina,B2,8,Customer Support,LinkedIn,2025-02-08,1400
K00876,Valentina,Rojas,valentina.rojas876@example.com,Haiti,C1,4,Customer Support,Job Board,2026-06-11,1400
K00877,Jorge,Cruz,jorge.cruz877@example.com,Guatemala,C1,6,Marketing VA,Website,2025-08-28,700
K00878,Andres,Flores,andres.flores878@example.com,Philippines,B2,0,Bookkeeping,Referral,2026-05-01,2000
K00879,Angelica,Flores,angelica.flores879@example.com,Peru,B2,4,Bookkeeping,Website,2026-07-23,1400
K00880,Valentina,Vargas,valentina.vargas880@example.com,Philippines,B1,5,Sales VA,Referral,2025-07-20,700
K00881,Luis,Rodriguez,luis.rodriguez881@example.com,Mexico,C1,5,Sales VA,Website,2025-01-05,700
K00882,Jose,Delgado,jose.delgado882@example.com,Argentina,B1,5,Executive VA,LinkedIn,2026-06-27,1400
K00883,Andres,Rodriguez,andres.rodriguez883@example.com,Philippines,C1,4,Sales VA,Job Board,2026-03-02,1700
K00884,Ana,Torres,ana.torres884@example.com,Dominican Republic,C2,8,Customer Support,Referral,2025-10-08,2000
K00885,Paula,Gomez,paula.gomez885@example.com,Venezuela,B1,3,Marketing VA,Facebook Group,2025-11-23,900
K00886,Miguel,Delgado,miguel.delgado886@example.com,Mexico,B2,3,Customer Support,LinkedIn,2025-10-11,900
K00887,Valentina,Vargas,valentina.vargas887@example.com,Colombia,C1,4,Sales VA,LinkedIn,2026-03-20,1400
K00888,Ricardo,Rojas,ricardo.rojas888@example.com,Colombia,B1,0,Executive VA,Website,2025-08-31,700
K00889,Andres,Mendoza,andres.mendoza889@example.com,Mexico,C1,6,Executive VA,Job Board,2026-07-18,900
K00890,Miguel,Santos,miguel.santos890@example.com,Colombia,C2,8,Executive VA,Facebook Group,2025-09-26,1700
K00891,Sofia,Martinez,sofia.martinez891@example.com,Colombia,B1,6,Bookkeeping,Job Board,2025-11-02,1400
K00892,Diego,Gomez,diego.gomez892@example.com,Colombia,C1,10,Marketing VA,LinkedIn,2026-03-15,1100
K00893,Miguel,Mendoza,miguel.mendoza893@example.com,Colombia,B1,3,Technical,Job Board,2026-01-16,1700
K00894,Fernando,Rojas,fernando.rojas894@example.com,Colombia,C2,4,Customer Support,Job Board,2026-05-29,900
K00895,Jose,Reyes,jose.reyes895@example.com,Brazil,B1,4,Customer Support,Facebook Group,2025-05-25,1100
K00896,Laura,Ramirez,laura.ramirez896@example.com,Mexico,B2,5,Sales VA,Website,2026-05-15,1700
K00897,Miguel,Flores,miguel.flores897@example.com,Dominican Republic,B1,4,Bookkeeping,Job Board,2026-03-09,1100
K00898,Valentina,Gomez,valentina.gomez898@example.com,Haiti,B2,1,Sales VA,Referral,2026-07-19,700
K00899,Angelica,Cruz,angelica.cruz899@example.com,Argentina,B2,2,Executive VA,Job Board,2026-02-03,1700
K00900,Ana,Rojas,ana.rojas900@example.com,Argentina,B2,3,Bookkeeping,LinkedIn,2025-11-30,2000
K00901,Fernando,Castillo,fernando.castillo901@example.com,Argentina,B2,6,Marketing VA,Referral,2026-01-23,2000
K00902,Miguel,Castillo,miguel.castillo902@example.com,Mexico,C2,3,Marketing VA,Job Board,2025-10-13,1100
K00903,Laura,Torres,laura.torres903@example.com,Philippines,C2,6,Bookkeeping,LinkedIn,2025-03-20,900
K00904,Daniela,Martinez,daniela.martinez904@example.com,Philippines,C1,0,Sales VA,Job Board,2026-01-03,1700
K00905,Carlos,Torres,carlos.torres905@example.com,Colombia,C1,4,Bookkeeping,Facebook Group,2025-11-02,1100
K00906,Isabella,Martinez,isabella.martinez906@example.com,Philippines,B2,8,Technical,Website,2025-12-25,1400
K00907,Ricardo,Ramirez,ricardo.ramirez907@example.com,Colombia,B2,3,Customer Support,Website,2025-03-08,1400
K00908,Paula,Vargas,paula.vargas908@example.com,Mexico,B2,5,Customer Support,Website,2025-11-10,1400
K00909,Carlos,Torres,carlos.torres909@example.com,Mexico,B2,9,Customer Support,Job Board,2025-07-23,1700
K00910,Isabella,Delgado,isabella.delgado910@example.com,Philippines,B1,7,Sales VA,LinkedIn,2025-02-04,700
K00911,Angelica,Reyes,angelica.reyes911@example.com,Mexico,B2,8,Executive VA,Website,2026-03-04,700
K00912,Paula,Martinez,paula.martinez912@example.com,Philippines,B2,3,Marketing VA,LinkedIn,2025-04-06,1400
K00913,Andres,Castillo,andres.castillo913@example.com,Philippines,C2,11,Bookkeeping,LinkedIn,2026-05-11,700
K00914,Carlos,Castillo,carlos.castillo914@example.com,Colombia,B2,1,Executive VA,Referral,2026-01-01,1100
K00915,Paula,Castillo,paula.castillo915@example.com,Philippines,C1,3,Sales VA,Facebook Group,2026-04-02,1700
K00916,Carlos,Santos,carlos.santos916@example.com,Philippines,B2,8,Bookkeeping,Job Board,2025-05-10,2000
K00917,Diego,Torres,diego.torres917@example.com,Colombia,C1,6,Bookkeeping,Referral,2026-02-02,1100
K00918,Diego,Gomez,diego.gomez918@example.com,Brazil,B2,5,Marketing VA,Job Board,2026-05-15,700
K00919,Jorge,Vargas,jorge.vargas919@example.com,Dominican Republic,C1,4,Bookkeeping,Facebook Group,2026-07-17,1100
K00920,Miguel,Reyes,miguel.reyes920@example.com,Brazil,B1,3,Bookkeeping,Job Board,2025-12-22,1400
K00921,Fernando,Santos,fernando.santos921@example.com,Argentina,B1,9,Technical,Referral,2026-06-17,700
K00922,Daniela,Vargas,daniela.vargas922@example.com,Venezuela,C1,3,Bookkeeping,Job Board,2025-04-13,1400
K00923,Camila,Vargas,camila.vargas923@example.com,Philippines,C1,7,Bookkeeping,Facebook Group,2025-01-04,2000
K00924,Angelica,Martinez,angelica.martinez924@example.com,Argentina,C1,4,Customer Support,Facebook Group,2026-04-06,2000
K00925,Sofia,Mendoza,sofia.mendoza925@example.com,Mexico,B1,3,Customer Support,Facebook Group,2025-01-06,1400
K00926,Isabella,Santos,isabella.santos926@example.com,Venezuela,B2,7,Customer Support,Facebook Group,2026-03-08,1100
K00927,Daniela,Castillo,daniela.castillo927@example.com,Colombia,C2,4,Sales VA,Referral,2026-04-03,700
K00928,Miguel,Ramirez,miguel.ramirez928@example.com,Mexico,B1,5,Sales VA,Website,2026-07-06,1700
K00929,Angelica,Martinez,angelica.martinez929@example.com,Philippines,C2,7,Bookkeeping,Referral,2025-12-13,1400
K00930,Angelica,Reyes,angelica.reyes930@example.com,Peru,B2,1,Executive VA,Website,2026-04-13,900
K00931,Sofia,Santos,sofia.santos931@example.com,Philippines,B2,2,Bookkeeping,Facebook Group,2025-09-10,700
K00932,Jorge,Reyes,jorge.reyes932@example.com,Philippines,C1,2,Bookkeeping,Facebook Group,2026-06-30,1100
K00933,Carlos,Cruz,carlos.cruz933@example.com,Colombia,B1,2,Bookkeeping,Job Board,2026-01-12,900
K00934,Carlos,Torres,carlos.torres934@example.com,Brazil,C2,6,Marketing VA,Job Board,2025-02-04,2000
K00935,Jorge,Rojas,jorge.rojas935@example.com,Colombia,C1,6,Technical,Facebook Group,2025-01-31,2000
K00936,Juan,Cruz,juan.cruz936@example.com,Philippines,B2,2,Customer Support,Website,2025-09-28,1700
K00937,Paula,Gomez,paula.gomez937@example.com,Colombia,B2,8,Customer Support,Job Board,2025-05-30,700
K00938,Maria,Castillo,maria.castillo938@example.com,Argentina,B2,5,Sales VA,Website,2025-01-18,1700
K00939,Daniela,Reyes,daniela.reyes939@example.com,Peru,C1,1,Technical,Referral,2026-06-15,1100
K00940,Sofia,Mendoza,sofia.mendoza940@example.com,Haiti,B2,6,Technical,LinkedIn,2026-02-09,700
K00941,Luis,Torres,luis.torres941@example.com,Philippines,B1,9,Marketing VA,LinkedIn,2025-07-19,1700
K00942,Jorge,Rodriguez,jorge.rodriguez942@example.com,Peru,C1,10,Customer Support,LinkedIn,2025-08-24,900
K00943,Camila,Vargas,camila.vargas943@example.com,Colombia,C1,5,Executive VA,Job Board,2025-05-18,2000
K00944,Juan,Rojas,juan.rojas944@example.com,Mexico,B1,0,Technical,LinkedIn,2025-04-26,900
K00945,Maria,Rodriguez,maria.rodriguez945@example.com,Philippines,C2,3,Marketing VA,Referral,2025-07-20,700
K00946,Carlos,Castillo,carlos.castillo946@example.com,Brazil,C1,2,Customer Support,Referral,2025-09-27,1100
K00947,Andres,Delgado,andres.delgado947@example.com,Peru,C1,5,Technical,LinkedIn,2026-05-31,900
K00948,Camila,Cruz,camila.cruz948@example.com,Mexico,B2,2,Customer Support,LinkedIn,2025-07-02,2000
K00949,Ricardo,Vargas,ricardo.vargas949@example.com,Venezuela,C2,6,Marketing VA,Website,2025-01-30,2000
K00950,Ricardo,Santos,ricardo.santos950@example.com,Argentina,B1,0,Marketing VA,Website,2025-08-22,700
K00951,Diego,Castillo,diego.castillo951@example.com,Venezuela,B2,0,Bookkeeping,Facebook Group,2026-02-13,2000
K00952,Miguel,Santos,miguel.santos952@example.com,Venezuela,B2,5,Customer Support,Facebook Group,2025-10-05,1700
K00953,Isabella,Cruz,isabella.cruz953@example.com,Mexico,B2,1,Marketing VA,LinkedIn,2026-02-11,1400
K00954,Isabella,Delgado,isabella.delgado954@example.com,Mexico,B2,6,Sales VA,Website,2026-05-12,1400
K00955,Fernando,Castillo,fernando.castillo955@example.com,Mexico,B2,9,Sales VA,Website,2026-03-26,900
K00956,Valentina,Santos,valentina.santos956@example.com,Argentina,C2,0,Sales VA,Job Board,2026-01-29,1100
K00957,Ana,Cruz,ana.cruz957@example.com,Mexico,C1,1,Technical,Job Board,2025-02-08,1100
K00958,Sofia,Rodriguez,sofia.rodriguez958@example.com,Colombia,B1,3,Sales VA,LinkedIn,2025-10-11,900
K00959,Jose,Vargas,jose.vargas959@example.com,Venezuela,B2,5,Marketing VA,LinkedIn,2026-06-09,700
K00960,Isabella,Ramirez,isabella.ramirez960@example.com,Mexico,B2,2,Executive VA,Facebook Group,2025-10-27,2000
K00961,Laura,Vargas,laura.vargas961@example.com,Mexico,B2,4,Technical,Referral,2025-09-12,1700
K00962,Fernando,Rojas,fernando.rojas962@example.com,Mexico,B2,4,Technical,Job Board,2025-03-02,1100
K00963,Maria,Martinez,maria.martinez963@example.com,Philippines,B1,6,Technical,Job Board,2025-08-05,1700
K00964,Sofia,Flores,sofia.flores964@example.com,Colombia,B2,3,Bookkeeping,Job Board,2025-01-21,1100
K00965,Angelica,Torres,angelica.torres965@example.com,Colombia,C1,3,Technical,Referral,2025-07-17,2000
K00966,Maria,Reyes,maria.reyes966@example.com,Colombia,C1,3,Sales VA,Facebook Group,2026-04-14,1100
K00967,Andres,Rodriguez,andres.rodriguez967@example.com,Colombia,B2,1,Customer Support,Facebook Group,2025-03-12,1400
K00968,Luis,Vargas,luis.vargas968@example.com,Colombia,B1,5,Sales VA,Facebook Group,2025-10-31,1400
K00969,Miguel,Torres,miguel.torres969@example.com,Mexico,B1,5,Sales VA,Website,2025-01-03,2000
K00970,Angelica,Mendoza,angelica.mendoza970@example.com,Peru,B2,5,Customer Support,Job Board,2026-03-07,900
K00971,Diego,Delgado,diego.delgado971@example.com,Venezuela,B2,4,Executive VA,Facebook Group,2025-04-12,1400
K00972,Paula,Rodriguez,paula.rodriguez972@example.com,Colombia,C2,5,Marketing VA,Referral,2026-07-05,1400
K00973,Daniela,Vargas,daniela.vargas973@example.com,Venezuela,B2,4,Sales VA,Job Board,2025-06-16,1700
K00974,Carlos,Santos,carlos.santos974@example.com,Mexico,B1,6,Sales VA,Website,2025-11-11,1400
K00975,Andres,Rojas,andres.rojas975@example.com,Guatemala,B2,4,Bookkeeping,LinkedIn,2025-11-09,1400
K00976,Angelica,Ramirez,angelica.ramirez976@example.com,Dominican Republic,C1,7,Marketing VA,Website,2025-01-18,1700
K00977,Ana,Delgado,ana.delgado977@example.com,Colombia,B2,2,Executive VA,LinkedIn,2025-11-11,1700
K00978,Fernando,Cruz,fernando.cruz978@example.com,Colombia,B2,2,Bookkeeping,Facebook Group,2025-08-02,900
K00979,Laura,Castillo,laura.castillo979@example.com,Colombia,B2,3,Sales VA,Job Board,2025-03-15,1400
K00980,Fernando,Flores,fernando.flores980@example.com,Philippines,C1,4,Customer Support,Facebook Group,2026-04-10,700
K00981,Jose,Ramirez,jose.ramirez981@example.com,Argentina,B1,4,Sales VA,Referral,2025-12-06,1700
K00982,Fernando,Rodriguez,fernando.rodriguez982@example.com,Colombia,C2,11,Customer Support,Referral,2025-07-30,1400
K00983,Laura,Rodriguez,laura.rodriguez983@example.com,Philippines,B2,6,Executive VA,Facebook Group,2025-05-26,900
K00984,Diego,Delgado,diego.delgado984@example.com,Colombia,C1,2,Executive VA,LinkedIn,2026-06-05,1700
K00985,Ana,Vargas,ana.vargas985@example.com,Mexico,C2,5,Bookkeeping,Website,2026-07-07,2000
K00986,Ana,Mendoza,ana.mendoza986@example.com,Venezuela,B2,4,Technical,Website,2025-05-14,700
K00987,Andres,Cruz,andres.cruz987@example.com,Argentina,C2,6,Sales VA,Referral,2026-05-20,900
K00988,Maria,Gomez,maria.gomez988@example.com,Philippines,B2,5,Technical,Website,2026-04-06,1100
K00989,Paula,Delgado,paula.delgado989@example.com,Philippines,C1,4,Marketing VA,Website,2025-11-23,1400
K00990,Valentina,Martinez,valentina.martinez990@example.com,Colombia,B2,2,Marketing VA,Website,2025-08-07,1100
K00991,Paula,Vargas,paula.vargas991@example.com,Philippines,B2,3,Executive VA,Website,2025-01-20,2000
K00992,Paula,Vargas,paula.vargas992@example.com,Venezuela,C1,4,Customer Support,Facebook Group,2025-05-15,1400
K00993,Valentina,Castillo,valentina.castillo993@example.com,Venezuela,B2,0,Bookkeeping,Referral,2025-07-31,2000
K00994,Andres,Mendoza,andres.mendoza994@example.com,Mexico,B2,4,Bookkeeping,Job Board,2026-05-02,1100
K00995,Valentina,Vargas,valentina.vargas995@example.com,Colombia,B1,4,Executive VA,Facebook Group,2025-02-21,900
K00996,Camila,Rodriguez,camila.rodriguez996@example.com,Colombia,B2,5,Executive VA,Job Board,2026-05-09,1400
K00997,Daniela,Ramirez,daniela.ramirez997@example.com,Peru,C1,5,Bookkeeping,Facebook Group,2025-10-23,700
K00998,Jorge,Cruz,jorge.cruz998@example.com,Venezuela,B2,4,Technical,Website,2025-05-31,1400
K00999,Luis,Rodriguez,luis.rodriguez999@example.com,Philippines,B2,0,Sales VA,LinkedIn,2026-01-01,1400
K01000,Maria,Delgado,maria.delgado1000@example.com,Philippines,B2,3,Executive VA,Website,2025-02-17,1400
K01001,Ana,Rodriguez,ana.rodriguez1001@example.com,Peru,B2,3,Marketing VA,Facebook Group,2025-01-25,1700
K01002,Carlos,Rodriguez,carlos.rodriguez1002@example.com,Argentina,B2,8,Technical,Referral,2025-10-21,700
K01003,Isabella,Gomez,isabella.gomez1003@example.com,Mexico,B2,3,Technical,Referral,2025-02-21,2000
K01004,Laura,Delgado,laura.delgado1004@example.com,Colombia,B2,2,Sales VA,Facebook Group,2025-07-20,900
K01005,Ana,Rodriguez,ana.rodriguez1005@example.com,Philippines,B2,2,Technical,Job Board,2025-09-07,1700
K01006,Maria,Delgado,maria.delgado1006@example.com,Mexico,C1,9,Marketing VA,Facebook Group,2025-04-07,900
K01007,Diego,Castillo,diego.castillo1007@example.com,Colombia,B2,1,Marketing VA,Facebook Group,2025-09-23,900
K01008,Luis,Castillo,luis.castillo1008@example.com,Mexico,B1,0,Executive VA,Website,2026-01-21,1700
K01009,Jose,Cruz,jose.cruz1009@example.com,Guatemala,C2,4,Bookkeeping,Facebook Group,2025-06-16,1700
K01010,Camila,Rojas,camila.rojas1010@example.com,Colombia,B2,8,Sales VA,Facebook Group,2026-06-20,1100
K01011,Ricardo,Torres,ricardo.torres1011@example.com,Philippines,B2,3,Executive VA,Job Board,2026-01-24,900
K01012,Juan,Santos,juan.santos1012@example.com,Mexico,B1,4,Sales VA,Job Board,2025-05-03,700
K01013,Juan,Gomez,juan.gomez1013@example.com,Guatemala,B1,4,Technical,Facebook Group,2025-05-30,1700
K01014,Carlos,Ramirez,carlos.ramirez1014@example.com,Guatemala,B2,6,Technical,Facebook Group,2025-07-18,2000
K01015,Paula,Vargas,paula.vargas1015@example.com,Mexico,B2,3,Technical,Facebook Group,2026-07-21,900
K01016,Maria,Vargas,maria.vargas1016@example.com,Colombia,B2,6,Executive VA,Job Board,2025-04-16,2000
K01017,Luis,Mendoza,luis.mendoza1017@example.com,Philippines,C1,6,Sales VA,Facebook Group,2025-04-30,900
K01018,Maria,Ramirez,maria.ramirez1018@example.com,Colombia,B1,5,Executive VA,Website,2025-01-24,1400
K01019,Paula,Castillo,paula.castillo1019@example.com,Mexico,C1,1,Executive VA,Website,2026-06-12,900
K01020,Camila,Santos,camila.santos1020@example.com,Mexico,B2,1,Customer Support,Job Board,2025-12-14,1400
K01021,Luis,Cruz,luis.cruz1021@example.com,Philippines,B2,8,Technical,Website,2026-01-05,1400
K01022,Camila,Rojas,camila.rojas1022@example.com,Mexico,C2,1,Bookkeeping,Facebook Group,2025-03-15,1700
K01023,Angelica,Martinez,angelica.martinez1023@example.com,Brazil,B2,3,Customer Support,Referral,2025-09-30,2000
K01024,Laura,Reyes,laura.reyes1024@example.com,Colombia,C1,3,Sales VA,Website,2026-05-05,700
K01025,Fernando,Rojas,fernando.rojas1025@example.com,Peru,B2,2,Executive VA,LinkedIn,2025-05-04,1700
K01026,Laura,Vargas,laura.vargas1026@example.com,Mexico,B2,2,Executive VA,Website,2025-04-26,1700
K01027,Daniela,Castillo,daniela.castillo1027@example.com,Mexico,B2,5,Marketing VA,Website,2026-01-16,1100
K01028,Andres,Cruz,andres.cruz1028@example.com,Argentina,B1,7,Technical,Facebook Group,2025-12-13,2000
K01029,Daniela,Torres,daniela.torres1029@example.com,Peru,B1,3,Marketing VA,Job Board,2025-01-19,2000
K01030,Laura,Flores,laura.flores1030@example.com,Philippines,B2,8,Bookkeeping,Referral,2026-05-13,1100
K01031,Diego,Gomez,diego.gomez1031@example.com,Guatemala,C1,8,Customer Support,LinkedIn,2026-07-13,1400
K01032,Miguel,Flores,miguel.flores1032@example.com,Brazil,B1,0,Executive VA,Facebook Group,2025-01-06,2000
K01033,Miguel,Delgado,miguel.delgado1033@example.com,Mexico,C2,5,Marketing VA,Job Board,2026-04-29,2000
K01034,Juan,Ramirez,juan.ramirez1034@example.com,Philippines,C1,8,Customer Support,Facebook Group,2025-12-05,1100
K01035,Laura,Torres,laura.torres1035@example.com,Mexico,B1,1,Marketing VA,Website,2025-03-23,2000
K01036,Juan,Reyes,juan.reyes1036@example.com,Philippines,B2,2,Marketing VA,Facebook Group,2026-07-04,2000
K01037,Jose,Reyes,jose.reyes1037@example.com,Argentina,B1,6,Bookkeeping,Website,2026-01-21,2000
K01038,Miguel,Castillo,miguel.castillo1038@example.com,Colombia,C1,2,Executive VA,Job Board,2025-02-07,1100
K01039,Jose,Castillo,jose.castillo1039@example.com,Philippines,C2,2,Executive VA,Referral,2025-07-16,2000
K01040,Valentina,Flores,valentina.flores1040@example.com,Peru,C1,4,Bookkeeping,Referral,2025-03-13,1400
K01041,Jorge,Mendoza,jorge.mendoza1041@example.com,Venezuela,B1,3,Bookkeeping,Job Board,2025-06-09,1100
K01042,Sofia,Cruz,sofia.cruz1042@example.com,Dominican Republic,B1,7,Technical,Facebook Group,2025-10-17,700
K01043,Miguel,Reyes,miguel.reyes1043@example.com,Colombia,B2,2,Bookkeeping,Website,2025-05-12,900
K01044,Carlos,Martinez,carlos.martinez1044@example.com,Philippines,C1,3,Marketing VA,Referral,2026-03-21,1400
K01045,Daniela,Mendoza,daniela.mendoza1045@example.com,Colombia,B2,2,Marketing VA,Referral,2025-02-24,1400
K01046,Juan,Santos,juan.santos1046@example.com,Venezuela,B2,8,Bookkeeping,Website,2026-05-13,900
K01047,Juan,Torres,juan.torres1047@example.com,Venezuela,B2,2,Marketing VA,Website,2026-02-27,900
K01048,Luis,Vargas,luis.vargas1048@example.com,Colombia,C1,1,Sales VA,LinkedIn,2025-03-01,1100
K01049,Andres,Torres,andres.torres1049@example.com,Colombia,C2,10,Bookkeeping,LinkedIn,2025-08-12,700
K01050,Jorge,Gomez,jorge.gomez1050@example.com,Mexico,B1,4,Customer Support,Website,2025-01-23,700
K01051,Ricardo,Castillo,ricardo.castillo1051@example.com,Peru,C2,3,Bookkeeping,Website,2025-02-21,2000
K01052,Maria,Ramirez,maria.ramirez1052@example.com,Mexico,B1,1,Marketing VA,Website,2025-03-01,900
K01053,Camila,Rodriguez,camila.rodriguez1053@example.com,Argentina,C1,4,Sales VA,LinkedIn,2025-01-08,900
K01054,Valentina,Delgado,valentina.delgado1054@example.com,Colombia,B2,1,Marketing VA,Website,2025-03-28,1700
K01055,Luis,Gomez,luis.gomez1055@example.com,Mexico,C1,0,Marketing VA,LinkedIn,2026-05-26,700
K01056,Camila,Rodriguez,camila.rodriguez1056@example.com,Philippines,B1,10,Bookkeeping,LinkedIn,2025-07-18,900
K01057,Daniela,Reyes,daniela.reyes1057@example.com,Brazil,B2,8,Technical,Facebook Group,2026-02-05,2000
K01058,Ana,Gomez,ana.gomez1058@example.com,Mexico,B2,3,Executive VA,Facebook Group,2025-12-03,900
K01059,Jose,Reyes,jose.reyes1059@example.com,Colombia,B1,3,Marketing VA,Website,2026-03-10,700
K01060,Diego,Flores,diego.flores1060@example.com,Mexico,C1,0,Marketing VA,LinkedIn,2025-04-14,2000
K01061,Carlos,Santos,carlos.santos1061@example.com,Mexico,C1,1,Marketing VA,LinkedIn,2025-05-14,2000
K01062,Luis,Flores,luis.flores1062@example.com,Venezuela,C2,4,Executive VA,LinkedIn,2025-04-11,2000
K01063,Laura,Reyes,laura.reyes1063@example.com,Dominican Republic,B2,5,Bookkeeping,Website,2025-11-21,2000
K01064,Laura,Flores,laura.flores1064@example.com,Brazil,B1,2,Bookkeeping,Website,2025-04-14,1100
K01065,Miguel,Cruz,miguel.cruz1065@example.com,Argentina,C2,3,Customer Support,LinkedIn,2025-07-22,1400
K01066,Isabella,Mendoza,isabella.mendoza1066@example.com,Guatemala,B2,5,Customer Support,Job Board,2025-02-11,700
K01067,Camila,Flores,camila.flores1067@example.com,Haiti,B2,2,Marketing VA,Website,2025-12-02,900
K01068,Jose,Rodriguez,jose.rodriguez1068@example.com,Mexico,B2,0,Technical,Job Board,2025-10-24,700
K01069,Daniela,Rojas,daniela.rojas1069@example.com,Mexico,C1,6,Customer Support,Facebook Group,2025-11-16,1100
K01070,Daniela,Mendoza,daniela.mendoza1070@example.com,Argentina,B2,5,Bookkeeping,Referral,2025-12-06,1400
K01071,Diego,Martinez,diego.martinez1071@example.com,Mexico,C1,7,Bookkeeping,Facebook Group,2026-05-18,1100
K01072,Jorge,Cruz,jorge.cruz1072@example.com,Mexico,C1,8,Marketing VA,LinkedIn,2026-05-19,2000
K01073,Ana,Martinez,ana.martinez1073@example.com,Philippines,B1,9,Marketing VA,Website,2025-04-06,700
K01074,Juan,Rodriguez,juan.rodriguez1074@example.com,Philippines,B2,3,Sales VA,Job Board,2025-12-19,1100
K01075,Ana,Flores,ana.flores1075@example.com,Colombia,B2,4,Technical,Website,2026-07-24,900
K01076,Camila,Vargas,camila.vargas1076@example.com,Philippines,B2,5,Bookkeeping,Referral,2026-01-05,2000
K01077,Camila,Cruz,camila.cruz1077@example.com,Dominican Republic,C1,3,Bookkeeping,Job Board,2026-03-29,2000
K01078,Ana,Martinez,ana.martinez1078@example.com,Venezuela,B2,3,Customer Support,Facebook Group,2025-08-30,900
K01079,Andres,Torres,andres.torres1079@example.com,Colombia,C1,1,Marketing VA,Website,2025-12-05,1700
K01080,Luis,Reyes,luis.reyes1080@example.com,Argentina,B2,5,Bookkeeping,LinkedIn,2026-04-20,1400
K01081,Luis,Torres,luis.torres1081@example.com,Philippines,B2,5,Technical,LinkedIn,2025-06-09,1400
K01082,Carlos,Castillo,carlos.castillo1082@example.com,Mexico,B1,1,Bookkeeping,LinkedIn,2025-04-17,1400
K01083,Andres,Gomez,andres.gomez1083@example.com,Colombia,B2,2,Sales VA,Job Board,2025-12-06,1100
K01084,Fernando,Castillo,fernando.castillo1084@example.com,Brazil,B2,5,Marketing VA,Facebook Group,2025-09-23,700
K01085,Paula,Santos,paula.santos1085@example.com,Colombia,B2,3,Sales VA,LinkedIn,2025-03-16,1100
K01086,Jorge,Reyes,jorge.reyes1086@example.com,Brazil,C1,2,Bookkeeping,Website,2025-01-23,2000
K01087,Juan,Cruz,juan.cruz1087@example.com,Colombia,B2,6,Executive VA,Referral,2026-01-03,2000
K01088,Valentina,Castillo,valentina.castillo1088@example.com,Colombia,B1,1,Customer Support,Job Board,2026-06-03,700
K01089,Camila,Martinez,camila.martinez1089@example.com,Argentina,C1,0,Bookkeeping,Website,2025-02-21,900
K01090,Camila,Castillo,camila.castillo1090@example.com,Brazil,B1,2,Executive VA,Facebook Group,2025-11-29,900
K01091,Maria,Rodriguez,maria.rodriguez1091@example.com,Mexico,B2,5,Customer Support,LinkedIn,2026-03-16,1100
K01092,Ricardo,Vargas,ricardo.vargas1092@example.com,Mexico,B1,6,Technical,Job Board,2025-02-13,700
K01093,Carlos,Rodriguez,carlos.rodriguez1093@example.com,Brazil,C1,4,Marketing VA,Website,2026-05-02,1700
K01094,Sofia,Mendoza,sofia.mendoza1094@example.com,Argentina,B1,2,Executive VA,Facebook Group,2025-04-25,1700
K01095,Diego,Delgado,diego.delgado1095@example.com,Philippines,C1,0,Customer Support,Job Board,2025-02-07,1700
K01096,Daniela,Rojas,daniela.rojas1096@example.com,Philippines,B2,4,Bookkeeping,Facebook Group,2026-02-26,1700
K01097,Ana,Rojas,ana.rojas1097@example.com,Peru,C1,9,Customer Support,LinkedIn,2025-02-02,1700
K01098,Isabella,Gomez,isabella.gomez1098@example.com,Argentina,B2,4,Sales VA,Job Board,2025-09-12,1700
K01099,Luis,Cruz,luis.cruz1099@example.com,Dominican Republic,C1,2,Customer Support,LinkedIn,2025-08-13,900
K01100,Daniela,Castillo,daniela.castillo1100@example.com,Philippines,B2,5,Technical,Website,2026-04-28,1400
K01101,Laura,Vargas,laura.vargas1101@example.com,Peru,C1,2,Marketing VA,Referral,2026-03-28,900
K01102,Miguel,Mendoza,miguel.mendoza1102@example.com,Brazil,C1,4,Technical,Website,2025-04-26,900
K01103,Ricardo,Mendoza,ricardo.mendoza1103@example.com,Mexico,B2,7,Marketing VA,Facebook Group,2026-05-08,700
K01104,Valentina,Reyes,valentina.reyes1104@example.com,Venezuela,C1,4,Bookkeeping,Referral,2026-07-15,1400
K01105,Miguel,Rodriguez,miguel.rodriguez1105@example.com,Mexico,C1,4,Bookkeeping,Facebook Group,2025-05-15,1400
K01106,Maria,Flores,maria.flores1106@example.com,Peru,B2,7,Sales VA,Job Board,2026-02-06,700
K01107,Luis,Flores,luis.flores1107@example.com,Philippines,B2,4,Marketing VA,Website,2026-01-28,1400
K01108,Andres,Torres,andres.torres1108@example.com,Venezuela,B1,8,Executive VA,Website,2026-07-24,1700
K01109,Isabella,Rodriguez,isabella.rodriguez1109@example.com,Peru,C2,5,Sales VA,LinkedIn,2025-07-22,2000
K01110,Daniela,Rodriguez,daniela.rodriguez1110@example.com,Colombia,B2,3,Customer Support,LinkedIn,2025-06-26,700
K01111,Ana,Rojas,ana.rojas1111@example.com,Colombia,C1,0,Bookkeeping,Facebook Group,2026-02-05,1400
K01112,Maria,Torres,maria.torres1112@example.com,Mexico,C1,3,Sales VA,Job Board,2025-11-17,2000
K01113,Ana,Santos,ana.santos1113@example.com,Philippines,C1,0,Executive VA,LinkedIn,2025-05-03,1100
K01114,Jose,Reyes,jose.reyes1114@example.com,Mexico,B1,7,Customer Support,LinkedIn,2025-04-09,1700
K01115,Juan,Santos,juan.santos1115@example.com,Peru,B2,7,Marketing VA,Job Board,2025-10-29,1400
K01116,Camila,Martinez,camila.martinez1116@example.com,Peru,C2,3,Marketing VA,Website,2026-07-20,1100
K01117,Laura,Santos,laura.santos1117@example.com,Colombia,B2,1,Bookkeeping,Referral,2025-06-25,1400
K01118,Ricardo,Ramirez,ricardo.ramirez1118@example.com,Venezuela,B1,3,Bookkeeping,Referral,2026-03-03,900
K01119,Juan,Rodriguez,juan.rodriguez1119@example.com,Colombia,B2,6,Marketing VA,Referral,2025-09-07,700
K01120,Juan,Santos,juan.santos1120@example.com,Mexico,B2,2,Marketing VA,Job Board,2025-11-01,700
K01121,Ricardo,Castillo,ricardo.castillo1121@example.com,Colombia,B2,5,Bookkeeping,Referral,2026-04-21,1700
K01122,Camila,Mendoza,camila.mendoza1122@example.com,Brazil,B2,3,Executive VA,Referral,2025-06-25,700
K01123,Valentina,Torres,valentina.torres1123@example.com,Colombia,B1,6,Technical,LinkedIn,2025-02-25,1400
K01124,Miguel,Gomez,miguel.gomez1124@example.com,Colombia,B2,5,Marketing VA,LinkedIn,2026-01-16,2000
K01125,Ana,Santos,ana.santos1125@example.com,Philippines,C1,9,Sales VA,Referral,2025-11-05,700
K01126,Angelica,Castillo,angelica.castillo1126@example.com,Philippines,C1,3,Marketing VA,Facebook Group,2025-10-24,900
K01127,Jorge,Cruz,jorge.cruz1127@example.com,Argentina,C1,7,Executive VA,Website,2026-03-28,1700
K01128,Valentina,Ramirez,valentina.ramirez1128@example.com,Colombia,B2,4,Sales VA,Website,2025-03-16,1100
K01129,Diego,Ramirez,diego.ramirez1129@example.com,Mexico,B1,2,Executive VA,Website,2025-04-07,1100
K01130,Andres,Martinez,andres.martinez1130@example.com,Guatemala,B1,5,Technical,Referral,2026-01-15,2000
K01131,Carlos,Cruz,carlos.cruz1131@example.com,Peru,B1,5,Customer Support,Referral,2026-03-20,2000
K01132,Miguel,Castillo,miguel.castillo1132@example.com,Argentina,C1,2,Bookkeeping,Facebook Group,2025-03-07,2000
K01133,Diego,Cruz,diego.cruz1133@example.com,Argentina,C1,7,Customer Support,Facebook Group,2026-01-02,900
K01134,Paula,Mendoza,paula.mendoza1134@example.com,Venezuela,C2,3,Bookkeeping,Website,2026-02-07,1400
K01135,Jorge,Gomez,jorge.gomez1135@example.com,Philippines,B1,4,Customer Support,Referral,2026-02-08,2000
K01136,Miguel,Cruz,miguel.cruz1136@example.com,Philippines,C1,7,Bookkeeping,Website,2025-11-05,2000
K01137,Juan,Reyes,juan.reyes1137@example.com,Mexico,B1,4,Sales VA,Website,2025-05-15,1700
K01138,Miguel,Rojas,miguel.rojas1138@example.com,Dominican Republic,C2,9,Customer Support,LinkedIn,2025-09-05,700
K01139,Juan,Cruz,juan.cruz1139@example.com,Colombia,C2,3,Sales VA,Website,2025-11-26,1400
K01140,Camila,Delgado,camila.delgado1140@example.com,Colombia,B2,3,Customer Support,Website,2025-04-28,900
K01141,Ricardo,Santos,ricardo.santos1141@example.com,Venezuela,B2,4,Executive VA,Website,2026-04-05,2000
K01142,Jose,Gomez,jose.gomez1142@example.com,Peru,C1,7,Customer Support,LinkedIn,2026-07-20,2000
K01143,Laura,Castillo,laura.castillo1143@example.com,Mexico,B2,2,Customer Support,LinkedIn,2025-05-31,1100
K01144,Paula,Castillo,paula.castillo1144@example.com,Colombia,C1,1,Customer Support,Referral,2025-10-22,700
K01145,Carlos,Gomez,carlos.gomez1145@example.com,Colombia,B2,3,Marketing VA,Referral,2025-09-12,700
K01146,Maria,Rojas,maria.rojas1146@example.com,Colombia,C1,0,Customer Support,Website,2025-09-02,700
K01147,Valentina,Gomez,valentina.gomez1147@example.com,Colombia,B2,4,Marketing VA,Referral,2026-07-08,1400
K01148,Carlos,Cruz,carlos.cruz1148@example.com,Dominican Republic,B2,5,Sales VA,Website,2025-03-12,700
K01149,Juan,Rodriguez,juan.rodriguez1149@example.com,Philippines,B1,5,Marketing VA,LinkedIn,2026-05-14,2000
K01150,Miguel,Reyes,miguel.reyes1150@example.com,Mexico,B2,2,Bookkeeping,Referral,2025-06-27,900
K01151,Maria,Rodriguez,maria.rodriguez1151@example.com,Philippines,C1,9,Bookkeeping,Facebook Group,2026-04-01,1100
K01152,Juan,Gomez,juan.gomez1152@example.com,Venezuela,C1,2,Customer Support,Referral,2026-01-02,1100
K01153,Paula,Martinez,paula.martinez1153@example.com,Brazil,B1,8,Marketing VA,Website,2025-06-20,1700
K01154,Angelica,Ramirez,angelica.ramirez1154@example.com,Philippines,C2,1,Sales VA,Job Board,2025-04-28,2000
K01155,Sofia,Ramirez,sofia.ramirez1155@example.com,Mexico,C2,3,Technical,Job Board,2026-07-15,1100
K01156,Camila,Delgado,camila.delgado1156@example.com,Colombia,C1,3,Sales VA,Referral,2025-07-09,700
K01157,Laura,Reyes,laura.reyes1157@example.com,Peru,C1,7,Executive VA,Facebook Group,2025-03-27,700
K01158,Daniela,Vargas,daniela.vargas1158@example.com,Philippines,B2,4,Technical,Job Board,2025-02-22,1100
K01159,Andres,Delgado,andres.delgado1159@example.com,Colombia,B1,3,Sales VA,LinkedIn,2026-04-08,2000
K01160,Andres,Castillo,andres.castillo1160@example.com,Argentina,B2,7,Customer Support,Job Board,2026-02-24,1400
K01161,Maria,Cruz,maria.cruz1161@example.com,Colombia,B2,7,Technical,Website,2026-05-24,1400
K01162,Maria,Gomez,maria.gomez1162@example.com,Colombia,B1,5,Bookkeeping,Referral,2025-06-16,900
K01163,Angelica,Flores,angelica.flores1163@example.com,Colombia,C1,6,Bookkeeping,LinkedIn,2025-04-27,1100
K01164,Luis,Cruz,luis.cruz1164@example.com,Philippines,B1,1,Customer Support,Job Board,2025-05-09,1400
K01165,Ricardo,Reyes,ricardo.reyes1165@example.com,Colombia,C1,3,Bookkeeping,Job Board,2026-07-12,900
K01166,Andres,Rodriguez,andres.rodriguez1166@example.com,Colombia,C1,9,Sales VA,Referral,2025-01-19,1100
K01167,Jose,Reyes,jose.reyes1167@example.com,Colombia,B2,7,Technical,Referral,2025-01-15,900
K01168,Jorge,Cruz,jorge.cruz1168@example.com,Argentina,C1,5,Customer Support,LinkedIn,2025-02-14,1700
K01169,Laura,Ramirez,laura.ramirez1169@example.com,Dominican Republic,C2,2,Executive VA,Facebook Group,2026-06-29,1700
K01170,Angelica,Torres,angelica.torres1170@example.com,Philippines,B1,5,Technical,Referral,2025-07-01,1400
K01171,Valentina,Vargas,valentina.vargas1171@example.com,Argentina,B2,9,Executive VA,Referral,2025-11-08,1400
K01172,Sofia,Flores,sofia.flores1172@example.com,Venezuela,B2,6,Technical,Job Board,2025-02-25,2000
K01173,Ana,Gomez,ana.gomez1173@example.com,Colombia,B1,4,Sales VA,LinkedIn,2025-09-23,1700
K01174,Maria,Mendoza,maria.mendoza1174@example.com,Argentina,B1,4,Marketing VA,Job Board,2025-05-03,1700
K01175,Isabella,Santos,isabella.santos1175@example.com,Colombia,C1,2,Marketing VA,LinkedIn,2026-03-12,700
K01176,Jorge,Flores,jorge.flores1176@example.com,Venezuela,B1,5,Customer Support,LinkedIn,2025-04-30,1700
K01177,Camila,Rojas,camila.rojas1177@example.com,Peru,C1,3,Executive VA,Referral,2026-07-13,1100
K01178,Juan,Gomez,juan.gomez1178@example.com,Guatemala,B2,4,Marketing VA,Job Board,2025-01-20,900
K01179,Angelica,Ramirez,angelica.ramirez1179@example.com,Argentina,C1,1,Technical,Facebook Group,2025-10-22,1700
K01180,Jorge,Vargas,jorge.vargas1180@example.com,Argentina,C1,3,Marketing VA,Website,2025-07-11,900
K01181,Carlos,Ramirez,carlos.ramirez1181@example.com,Argentina,C2,3,Bookkeeping,Website,2025-12-06,1400
K01182,Luis,Martinez,luis.martinez1182@example.com,Colombia,B2,6,Marketing VA,Facebook Group,2025-11-05,1100
K01183,Miguel,Rodriguez,miguel.rodriguez1183@example.com,Colombia,B2,2,Bookkeeping,Referral,2025-01-27,1700
K01184,Angelica,Cruz,angelica.cruz1184@example.com,Colombia,B2,0,Customer Support,Referral,2026-06-21,1400
K01185,Sofia,Ramirez,sofia.ramirez1185@example.com,Philippines,C1,4,Bookkeeping,Referral,2025-08-15,700
K01186,Diego,Torres,diego.torres1186@example.com,Colombia,C1,2,Technical,LinkedIn,2025-04-10,1700
K01187,Isabella,Ramirez,isabella.ramirez1187@example.com,Philippines,B2,7,Customer Support,Facebook Group,2026-02-14,1400
K01188,Ricardo,Mendoza,ricardo.mendoza1188@example.com,Colombia,B2,8,Sales VA,Job Board,2025-02-09,1400
K01189,Laura,Torres,laura.torres1189@example.com,Haiti,C2,6,Marketing VA,Job Board,2025-08-01,900
K01190,Ricardo,Gomez,ricardo.gomez1190@example.com,Colombia,C1,3,Technical,Referral,2026-01-14,2000
K01191,Carlos,Ramirez,carlos.ramirez1191@example.com,Dominican Republic,B2,7,Marketing VA,Facebook Group,2025-12-29,900
K01192,Luis,Mendoza,luis.mendoza1192@example.com,Colombia,B2,7,Customer Support,Referral,2025-03-08,1400
K01193,Isabella,Cruz,isabella.cruz1193@example.com,Philippines,B2,0,Bookkeeping,Facebook Group,2025-02-19,900
K01194,Paula,Gomez,paula.gomez1194@example.com,Colombia,C1,12,Marketing VA,Job Board,2025-02-10,1700
K01195,Isabella,Reyes,isabella.reyes1195@example.com,Philippines,B2,8,Customer Support,Referral,2025-04-15,2000
K01196,Isabella,Santos,isabella.santos1196@example.com,Peru,B2,2,Executive VA,Job Board,2025-08-27,1100
K01197,Carlos,Reyes,carlos.reyes1197@example.com,Argentina,B2,9,Sales VA,Website,2025-11-12,900
K01198,Ricardo,Castillo,ricardo.castillo1198@example.com,Philippines,C1,4,Customer Support,Referral,2025-06-29,1700
K01199,Ana,Castillo,ana.castillo1199@example.com,Philippines,C1,2,Bookkeeping,Website,2025-08-14,1700
K01200,Ricardo,Flores,ricardo.flores1200@example.com,Philippines,B2,10,Sales VA,LinkedIn,2025-05-04,1100
K01201,Laura,Santos,laura.santos1201@example.com,Dominican Republic,B2,4,Technical,Referral,2026-05-08,900
K01202,Camila,Gomez,camila.gomez1202@example.com,Mexico,B2,2,Marketing VA,Referral,2025-11-04,1100
K01203,Daniela,Torres,daniela.torres1203@example.com,Peru,C2,5,Sales VA,Facebook Group,2025-11-10,2000
K01204,Jose,Martinez,jose.martinez1204@example.com,Philippines,C2,4,Executive VA,Job Board,2025-11-30,1700
K01205,Maria,Flores,maria.flores1205@example.com,Colombia,B1,6,Bookkeeping,Job Board,2025-06-25,700
K01206,Ricardo,Rodriguez,ricardo.rodriguez1206@example.com,Argentina,C1,7,Customer Support,Job Board,2025-03-02,1100
K01207,Maria,Rojas,maria.rojas1207@example.com,Haiti,B2,2,Technical,Referral,2025-02-14,700
K01208,Juan,Rodriguez,juan.rodriguez1208@example.com,Brazil,C1,0,Customer Support,Website,2026-06-26,1700
K01209,Miguel,Martinez,miguel.martinez1209@example.com,Colombia,C2,8,Customer Support,Facebook Group,2025-02-11,900
K01210,Miguel,Martinez,miguel.martinez1210@example.com,Colombia,B1,2,Technical,LinkedIn,2026-05-04,1400
K01211,Jose,Delgado,jose.delgado1211@example.com,Mexico,B1,3,Marketing VA,Facebook Group,2025-01-11,1700
K01212,Isabella,Cruz,isabella.cruz1212@example.com,Mexico,B1,12,Bookkeeping,Job Board,2026-01-20,1100
K01213,Jorge,Santos,jorge.santos1213@example.com,Venezuela,C1,3,Customer Support,Referral,2025-01-30,2000
K01214,Miguel,Gomez,miguel.gomez1214@example.com,Colombia,B1,7,Bookkeeping,Website,2025-09-10,1100
K01215,Jorge,Rodriguez,jorge.rodriguez1215@example.com,Venezuela,B2,7,Technical,Website,2025-10-03,1700
K01216,Maria,Flores,maria.flores1216@example.com,Philippines,C1,1,Technical,Website,2025-06-16,1100
K01217,Daniela,Martinez,daniela.martinez1217@example.com,Philippines,B2,4,Technical,Job Board,2026-07-04,1100
K01218,Valentina,Rojas,valentina.rojas1218@example.com,Colombia,B1,5,Executive VA,Facebook Group,2025-03-15,1400
K01219,Diego,Gomez,diego.gomez1219@example.com,Argentina,B2,7,Marketing VA,Job Board,2025-12-29,2000
K01220,Maria,Rojas,maria.rojas1220@example.com,Colombia,B2,5,Technical,LinkedIn,2026-06-05,900
K01221,Paula,Vargas,paula.vargas1221@example.com,Philippines,C1,2,Marketing VA,LinkedIn,2025-04-08,1400
K01222,Camila,Cruz,camila.cruz1222@example.com,Argentina,C1,4,Customer Support,Facebook Group,2025-10-25,1400
K01223,Maria,Ramirez,maria.ramirez1223@example.com,Argentina,C1,7,Executive VA,Referral,2026-01-13,700
K01224,Miguel,Cruz,miguel.cruz1224@example.com,Venezuela,B1,7,Executive VA,LinkedIn,2026-03-16,1400
K01225,Maria,Rodriguez,maria.rodriguez1225@example.com,Venezuela,B1,8,Executive VA,Facebook Group,2025-07-24,700
K01226,Camila,Vargas,camila.vargas1226@example.com,Mexico,B1,8,Executive VA,Job Board,2026-06-08,2000
K01227,Jorge,Martinez,jorge.martinez1227@example.com,Mexico,C1,4,Sales VA,Job Board,2026-04-30,2000
K01228,Juan,Martinez,juan.martinez1228@example.com,Argentina,B2,8,Executive VA,Job Board,2025-05-02,1400
K01229,Angelica,Cruz,angelica.cruz1229@example.com,Venezuela,B2,1,Technical,Referral,2025-04-13,1100
K01230,Daniela,Cruz,daniela.cruz1230@example.com,Colombia,C2,5,Technical,Website,2026-04-06,1100
K01231,Isabella,Vargas,isabella.vargas1231@example.com,Colombia,B1,8,Executive VA,Job Board,2025-02-20,700
K01232,Diego,Gomez,diego.gomez1232@example.com,Mexico,B2,9,Sales VA,Website,2025-09-19,900
K01233,Angelica,Santos,angelica.santos1233@example.com,Colombia,B1,4,Customer Support,Website,2025-11-26,700
K01234,Ricardo,Ramirez,ricardo.ramirez1234@example.com,Philippines,C2,4,Bookkeeping,Facebook Group,2025-11-18,1700
K01235,Maria,Vargas,maria.vargas1235@example.com,Colombia,B2,1,Technical,LinkedIn,2026-05-22,1400
K01236,Jose,Reyes,jose.reyes1236@example.com,Colombia,C1,2,Technical,Referral,2026-01-24,1700
K01237,Maria,Mendoza,maria.mendoza1237@example.com,Colombia,C2,3,Customer Support,Job Board,2026-03-04,1100
K01238,Ricardo,Torres,ricardo.torres1238@example.com,Colombia,B2,4,Executive VA,Facebook Group,2026-01-03,700
K01239,Jose,Martinez,jose.martinez1239@example.com,Venezuela,C1,5,Executive VA,LinkedIn,2026-03-24,2000
K01240,Fernando,Delgado,fernando.delgado1240@example.com,Argentina,C1,7,Customer Support,Website,2026-03-31,700
K01241,Daniela,Rojas,daniela.rojas1241@example.com,Haiti,B1,4,Executive VA,Referral,2026-04-26,1400
K01242,Laura,Rojas,laura.rojas1242@example.com,Venezuela,B1,8,Customer Support,LinkedIn,2026-02-17,1700
K01243,Ana,Martinez,ana.martinez1243@example.com,Philippines,B1,4,Executive VA,Job Board,2025-12-03,1100
K01244,Fernando,Reyes,fernando.reyes1244@example.com,Philippines,B1,5,Marketing VA,LinkedIn,2025-03-02,1100
K01245,Valentina,Castillo,valentina.castillo1245@example.com,Colombia,B2,6,Customer Support,Referral,2025-05-10,1100
K01246,Miguel,Reyes,miguel.reyes1246@example.com,Colombia,C1,0,Marketing VA,Referral,2026-03-19,1100
K01247,Valentina,Gomez,valentina.gomez1247@example.com,Peru,B1,0,Marketing VA,Referral,2025-09-02,1700
K01248,Sofia,Delgado,sofia.delgado1248@example.com,Colombia,B1,8,Customer Support,Website,2026-01-09,2000
K01249,Paula,Delgado,paula.delgado1249@example.com,Peru,B1,2,Bookkeeping,Facebook Group,2025-11-11,700
K01250,Camila,Mendoza,camila.mendoza1250@example.com,Colombia,C1,0,Technical,Website,2025-09-06,1700
K01251,Daniela,Delgado,daniela.delgado1251@example.com,Argentina,C1,4,Marketing VA,LinkedIn,2025-03-31,700
K01252,Ricardo,Ramirez,ricardo.ramirez1252@example.com,Venezuela,B2,3,Executive VA,Referral,2026-06-19,1700
K01253,Carlos,Flores,carlos.flores1253@example.com,Colombia,C1,1,Executive VA,Referral,2026-01-06,700
K01254,Ricardo,Rojas,ricardo.rojas1254@example.com,Argentina,C2,4,Executive VA,LinkedIn,2025-03-24,1400
K01255,Isabella,Reyes,isabella.reyes1255@example.com,Philippines,B2,3,Bookkeeping,Job Board,2025-11-25,700
K01256,Luis,Rojas,luis.rojas1256@example.com,Colombia,B2,3,Customer Support,Website,2025-03-06,1700
K01257,Diego,Flores,diego.flores1257@example.com,Colombia,B2,1,Executive VA,Referral,2026-07-07,1700
K01258,Ricardo,Santos,ricardo.santos1258@example.com,Mexico,C1,2,Sales VA,LinkedIn,2025-05-17,2000
K01259,Luis,Rodriguez,luis.rodriguez1259@example.com,Haiti,C1,2,Customer Support,LinkedIn,2025-10-18,1400
K01260,Diego,Santos,diego.santos1260@example.com,Philippines,C2,2,Technical,Website,2026-04-11,2000
K01261,Ana,Ramirez,ana.ramirez1261@example.com,Philippines,B2,0,Bookkeeping,Facebook Group,2025-02-03,1400
K01262,Diego,Ramirez,diego.ramirez1262@example.com,Venezuela,C1,4,Customer Support,Website,2025-10-19,1700
K01263,Ana,Santos,ana.santos1263@example.com,Guatemala,C1,0,Sales VA,Website,2025-03-03,1100
K01264,Sofia,Torres,sofia.torres1264@example.com,Philippines,C1,4,Marketing VA,LinkedIn,2026-05-18,1400
K01265,Ana,Mendoza,ana.mendoza1265@example.com,Colombia,C2,1,Sales VA,Referral,2025-12-31,700
K01266,Laura,Gomez,laura.gomez1266@example.com,Philippines,B2,4,Sales VA,LinkedIn,2026-07-20,1400
K01267,Paula,Torres,paula.torres1267@example.com,Philippines,C1,8,Marketing VA,Website,2026-05-28,1100
K01268,Jose,Rodriguez,jose.rodriguez1268@example.com,Philippines,C1,2,Sales VA,Referral,2025-11-29,2000
K01269,Laura,Mendoza,laura.mendoza1269@example.com,Philippines,B2,2,Bookkeeping,Referral,2025-11-18,2000
K01270,Laura,Reyes,laura.reyes1270@example.com,Guatemala,C1,5,Executive VA,LinkedIn,2026-01-29,2000
K01271,Laura,Vargas,laura.vargas1271@example.com,Dominican Republic,B2,6,Sales VA,Referral,2026-06-18,1700
K01272,Miguel,Mendoza,miguel.mendoza1272@example.com,Colombia,C1,2,Technical,Website,2026-02-12,1700
K01273,Juan,Gomez,juan.gomez1273@example.com,Philippines,C1,5,Bookkeeping,Job Board,2025-12-11,1700
K01274,Carlos,Martinez,carlos.martinez1274@example.com,Philippines,B2,4,Bookkeeping,Facebook Group,2025-05-11,1700
K01275,Valentina,Torres,valentina.torres1275@example.com,Venezuela,B2,4,Technical,Facebook Group,2026-03-13,1100
K01276,Valentina,Castillo,valentina.castillo1276@example.com,Mexico,B2,2,Technical,Job Board,2026-06-24,700
K01277,Luis,Flores,luis.flores1277@example.com,Haiti,B2,1,Bookkeeping,Website,2025-01-03,1700
K01278,Laura,Gomez,laura.gomez1278@example.com,Colombia,B2,6,Bookkeeping,Facebook Group,2026-05-11,900
K01279,Ana,Mendoza,ana.mendoza1279@example.com,Brazil,B1,7,Sales VA,Website,2025-02-13,1100
K01280,Angelica,Reyes,angelica.reyes1280@example.com,Venezuela,B1,7,Customer Support,Referral,2025-09-14,1100
K01281,Daniela,Delgado,daniela.delgado1281@example.com,Philippines,B1,5,Sales VA,Website,2025-09-04,2000
K01282,Jose,Reyes,jose.reyes1282@example.com,Venezuela,C1,3,Customer Support,Referral,2025-10-31,700
K01283,Jose,Rodriguez,jose.rodriguez1283@example.com,Colombia,B1,3,Technical,Job Board,2026-06-25,1100
K01284,Carlos,Santos,carlos.santos1284@example.com,Argentina,B2,4,Marketing VA,Website,2025-01-06,700
K01285,Juan,Reyes,juan.reyes1285@example.com,Brazil,B2,6,Sales VA,Job Board,2025-01-18,2000
K01286,Angelica,Rodriguez,angelica.rodriguez1286@example.com,Guatemala,B2,5,Customer Support,Website,2025-12-17,2000
K01287,Angelica,Mendoza,angelica.mendoza1287@example.com,Dominican Republic,C1,5,Technical,Website,2026-03-19,700
K01288,Carlos,Santos,carlos.santos1288@example.com,Philippines,B2,2,Customer Support,Facebook Group,2026-04-06,900
K01289,Angelica,Gomez,angelica.gomez1289@example.com,Colombia,C1,3,Executive VA,LinkedIn,2025-10-26,2000
K01290,Andres,Ramirez,andres.ramirez1290@example.com,Peru,C1,0,Marketing VA,Website,2025-10-24,1700
K01291,Maria,Gomez,maria.gomez1291@example.com,Mexico,C1,4,Sales VA,Facebook Group,2025-02-25,900
K01292,Sofia,Vargas,sofia.vargas1292@example.com,Mexico,C2,0,Technical,Job Board,2025-05-29,1400
K01293,Carlos,Rodriguez,carlos.rodriguez1293@example.com,Peru,B1,3,Sales VA,Job Board,2025-03-26,900
K01294,Ana,Santos,ana.santos1294@example.com,Mexico,B2,6,Customer Support,Job Board,2026-07-20,700
K01295,Sofia,Reyes,sofia.reyes1295@example.com,Dominican Republic,C2,6,Customer Support,Website,2026-03-15,2000
K01296,Ricardo,Castillo,ricardo.castillo1296@example.com,Colombia,C2,1,Customer Support,Job Board,2026-05-15,1100
K01297,Miguel,Delgado,miguel.delgado1297@example.com,Philippines,B1,2,Sales VA,LinkedIn,2025-11-26,700
K01298,Maria,Vargas,maria.vargas1298@example.com,Philippines,C1,10,Sales VA,LinkedIn,2025-09-05,900
K01299,Ana,Vargas,ana.vargas1299@example.com,Colombia,C1,5,Bookkeeping,LinkedIn,2025-01-15,1700
K01300,Jose,Ramirez,jose.ramirez1300@example.com,Philippines,C1,5,Marketing VA,Job Board,2026-06-12,900
K01301,Maria,Reyes,maria.reyes1301@example.com,Philippines,C1,4,Customer Support,Facebook Group,2025-12-15,1700
K01302,Isabella,Castillo,isabella.castillo1302@example.com,Mexico,C1,4,Marketing VA,Job Board,2026-01-22,2000
K01303,Luis,Rojas,luis.rojas1303@example.com,Philippines,B2,2,Technical,Referral,2025-01-11,1100
K01304,Juan,Ramirez,juan.ramirez1304@example.com,Peru,C1,0,Executive VA,Facebook Group,2025-08-14,1400
K01305,Sofia,Torres,sofia.torres1305@example.com,Colombia,B2,4,Executive VA,Referral,2026-05-13,1100
K01306,Fernando,Vargas,fernando.vargas1306@example.com,Philippines,C1,9,Customer Support,Referral,2026-07-12,1700
K01307,Carlos,Castillo,carlos.castillo1307@example.com,Colombia,B2,6,Marketing VA,Referral,2025-10-20,1100
K01308,Juan,Torres,juan.torres1308@example.com,Mexico,B1,5,Marketing VA,Facebook Group,2026-02-21,700
K01309,Andres,Rojas,andres.rojas1309@example.com,Mexico,B2,4,Marketing VA,Job Board,2026-01-03,1400
K01310,Fernando,Santos,fernando.santos1310@example.com,Colombia,B1,7,Bookkeeping,Job Board,2026-02-20,1100
K01311,Fernando,Rodriguez,fernando.rodriguez1311@example.com,Peru,B2,1,Technical,Facebook Group,2025-10-14,1100
K01312,Valentina,Vargas,valentina.vargas1312@example.com,Peru,B2,9,Executive VA,Referral,2025-12-09,1400
K01313,Isabella,Castillo,isabella.castillo1313@example.com,Philippines,C1,5,Sales VA,Job Board,2025-01-01,1700
K01314,Miguel,Santos,miguel.santos1314@example.com,Mexico,B2,7,Executive VA,Facebook Group,2025-08-28,1100
K01315,Juan,Torres,juan.torres1315@example.com,Colombia,C1,4,Customer Support,Website,2025-10-07,1100
K01316,Ana,Rodriguez,ana.rodriguez1316@example.com,Dominican Republic,B1,3,Sales VA,Facebook Group,2026-06-14,2000
K01317,Andres,Ramirez,andres.ramirez1317@example.com,Peru,B2,1,Customer Support,Referral,2026-06-18,1700
K01318,Luis,Vargas,luis.vargas1318@example.com,Philippines,B2,4,Technical,Job Board,2025-10-06,2000
K01319,Miguel,Santos,miguel.santos1319@example.com,Colombia,C1,1,Sales VA,Job Board,2025-09-24,1700
K01320,Camila,Gomez,camila.gomez1320@example.com,Mexico,B2,0,Technical,LinkedIn,2025-09-16,1700
K01321,Jose,Reyes,jose.reyes1321@example.com,Colombia,B2,4,Executive VA,Job Board,2025-08-24,1700
K01322,Miguel,Delgado,miguel.delgado1322@example.com,Colombia,B2,8,Executive VA,Job Board,2025-11-04,1100
K01323,Juan,Torres,juan.torres1323@example.com,Mexico,C1,3,Bookkeeping,LinkedIn,2026-05-02,1700
K01324,Fernando,Delgado,fernando.delgado1324@example.com,Colombia,C1,6,Technical,LinkedIn,2025-07-21,1400
K01325,Andres,Ramirez,andres.ramirez1325@example.com,Argentina,B2,7,Marketing VA,Facebook Group,2025-10-27,1700
K01326,Jorge,Ramirez,jorge.ramirez1326@example.com,Philippines,B2,3,Technical,Facebook Group,2026-01-24,1100
K01327,Andres,Rojas,andres.rojas1327@example.com,Philippines,B1,8,Technical,Referral,2025-08-18,1700
K01328,Angelica,Martinez,angelica.martinez1328@example.com,Peru,B2,3,Bookkeeping,LinkedIn,2026-07-20,1100
K01329,Diego,Rojas,diego.rojas1329@example.com,Colombia,C1,10,Marketing VA,Facebook Group,2025-05-14,2000
K01330,Sofia,Rojas,sofia.rojas1330@example.com,Dominican Republic,B1,2,Sales VA,Referral,2025-09-09,1700
K01331,Carlos,Rodriguez,carlos.rodriguez1331@example.com,Dominican Republic,B2,7,Bookkeeping,LinkedIn,2025-10-30,700
K01332,Luis,Torres,luis.torres1332@example.com,Guatemala,C1,2,Technical,LinkedIn,2025-06-16,1700
K01333,Carlos,Mendoza,carlos.mendoza1333@example.com,Peru,B2,3,Marketing VA,LinkedIn,2026-04-10,1700
K01334,Ana,Rojas,ana.rojas1334@example.com,Philippines,C1,4,Marketing VA,LinkedIn,2025-12-27,900
K01335,Andres,Rojas,andres.rojas1335@example.com,Peru,B2,3,Sales VA,Referral,2025-01-04,1100
K01336,Camila,Castillo,camila.castillo1336@example.com,Philippines,C2,3,Bookkeeping,Referral,2026-06-04,1400
K01337,Juan,Mendoza,juan.mendoza1337@example.com,Guatemala,B2,3,Marketing VA,Website,2026-04-18,900
K01338,Camila,Ramirez,camila.ramirez1338@example.com,Argentina,C2,7,Bookkeeping,Facebook Group,2025-11-02,1400
K01339,Andres,Delgado,andres.delgado1339@example.com,Philippines,B2,5,Sales VA,Job Board,2025-10-08,1100
K01340,Maria,Delgado,maria.delgado1340@example.com,Mexico,B1,5,Technical,Website,2025-11-15,700
K01341,Jorge,Castillo,jorge.castillo1341@example.com,Mexico,C2,7,Technical,LinkedIn,2025-01-03,2000
K01342,Maria,Ramirez,maria.ramirez1342@example.com,Colombia,B2,2,Customer Support,Job Board,2025-10-29,1400
K01343,Andres,Vargas,andres.vargas1343@example.com,Peru,B2,5,Technical,Website,2026-06-18,2000
K01344,Angelica,Rojas,angelica.rojas1344@example.com,Brazil,C1,9,Bookkeeping,Website,2025-08-01,1700
K01345,Laura,Gomez,laura.gomez1345@example.com,Peru,C1,6,Marketing VA,Website,2025-01-16,2000
K01346,Angelica,Mendoza,angelica.mendoza1346@example.com,Brazil,B2,7,Marketing VA,Website,2026-05-08,1100
K01347,Sofia,Delgado,sofia.delgado1347@example.com,Argentina,B1,5,Technical,Facebook Group,2025-11-03,900
K01348,Sofia,Rojas,sofia.rojas1348@example.com,Philippines,B2,6,Customer Support,LinkedIn,2026-06-23,900
K01349,Valentina,Torres,valentina.torres1349@example.com,Colombia,C2,4,Marketing VA,Job Board,2026-04-15,2000
K01350,Paula,Rodriguez,paula.rodriguez1350@example.com,Philippines,C1,0,Sales VA,Referral,2025-12-07,900
K01351,Camila,Flores,camila.flores1351@example.com,Brazil,B2,3,Customer Support,Job Board,2025-11-14,900
K01352,Jorge,Castillo,jorge.castillo1352@example.com,Colombia,B2,4,Technical,Referral,2026-01-01,700
K01353,Ricardo,Reyes,ricardo.reyes1353@example.com,Colombia,B1,5,Marketing VA,Facebook Group,2026-01-16,2000
K01354,Angelica,Vargas,angelica.vargas1354@example.com,Colombia,C1,0,Bookkeeping,Job Board,2025-03-18,700
K01355,Juan,Gomez,juan.gomez1355@example.com,Colombia,C1,1,Executive VA,Website,2025-09-22,1100
K01356,Daniela,Ramirez,daniela.ramirez1356@example.com,Philippines,B2,6,Customer Support,LinkedIn,2025-08-18,1400
K01357,Laura,Rodriguez,laura.rodriguez1357@example.com,Peru,B2,6,Technical,LinkedIn,2025-12-02,700
K01358,Paula,Cruz,paula.cruz1358@example.com,Guatemala,C1,5,Customer Support,Job Board,2025-10-08,1700
K01359,Laura,Torres,laura.torres1359@example.com,Colombia,C1,3,Bookkeeping,Facebook Group,2025-11-13,1700
K01360,Laura,Reyes,laura.reyes1360@example.com,Colombia,C1,5,Customer Support,LinkedIn,2025-05-22,900
K01361,Diego,Flores,diego.flores1361@example.com,Colombia,B1,6,Executive VA,Website,2026-02-24,700
K01362,Jorge,Mendoza,jorge.mendoza1362@example.com,Mexico,B1,6,Executive VA,Job Board,2025-07-10,1400
K01363,Luis,Torres,luis.torres1363@example.com,Venezuela,B2,2,Executive VA,LinkedIn,2025-06-22,2000
K01364,Diego,Santos,diego.santos1364@example.com,Mexico,C1,2,Marketing VA,Job Board,2025-08-25,1100
K01365,Fernando,Rojas,fernando.rojas1365@example.com,Haiti,B2,1,Technical,LinkedIn,2026-01-01,1700
K01366,Daniela,Santos,daniela.santos1366@example.com,Philippines,C1,5,Sales VA,LinkedIn,2025-10-12,700
K01367,Camila,Vargas,camila.vargas1367@example.com,Argentina,B2,6,Customer Support,Website,2026-01-27,2000
K01368,Diego,Rojas,diego.rojas1368@example.com,Mexico,B2,7,Sales VA,Referral,2025-09-19,1100
K01369,Fernando,Flores,fernando.flores1369@example.com,Venezuela,B2,6,Executive VA,Referral,2025-06-04,700
K01370,Camila,Rojas,camila.rojas1370@example.com,Philippines,B2,3,Customer Support,Facebook Group,2025-06-21,1400
K01371,Ana,Gomez,ana.gomez1371@example.com,Guatemala,C1,4,Technical,LinkedIn,2025-11-17,1100
K01372,Daniela,Rojas,daniela.rojas1372@example.com,Dominican Republic,C1,5,Marketing VA,LinkedIn,2026-03-12,1700
K01373,Camila,Mendoza,camila.mendoza1373@example.com,Guatemala,B1,8,Executive VA,LinkedIn,2026-05-19,2000
K01374,Jose,Mendoza,jose.mendoza1374@example.com,Haiti,C2,3,Bookkeeping,LinkedIn,2026-03-20,1100
K01375,Diego,Rodriguez,diego.rodriguez1375@example.com,Colombia,C1,1,Sales VA,LinkedIn,2026-06-05,1400
K01376,Daniela,Ramirez,daniela.ramirez1376@example.com,Mexico,C1,4,Customer Support,Referral,2025-01-19,1400
K01377,Juan,Santos,juan.santos1377@example.com,Argentina,C1,3,Customer Support,LinkedIn,2026-06-01,900
K01378,Jose,Santos,jose.santos1378@example.com,Colombia,C1,4,Marketing VA,LinkedIn,2026-01-16,2000
K01379,Isabella,Torres,isabella.torres1379@example.com,Venezuela,C2,6,Marketing VA,Website,2025-05-07,700
K01380,Jorge,Torres,jorge.torres1380@example.com,Mexico,B2,3,Technical,Referral,2025-08-09,1400
K01381,Camila,Cruz,camila.cruz1381@example.com,Colombia,C1,3,Customer Support,Facebook Group,2025-10-18,1100
K01382,Ricardo,Martinez,ricardo.martinez1382@example.com,Peru,B2,8,Customer Support,Referral,2026-02-12,1700
K01383,Valentina,Vargas,valentina.vargas1383@example.com,Dominican Republic,C1,4,Customer Support,LinkedIn,2025-05-17,1700
K01384,Valentina,Mendoza,valentina.mendoza1384@example.com,Argentina,B1,8,Customer Support,Website,2025-12-23,1100
K01385,Sofia,Gomez,sofia.gomez1385@example.com,Haiti,B2,4,Bookkeeping,Facebook Group,2025-09-09,900
K01386,Ricardo,Mendoza,ricardo.mendoza1386@example.com,Venezuela,B1,8,Technical,LinkedIn,2025-11-12,900
K01387,Daniela,Cruz,daniela.cruz1387@example.com,Brazil,B2,4,Marketing VA,Facebook Group,2025-02-05,700
K01388,Jose,Delgado,jose.delgado1388@example.com,Colombia,B1,5,Sales VA,Website,2026-05-28,2000
K01389,Jose,Mendoza,jose.mendoza1389@example.com,Colombia,B2,2,Technical,LinkedIn,2025-05-10,1100
K01390,Ricardo,Reyes,ricardo.reyes1390@example.com,Guatemala,B1,0,Sales VA,Referral,2026-06-06,900
K01391,Isabella,Gomez,isabella.gomez1391@example.com,Colombia,B2,5,Executive VA,Facebook Group,2025-02-03,2000
K01392,Maria,Gomez,maria.gomez1392@example.com,Guatemala,C1,2,Bookkeeping,Website,2025-01-17,2000
K01393,Daniela,Castillo,daniela.castillo1393@example.com,Dominican Republic,B2,0,Technical,LinkedIn,2025-12-17,900
K01394,Valentina,Reyes,valentina.reyes1394@example.com,Colombia,B2,1,Sales VA,Website,2025-08-23,1700
K01395,Valentina,Mendoza,valentina.mendoza1395@example.com,Mexico,B2,4,Sales VA,LinkedIn,2025-08-09,1700
K01396,Fernando,Reyes,fernando.reyes1396@example.com,Colombia,B2,3,Customer Support,Referral,2026-07-21,1700
K01397,Fernando,Flores,fernando.flores1397@example.com,Philippines,C1,6,Sales VA,Job Board,2025-10-22,900
K01398,Andres,Torres,andres.torres1398@example.com,Dominican Republic,B2,1,Executive VA,Job Board,2026-07-01,2000
K01399,Fernando,Rodriguez,fernando.rodriguez1399@example.com,Philippines,B2,2,Executive VA,Job Board,2025-10-21,1700
K01400,Miguel,Rojas,miguel.rojas1400@example.com,Philippines,C1,6,Customer Support,Facebook Group,2025-06-16,2000
K01401,Ana,Reyes,ana.reyes1401@example.com,Mexico,B2,5,Customer Support,LinkedIn,2026-02-07,2000
K01402,Carlos,Ramirez,carlos.ramirez1402@example.com,Brazil,B2,4,Sales VA,LinkedIn,2026-02-22,1400
K01403,Luis,Flores,luis.flores1403@example.com,Venezuela,B2,0,Customer Support,Website,2026-07-18,900
K01404,Angelica,Martinez,angelica.martinez1404@example.com,Mexico,B2,2,Marketing VA,Job Board,2025-08-10,900
K01405,Andres,Mendoza,andres.mendoza1405@example.com,Philippines,B1,1,Bookkeeping,Referral,2026-01-01,900
K01406,Paula,Flores,paula.flores1406@example.com,Philippines,C1,1,Technical,Referral,2025-07-18,2000
K01407,Paula,Flores,paula.flores1407@example.com,Mexico,C1,0,Marketing VA,Referral,2025-07-09,1700
K01408,Jorge,Flores,jorge.flores1408@example.com,Colombia,B2,7,Technical,Facebook Group,2026-01-27,1100
K01409,Miguel,Rodriguez,miguel.rodriguez1409@example.com,Guatemala,B2,5,Sales VA,Job Board,2025-11-12,900
K01410,Angelica,Mendoza,angelica.mendoza1410@example.com,Venezuela,B2,4,Executive VA,Job Board,2026-04-27,1100
K01411,Valentina,Reyes,valentina.reyes1411@example.com,Colombia,B2,8,Technical,Job Board,2026-03-23,2000
K01412,Sofia,Cruz,sofia.cruz1412@example.com,Mexico,C1,4,Marketing VA,LinkedIn,2025-03-17,2000
K01413,Camila,Vargas,camila.vargas1413@example.com,Argentina,B2,5,Customer Support,Referral,2026-03-28,1100
K01414,Paula,Vargas,paula.vargas1414@example.com,Peru,B1,6,Bookkeeping,Job Board,2025-01-12,1700
K01415,Camila,Cruz,camila.cruz1415@example.com,Mexico,C1,7,Marketing VA,Facebook Group,2025-02-06,1100
K01416,Luis,Rodriguez,luis.rodriguez1416@example.com,Colombia,C1,4,Bookkeeping,Website,2025-06-04,1700
K01417,Jorge,Santos,jorge.santos1417@example.com,Peru,B2,4,Technical,Referral,2026-06-10,1700
K01418,Valentina,Gomez,valentina.gomez1418@example.com,Colombia,B2,8,Sales VA,Facebook Group,2026-01-17,700
K01419,Jose,Ramirez,jose.ramirez1419@example.com,Dominican Republic,B2,3,Technical,Job Board,2026-03-16,1100
K01420,Isabella,Gomez,isabella.gomez1420@example.com,Argentina,C1,0,Technical,Job Board,2025-10-04,900
K01421,Sofia,Martinez,sofia.martinez1421@example.com,Mexico,C1,8,Executive VA,Referral,2026-01-12,1100
K01422,Ricardo,Gomez,ricardo.gomez1422@example.com,Philippines,C1,2,Technical,Website,2026-03-27,900
K01423,Miguel,Castillo,miguel.castillo1423@example.com,Argentina,C1,1,Marketing VA,Referral,2025-07-24,1100
K01424,Camila,Rojas,camila.rojas1424@example.com,Colombia,B2,4,Technical,Job Board,2025-04-08,900
K01425,Jose,Rojas,jose.rojas1425@example.com,Philippines,B1,5,Bookkeeping,Website,2025-07-08,1700
K01426,Diego,Santos,diego.santos1426@example.com,Colombia,C1,2,Executive VA,LinkedIn,2026-04-10,1400
K01427,Juan,Delgado,juan.delgado1427@example.com,Brazil,C1,5,Marketing VA,LinkedIn,2025-08-27,700
K01428,Daniela,Castillo,daniela.castillo1428@example.com,Philippines,B2,7,Executive VA,Job Board,2026-06-25,900
K01429,Ricardo,Delgado,ricardo.delgado1429@example.com,Venezuela,C1,9,Bookkeeping,Website,2025-11-21,1400
K01430,Miguel,Rojas,miguel.rojas1430@example.com,Peru,C2,3,Bookkeeping,Website,2026-06-28,2000
K01431,Diego,Gomez,diego.gomez1431@example.com,Colombia,C2,4,Customer Support,Job Board,2026-02-22,1100
K01432,Jose,Castillo,jose.castillo1432@example.com,Venezuela,B2,3,Customer Support,Referral,2026-02-12,700
K01433,Camila,Delgado,camila.delgado1433@example.com,Colombia,B2,7,Bookkeeping,Website,2026-06-09,1700
K01434,Diego,Gomez,diego.gomez1434@example.com,Peru,C1,6,Marketing VA,Referral,2025-06-26,1700
K01435,Andres,Rodriguez,andres.rodriguez1435@example.com,Peru,B1,6,Bookkeeping,LinkedIn,2026-04-25,1400
K01436,Maria,Gomez,maria.gomez1436@example.com,Argentina,B2,6,Bookkeeping,Job Board,2026-06-21,1700
K01437,Miguel,Rojas,miguel.rojas1437@example.com,Brazil,C1,1,Customer Support,LinkedIn,2026-07-22,1700
K01438,Andres,Flores,andres.flores1438@example.com,Colombia,B1,3,Bookkeeping,Website,2025-07-22,2000
K01439,Ricardo,Ramirez,ricardo.ramirez1439@example.com,Haiti,B2,6,Technical,LinkedIn,2025-03-23,900
K01440,Fernando,Vargas,fernando.vargas1440@example.com,Peru,C2,3,Bookkeeping,LinkedIn,2025-07-16,900
K01441,Ricardo,Reyes,ricardo.reyes1441@example.com,Venezuela,B2,4,Executive VA,Facebook Group,2026-05-30,2000
K01442,Jose,Rodriguez,jose.rodriguez1442@example.com,Mexico,C2,8,Technical,Facebook Group,2025-01-24,1700
K01443,Miguel,Flores,miguel.flores1443@example.com,Colombia,C1,5,Sales VA,Facebook Group,2026-06-09,2000
K01444,Juan,Delgado,juan.delgado1444@example.com,Argentina,B2,3,Bookkeeping,Referral,2025-10-13,1400
K01445,Jose,Martinez,jose.martinez1445@example.com,Dominican Republic,C2,6,Executive VA,Facebook Group,2026-03-22,2000
K01446,Jorge,Delgado,jorge.delgado1446@example.com,Colombia,B2,3,Marketing VA,Job Board,2026-05-25,1400
K01447,Carlos,Santos,carlos.santos1447@example.com,Haiti,C2,6,Sales VA,Website,2025-10-29,700
K01448,Isabella,Delgado,isabella.delgado1448@example.com,Argentina,C1,0,Executive VA,Website,2025-08-15,1400
K01449,Jorge,Cruz,jorge.cruz1449@example.com,Mexico,B2,3,Customer Support,LinkedIn,2025-06-21,1100
K01450,Angelica,Martinez,angelica.martinez1450@example.com,Argentina,B1,1,Customer Support,LinkedIn,2026-03-11,1400
K01451,Angelica,Vargas,angelica.vargas1451@example.com,Dominican Republic,B2,12,Marketing VA,Website,2025-10-13,1700
K01452,Juan,Martinez,juan.martinez1452@example.com,Philippines,C1,3,Sales VA,Referral,2026-06-14,900
K01453,Camila,Vargas,camila.vargas1453@example.com,Mexico,B2,0,Executive VA,Referral,2025-08-02,1100
K01454,Luis,Vargas,luis.vargas1454@example.com,Brazil,C2,6,Executive VA,Website,2025-03-12,1700
K01455,Jorge,Castillo,jorge.castillo1455@example.com,Mexico,B1,0,Executive VA,Referral,2025-07-04,900
K01456,Ana,Delgado,ana.delgado1456@example.com,Argentina,C1,4,Sales VA,Referral,2026-04-19,1100
K01457,Sofia,Vargas,sofia.vargas1457@example.com,Colombia,C1,1,Executive VA,Job Board,2025-01-31,700
K01458,Miguel,Vargas,miguel.vargas1458@example.com,Dominican Republic,B2,6,Customer Support,Referral,2025-03-08,1700
K01459,Miguel,Mendoza,miguel.mendoza1459@example.com,Colombia,C1,5,Executive VA,Referral,2026-01-17,900
K01460,Carlos,Mendoza,carlos.mendoza1460@example.com,Argentina,C1,1,Technical,LinkedIn,2025-01-06,1100
K01461,Luis,Torres,luis.torres1461@example.com,Dominican Republic,B2,4,Marketing VA,Website,2025-06-16,1700
K01462,Jorge,Reyes,jorge.reyes1462@example.com,Argentina,B2,4,Executive VA,Website,2025-08-21,900
K01463,Ricardo,Delgado,ricardo.delgado1463@example.com,Venezuela,C2,8,Customer Support,LinkedIn,2026-02-08,900
K01464,Jorge,Vargas,jorge.vargas1464@example.com,Mexico,B2,3,Technical,Website,2025-03-19,700
K01465,Paula,Martinez,paula.martinez1465@example.com,Haiti,C1,3,Customer Support,Facebook Group,2025-06-05,1700
K01466,Ana,Delgado,ana.delgado1466@example.com,Argentina,B2,1,Executive VA,Job Board,2025-05-23,1400
K01467,Isabella,Gomez,isabella.gomez1467@example.com,Haiti,B1,4,Executive VA,LinkedIn,2025-07-30,2000
K01468,Andres,Rojas,andres.rojas1468@example.com,Haiti,B2,0,Executive VA,Website,2025-11-08,900
K01469,Camila,Santos,camila.santos1469@example.com,Philippines,C2,4,Sales VA,Referral,2026-05-13,1700
K01470,Andres,Mendoza,andres.mendoza1470@example.com,Brazil,B2,6,Bookkeeping,Job Board,2025-07-11,1700
K01471,Jorge,Flores,jorge.flores1471@example.com,Colombia,B1,7,Technical,Referral,2026-04-07,1700
K01472,Laura,Santos,laura.santos1472@example.com,Venezuela,B1,5,Customer Support,Facebook Group,2026-06-27,2000
K01473,Juan,Torres,juan.torres1473@example.com,Mexico,B2,0,Executive VA,Facebook Group,2026-02-03,1400
K01474,Isabella,Reyes,isabella.reyes1474@example.com,Philippines,C1,1,Customer Support,Website,2025-05-26,1100
K01475,Isabella,Torres,isabella.torres1475@example.com,Colombia,C1,4,Bookkeeping,Facebook Group,2026-06-17,1400
K01476,Isabella,Ramirez,isabella.ramirez1476@example.com,Guatemala,B2,3,Customer Support,Facebook Group,2026-07-12,900
K01477,Angelica,Rojas,angelica.rojas1477@example.com,Mexico,C1,1,Marketing VA,Referral,2025-06-26,1400
K01478,Jose,Martinez,jose.martinez1478@example.com,Venezuela,C1,7,Marketing VA,Referral,2025-07-03,1400
K01479,Isabella,Rojas,isabella.rojas1479@example.com,Mexico,B2,5,Marketing VA,Job Board,2026-01-25,700
K01480,Sofia,Santos,sofia.santos1480@example.com,Argentina,B2,6,Marketing VA,LinkedIn,2026-07-11,1100
K01481,Miguel,Torres,miguel.torres1481@example.com,Mexico,C1,3,Sales VA,Website,2025-07-01,1700
K01482,Diego,Vargas,diego.vargas1482@example.com,Colombia,C2,4,Executive VA,Job Board,2026-03-09,1100
K01483,Daniela,Martinez,daniela.martinez1483@example.com,Philippines,B2,7,Customer Support,Facebook Group,2025-06-20,1100
K01484,Maria,Vargas,maria.vargas1484@example.com,Dominican Republic,B2,2,Bookkeeping,Referral,2025-03-09,900
K01485,Andres,Santos,andres.santos1485@example.com,Colombia,C1,3,Technical,Job Board,2025-12-17,700
K01486,Valentina,Mendoza,valentina.mendoza1486@example.com,Peru,B2,7,Customer Support,Job Board,2025-03-13,1400
K01487,Ricardo,Vargas,ricardo.vargas1487@example.com,Venezuela,C1,6,Marketing VA,Job Board,2025-01-19,2000
K01488,Maria,Rodriguez,maria.rodriguez1488@example.com,Colombia,B2,7,Sales VA,Job Board,2025-02-13,2000
K01489,Ricardo,Rodriguez,ricardo.rodriguez1489@example.com,Peru,C1,5,Marketing VA,Job Board,2026-03-26,1100
K01490,Carlos,Ramirez,carlos.ramirez1490@example.com,Philippines,B2,2,Executive VA,Facebook Group,2025-04-16,2000
K01491,Ricardo,Reyes,ricardo.reyes1491@example.com,Argentina,B2,7,Customer Support,Job Board,2026-06-25,1700
K01492,Paula,Cruz,paula.cruz1492@example.com,Colombia,C1,3,Executive VA,LinkedIn,2025-08-25,700
K01493,Laura,Reyes,laura.reyes1493@example.com,Venezuela,B1,4,Marketing VA,Job Board,2026-05-12,2000
K01494,Maria,Martinez,maria.martinez1494@example.com,Mexico,C1,3,Sales VA,LinkedIn,2025-10-30,700
K01495,Miguel,Castillo,miguel.castillo1495@example.com,Philippines,B1,7,Executive VA,Facebook Group,2026-03-12,1100
K01496,Ana,Delgado,ana.delgado1496@example.com,Colombia,B2,1,Bookkeeping,Job Board,2025-01-15,1100
K01497,Ana,Torres,ana.torres1497@example.com,Philippines,C1,5,Executive VA,LinkedIn,2025-09-08,2000
K01498,Juan,Delgado,juan.delgado1498@example.com,Argentina,C2,5,Sales VA,Referral,2026-01-27,700
K01499,Juan,Santos,juan.santos1499@example.com,Mexico,B2,7,Sales VA,Facebook Group,2026-02-11,900
K01500,Camila,Martinez,camila.martinez1500@example.com,Colombia,C1,0,Bookkeeping,Facebook Group,2026-03-12,700
K01501,Daniela,Santos,daniela.santos1501@example.com,Guatemala,C1,3,Bookkeeping,Website,2025-05-28,2000
K01502,Ricardo,Delgado,ricardo.delgado1502@example.com,Mexico,C2,2,Technical,LinkedIn,2025-08-28,2000
K01503,Carlos,Delgado,carlos.delgado1503@example.com,Mexico,B2,2,Sales VA,LinkedIn,2026-07-12,1100
K01504,Miguel,Rodriguez,miguel.rodriguez1504@example.com,Dominican Republic,C2,7,Technical,Referral,2025-09-07,2000
K01505,Juan,Torres,juan.torres1505@example.com,Mexico,C2,9,Technical,LinkedIn,2025-01-24,700
K01506,Maria,Martinez,maria.martinez1506@example.com,Colombia,C1,1,Sales VA,LinkedIn,2026-06-15,2000
K01507,Andres,Reyes,andres.reyes1507@example.com,Argentina,C1,1,Sales VA,Website,2026-06-25,1400
K01508,Isabella,Santos,isabella.santos1508@example.com,Argentina,B2,2,Executive VA,Job Board,2026-05-10,1700
K01509,Luis,Martinez,luis.martinez1509@example.com,Philippines,C1,5,Marketing VA,LinkedIn,2026-05-11,2000
K01510,Laura,Castillo,laura.castillo1510@example.com,Brazil,C1,4,Marketing VA,Referral,2025-05-23,1100
K01511,Isabella,Delgado,isabella.delgado1511@example.com,Philippines,C1,5,Sales VA,Referral,2025-11-01,900
K01512,Carlos,Mendoza,carlos.mendoza1512@example.com,Colombia,B1,3,Executive VA,LinkedIn,2025-04-21,1400
K01513,Miguel,Torres,miguel.torres1513@example.com,Mexico,C1,8,Bookkeeping,Website,2025-02-21,1400
K01514,Maria,Gomez,maria.gomez1514@example.com,Colombia,B1,4,Customer Support,Facebook Group,2025-09-01,1400
K01515,Sofia,Rodriguez,sofia.rodriguez1515@example.com,Colombia,B2,7,Executive VA,Website,2026-05-15,1100
K01516,Fernando,Vargas,fernando.vargas1516@example.com,Colombia,C1,5,Technical,LinkedIn,2025-05-13,1400
K01517,Valentina,Mendoza,valentina.mendoza1517@example.com,Colombia,B2,4,Customer Support,Facebook Group,2025-06-03,700
K01518,Isabella,Flores,isabella.flores1518@example.com,Colombia,B2,2,Executive VA,Job Board,2025-10-19,700
K01519,Angelica,Castillo,angelica.castillo1519@example.com,Argentina,B2,3,Marketing VA,LinkedIn,2025-05-18,900
K01520,Maria,Reyes,maria.reyes1520@example.com,Brazil,B1,8,Customer Support,LinkedIn,2025-07-28,900
K01521,Carlos,Gomez,carlos.gomez1521@example.com,Colombia,C2,0,Marketing VA,Website,2026-03-07,1400
K01522,Angelica,Vargas,angelica.vargas1522@example.com,Dominican Republic,B2,3,Executive VA,Job Board,2025-02-07,700
K01523,Paula,Reyes,paula.reyes1523@example.com,Mexico,B1,1,Marketing VA,Referral,2026-03-09,700
K01524,Paula,Rojas,paula.rojas1524@example.com,Mexico,C1,5,Executive VA,LinkedIn,2025-12-31,2000
K01525,Jorge,Rojas,jorge.rojas1525@example.com,Mexico,C1,2,Marketing VA,LinkedIn,2025-03-04,700
K01526,Camila,Cruz,camila.cruz1526@example.com,Colombia,B2,2,Executive VA,Facebook Group,2026-02-15,2000
K01527,Sofia,Gomez,sofia.gomez1527@example.com,Mexico,C1,4,Customer Support,Referral,2025-02-20,2000
K01528,Miguel,Vargas,miguel.vargas1528@example.com,Dominican Republic,B1,9,Technical,Website,2025-08-13,2000
K01529,Andres,Reyes,andres.reyes1529@example.com,Colombia,C1,7,Executive VA,Website,2026-04-08,2000
K01530,Miguel,Vargas,miguel.vargas1530@example.com,Mexico,B2,11,Marketing VA,Job Board,2025-02-19,2000
K01531,Luis,Santos,luis.santos1531@example.com,Colombia,B1,4,Customer Support,Referral,2025-05-27,1400
K01532,Ricardo,Mendoza,ricardo.mendoza1532@example.com,Argentina,B1,6,Bookkeeping,Referral,2026-01-28,700
K01533,Ricardo,Santos,ricardo.santos1533@example.com,Colombia,B2,4,Executive VA,Referral,2025-09-04,2000
K01534,Daniela,Vargas,daniela.vargas1534@example.com,Mexico,B2,5,Sales VA,Job Board,2026-02-04,1400
K01535,Paula,Delgado,paula.delgado1535@example.com,Colombia,C1,5,Marketing VA,Website,2026-05-10,2000
K01536,Andres,Cruz,andres.cruz1536@example.com,Mexico,B1,4,Marketing VA,Facebook Group,2025-07-05,1400
K01537,Sofia,Gomez,sofia.gomez1537@example.com,Philippines,B2,6,Sales VA,Website,2026-04-20,1400
K01538,Isabella,Reyes,isabella.reyes1538@example.com,Mexico,C2,4,Technical,Facebook Group,2026-02-03,1100
K01539,Carlos,Torres,carlos.torres1539@example.com,Philippines,C1,5,Technical,Referral,2025-10-27,1100
K01540,Diego,Ramirez,diego.ramirez1540@example.com,Brazil,C1,6,Technical,Facebook Group,2025-06-16,1100
K01541,Sofia,Martinez,sofia.martinez1541@example.com,Philippines,B2,2,Technical,Job Board,2025-05-20,1700
K01542,Angelica,Santos,angelica.santos1542@example.com,Venezuela,B2,5,Executive VA,Referral,2025-09-05,2000
K01543,Ricardo,Gomez,ricardo.gomez1543@example.com,Venezuela,B1,2,Marketing VA,Facebook Group,2025-08-17,1400
K01544,Ricardo,Torres,ricardo.torres1544@example.com,Peru,B2,2,Marketing VA,Facebook Group,2026-03-22,700
K01545,Paula,Reyes,paula.reyes1545@example.com,Argentina,B1,6,Sales VA,Facebook Group,2026-06-03,700
K01546,Ricardo,Santos,ricardo.santos1546@example.com,Colombia,C1,7,Technical,Website,2025-10-30,1700
K01547,Jorge,Santos,jorge.santos1547@example.com,Peru,C1,2,Marketing VA,Job Board,2025-05-12,700
K01548,Maria,Cruz,maria.cruz1548@example.com,Mexico,B1,0,Sales VA,Job Board,2026-04-09,2000
K01549,Ricardo,Delgado,ricardo.delgado1549@example.com,Guatemala,B2,0,Marketing VA,Referral,2026-02-03,1700
K01550,Luis,Rojas,luis.rojas1550@example.com,Peru,B2,5,Marketing VA,Website,2025-08-10,1400
K01551,Valentina,Martinez,valentina.martinez1551@example.com,Argentina,C2,1,Technical,Job Board,2025-02-09,1400
K01552,Angelica,Reyes,angelica.reyes1552@example.com,Colombia,B1,7,Executive VA,Website,2025-02-24,1100
K01553,Juan,Cruz,juan.cruz1553@example.com,Argentina,B2,6,Bookkeeping,Referral,2025-10-08,1400
K01554,Laura,Torres,laura.torres1554@example.com,Venezuela,C1,3,Technical,Job Board,2025-07-15,2000
K01555,Ana,Reyes,ana.reyes1555@example.com,Mexico,C2,4,Bookkeeping,Facebook Group,2025-11-11,1400
K01556,Andres,Flores,andres.flores1556@example.com,Mexico,C1,3,Technical,LinkedIn,2025-10-27,900
K01557,Maria,Cruz,maria.cruz1557@example.com,Venezuela,C2,4,Marketing VA,Referral,2026-06-08,1700
K01558,Maria,Rodriguez,maria.rodriguez1558@example.com,Philippines,B1,3,Executive VA,Job Board,2026-03-08,1700
K01559,Diego,Gomez,diego.gomez1559@example.com,Mexico,B2,2,Customer Support,LinkedIn,2025-07-25,900
K01560,Ricardo,Delgado,ricardo.delgado1560@example.com,Brazil,B2,2,Bookkeeping,Referral,2025-07-18,900
K01561,Daniela,Santos,daniela.santos1561@example.com,Argentina,C1,5,Executive VA,Facebook Group,2025-04-30,1700
K01562,Sofia,Ramirez,sofia.ramirez1562@example.com,Venezuela,B1,2,Executive VA,Job Board,2025-02-08,2000
K01563,Ricardo,Martinez,ricardo.martinez1563@example.com,Colombia,B2,5,Sales VA,Referral,2026-05-21,900
K01564,Isabella,Rojas,isabella.rojas1564@example.com,Philippines,B1,4,Technical,Job Board,2026-05-22,2000
K01565,Angelica,Rodriguez,angelica.rodriguez1565@example.com,Mexico,B2,6,Marketing VA,Job Board,2025-06-30,1700
K01566,Juan,Vargas,juan.vargas1566@example.com,Colombia,C1,6,Executive VA,Referral,2025-10-21,1400
K01567,Isabella,Santos,isabella.santos1567@example.com,Mexico,C1,5,Executive VA,LinkedIn,2025-05-20,1400
K01568,Valentina,Castillo,valentina.castillo1568@example.com,Colombia,C1,6,Customer Support,Website,2026-05-04,2000
K01569,Angelica,Ramirez,angelica.ramirez1569@example.com,Colombia,C1,4,Bookkeeping,Referral,2025-08-17,700
K01570,Isabella,Delgado,isabella.delgado1570@example.com,Guatemala,C1,8,Marketing VA,LinkedIn,2026-06-06,1100
K01571,Diego,Rodriguez,diego.rodriguez1571@example.com,Brazil,B2,3,Executive VA,Facebook Group,2025-02-23,1100
K01572,Diego,Rodriguez,diego.rodriguez1572@example.com,Colombia,B2,7,Technical,Job Board,2026-05-14,1400
K01573,Angelica,Gomez,angelica.gomez1573@example.com,Philippines,C2,4,Marketing VA,Referral,2025-08-05,1100
K01574,Angelica,Rodriguez,angelica.rodriguez1574@example.com,Colombia,C1,3,Sales VA,Website,2025-12-08,700
K01575,Miguel,Santos,miguel.santos1575@example.com,Philippines,B2,2,Bookkeeping,Job Board,2025-02-15,1100
K01576,Angelica,Torres,angelica.torres1576@example.com,Colombia,C1,4,Bookkeeping,Facebook Group,2025-02-01,700
K01577,Ricardo,Torres,ricardo.torres1577@example.com,Argentina,C1,2,Marketing VA,LinkedIn,2026-04-06,1700
K01578,Miguel,Delgado,miguel.delgado1578@example.com,Venezuela,B1,10,Sales VA,Website,2026-01-29,2000
K01579,Isabella,Vargas,isabella.vargas1579@example.com,Colombia,B2,6,Sales VA,Job Board,2025-08-10,2000
K01580,Ana,Cruz,ana.cruz1580@example.com,Colombia,C2,5,Customer Support,Facebook Group,2025-10-13,1400
K01581,Sofia,Rojas,sofia.rojas1581@example.com,Brazil,B2,8,Customer Support,Website,2025-08-14,1100
K01582,Ricardo,Rodriguez,ricardo.rodriguez1582@example.com,Mexico,C1,5,Customer Support,Website,2025-06-19,700
K01583,Luis,Delgado,luis.delgado1583@example.com,Mexico,C1,7,Executive VA,LinkedIn,2026-07-10,900
K01584,Fernando,Delgado,fernando.delgado1584@example.com,Peru,B2,2,Marketing VA,Referral,2025-11-25,1400
K01585,Juan,Vargas,juan.vargas1585@example.com,Peru,C1,10,Sales VA,Job Board,2025-12-10,1400
K01586,Jorge,Reyes,jorge.reyes1586@example.com,Philippines,C2,1,Sales VA,Referral,2025-07-05,900
K01587,Ricardo,Reyes,ricardo.reyes1587@example.com,Philippines,B2,5,Technical,Job Board,2026-05-09,1400
K01588,Ana,Torres,ana.torres1588@example.com,Peru,B2,5,Marketing VA,Website,2025-08-28,1400
K01589,Juan,Rojas,juan.rojas1589@example.com,Colombia,B2,3,Customer Support,Facebook Group,2026-06-09,1400
K01590,Jorge,Torres,jorge.torres1590@example.com,Colombia,B1,7,Customer Support,Website,2025-08-18,700
K01591,Maria,Delgado,maria.delgado1591@example.com,Dominican Republic,C1,0,Technical,LinkedIn,2025-02-22,2000
K01592,Valentina,Mendoza,valentina.mendoza1592@example.com,Venezuela,C2,3,Marketing VA,Website,2026-02-28,900
K01593,Maria,Santos,maria.santos1593@example.com,Philippines,C1,0,Marketing VA,Job Board,2026-03-26,1100
K01594,Angelica,Rojas,angelica.rojas1594@example.com,Colombia,B2,3,Bookkeeping,Website,2026-05-05,900
K01595,Diego,Torres,diego.torres1595@example.com,Colombia,B2,2,Technical,Facebook Group,2025-05-24,900
K01596,Daniela,Santos,daniela.santos1596@example.com,Philippines,B2,1,Technical,Job Board,2025-05-29,1100
K01597,Camila,Ramirez,camila.ramirez1597@example.com,Peru,B2,3,Bookkeeping,Job Board,2025-10-18,700
K01598,Isabella,Reyes,isabella.reyes1598@example.com,Dominican Republic,B2,8,Bookkeeping,Website,2025-12-27,700
K01599,Jorge,Rojas,jorge.rojas1599@example.com,Brazil,B1,3,Technical,Job Board,2025-08-23,1100
K01600,Jose,Vargas,jose.vargas1600@example.com,Philippines,C1,3,Sales VA,Referral,2025-07-17,900
K01601,Diego,Castillo,diego.castillo1601@example.com,Mexico,B1,3,Bookkeeping,Facebook Group,2026-06-26,700
K01602,Angelica,Santos,angelica.santos1602@example.com,Colombia,C1,5,Marketing VA,Website,2026-04-21,1100
K01603,Angelica,Flores,angelica.flores1603@example.com,Brazil,C1,4,Bookkeeping,LinkedIn,2026-05-01,700
K01604,Laura,Vargas,laura.vargas1604@example.com,Philippines,C1,10,Customer Support,LinkedIn,2025-06-17,1100
K01605,Angelica,Torres,angelica.torres1605@example.com,Argentina,B2,6,Executive VA,Job Board,2025-02-17,1400
K01606,Miguel,Reyes,miguel.reyes1606@example.com,Argentina,B1,9,Marketing VA,Website,2025-06-03,1400
K01607,Angelica,Rojas,angelica.rojas1607@example.com,Guatemala,B2,3,Executive VA,Facebook Group,2025-12-12,2000
K01608,Diego,Delgado,diego.delgado1608@example.com,Colombia,B2,2,Executive VA,LinkedIn,2026-05-05,700
K01609,Sofia,Cruz,sofia.cruz1609@example.com,Venezuela,B2,6,Marketing VA,LinkedIn,2025-12-11,2000
K01610,Sofia,Gomez,sofia.gomez1610@example.com,Argentina,C1,3,Executive VA,Referral,2025-11-17,1700
K01611,Sofia,Rojas,sofia.rojas1611@example.com,Venezuela,B2,0,Customer Support,Referral,2026-04-11,700
K01612,Jorge,Santos,jorge.santos1612@example.com,Venezuela,C1,2,Executive VA,Website,2025-02-16,900
K01613,Sofia,Vargas,sofia.vargas1613@example.com,Philippines,C1,3,Customer Support,Referral,2026-03-18,2000
K01614,Andres,Cruz,andres.cruz1614@example.com,Peru,B2,0,Customer Support,LinkedIn,2025-12-19,700
K01615,Ana,Flores,ana.flores1615@example.com,Mexico,C1,5,Sales VA,Facebook Group,2026-02-12,700
K01616,Ricardo,Rodriguez,ricardo.rodriguez1616@example.com,Dominican Republic,B1,2,Sales VA,Website,2025-04-13,900
K01617,Daniela,Torres,daniela.torres1617@example.com,Colombia,B2,2,Marketing VA,LinkedIn,2026-07-12,2000
K01618,Laura,Gomez,laura.gomez1618@example.com,Brazil,C1,5,Sales VA,Job Board,2025-09-03,1400
K01619,Ana,Flores,ana.flores1619@example.com,Philippines,B1,4,Technical,Job Board,2025-03-31,1700
K01620,Ricardo,Martinez,ricardo.martinez1620@example.com,Mexico,C2,5,Customer Support,Job Board,2025-11-20,700
K01621,Angelica,Flores,angelica.flores1621@example.com,Philippines,C1,8,Technical,Facebook Group,2025-02-16,1400
K01622,Carlos,Reyes,carlos.reyes1622@example.com,Brazil,B1,8,Technical,LinkedIn,2025-09-15,900
K01623,Miguel,Vargas,miguel.vargas1623@example.com,Peru,B2,4,Customer Support,Facebook Group,2026-03-08,1100
K01624,Miguel,Mendoza,miguel.mendoza1624@example.com,Philippines,C1,3,Marketing VA,LinkedIn,2026-06-09,1700
K01625,Carlos,Ramirez,carlos.ramirez1625@example.com,Argentina,C1,6,Bookkeeping,Job Board,2026-03-03,1400
K01626,Ricardo,Delgado,ricardo.delgado1626@example.com,Philippines,C1,6,Bookkeeping,Job Board,2025-07-21,1700
K01627,Camila,Gomez,camila.gomez1627@example.com,Venezuela,C1,0,Marketing VA,Job Board,2025-05-18,2000
K01628,Carlos,Santos,carlos.santos1628@example.com,Colombia,C2,6,Customer Support,LinkedIn,2025-01-30,2000
K01629,Sofia,Torres,sofia.torres1629@example.com,Philippines,C1,5,Bookkeeping,Website,2025-07-22,900
K01630,Fernando,Gomez,fernando.gomez1630@example.com,Colombia,C1,1,Bookkeeping,Facebook Group,2025-05-07,2000
K01631,Daniela,Rodriguez,daniela.rodriguez1631@example.com,Argentina,B1,5,Sales VA,Facebook Group,2026-04-14,1700
K01632,Luis,Flores,luis.flores1632@example.com,Colombia,B2,5,Bookkeeping,Job Board,2025-04-07,700
K01633,Sofia,Cruz,sofia.cruz1633@example.com,Colombia,C1,0,Customer Support,Facebook Group,2025-10-16,2000
K01634,Ana,Rojas,ana.rojas1634@example.com,Philippines,C1,4,Customer Support,Job Board,2026-04-10,1400
K01635,Jorge,Mendoza,jorge.mendoza1635@example.com,Argentina,B2,6,Technical,LinkedIn,2025-12-16,900
K01636,Juan,Torres,juan.torres1636@example.com,Mexico,B2,3,Customer Support,LinkedIn,2025-05-12,1400
K01637,Valentina,Rodriguez,valentina.rodriguez1637@example.com,Peru,B2,8,Bookkeeping,Referral,2025-03-03,1100
K01638,Laura,Gomez,laura.gomez1638@example.com,Mexico,B2,2,Executive VA,LinkedIn,2026-04-22,700
K01639,Daniela,Martinez,daniela.martinez1639@example.com,Peru,C2,4,Sales VA,Job Board,2026-03-03,900
K01640,Isabella,Castillo,isabella.castillo1640@example.com,Peru,C1,2,Sales VA,Website,2025-08-27,900
K01641,Miguel,Ramirez,miguel.ramirez1641@example.com,Mexico,B2,9,Technical,Facebook Group,2025-10-09,1100
K01642,Juan,Gomez,juan.gomez1642@example.com,Venezuela,C1,2,Marketing VA,Facebook Group,2025-09-18,700
K01643,Isabella,Martinez,isabella.martinez1643@example.com,Mexico,B2,6,Bookkeeping,LinkedIn,2025-10-16,900
K01644,Juan,Martinez,juan.martinez1644@example.com,Argentina,B2,2,Executive VA,Facebook Group,2025-02-15,1100
K01645,Carlos,Ramirez,carlos.ramirez1645@example.com,Colombia,C1,1,Sales VA,Referral,2025-07-20,1400
K01646,Sofia,Mendoza,sofia.mendoza1646@example.com,Mexico,C1,0,Technical,Facebook Group,2025-09-25,1100
K01647,Andres,Reyes,andres.reyes1647@example.com,Dominican Republic,B2,0,Bookkeeping,Job Board,2025-08-08,1100
K01648,Ana,Reyes,ana.reyes1648@example.com,Philippines,C1,4,Technical,Job Board,2026-03-30,700
K01649,Jose,Ramirez,jose.ramirez1649@example.com,Peru,C1,3,Sales VA,Facebook Group,2025-04-03,1100
K01650,Jorge,Santos,jorge.santos1650@example.com,Mexico,B2,8,Marketing VA,Facebook Group,2026-06-01,1400
K01651,Juan,Martinez,juan.martinez1651@example.com,Argentina,C1,2,Executive VA,LinkedIn,2025-03-16,1100
K01652,Angelica,Cruz,angelica.cruz1652@example.com,Peru,B2,7,Customer Support,LinkedIn,2025-07-22,900
K01653,Carlos,Rojas,carlos.rojas1653@example.com,Peru,C2,3,Bookkeeping,Job Board,2025-06-28,1400
K01654,Maria,Flores,maria.flores1654@example.com,Venezuela,C2,4,Bookkeeping,Website,2026-07-07,2000
K01655,Diego,Rojas,diego.rojas1655@example.com,Philippines,B2,3,Bookkeeping,Referral,2026-02-13,900
K01656,Luis,Torres,luis.torres1656@example.com,Argentina,C1,4,Bookkeeping,Facebook Group,2025-07-04,900
K01657,Carlos,Vargas,carlos.vargas1657@example.com,Mexico,B2,3,Technical,Website,2025-04-18,2000
K01658,Valentina,Gomez,valentina.gomez1658@example.com,Colombia,B2,5,Sales VA,Facebook Group,2026-04-08,900
K01659,Ricardo,Castillo,ricardo.castillo1659@example.com,Colombia,C2,9,Sales VA,Facebook Group,2025-03-03,900
K01660,Laura,Delgado,laura.delgado1660@example.com,Colombia,C1,8,Bookkeeping,Website,2025-03-19,1100
K01661,Valentina,Ramirez,valentina.ramirez1661@example.com,Philippines,C2,2,Executive VA,Job Board,2026-07-09,1100
K01662,Jose,Rojas,jose.rojas1662@example.com,Argentina,B2,0,Customer Support,Referral,2025-12-06,2000
K01663,Andres,Vargas,andres.vargas1663@example.com,Argentina,B2,2,Sales VA,Website,2025-03-27,900
K01664,Luis,Vargas,luis.vargas1664@example.com,Mexico,B2,2,Customer Support,Website,2026-01-16,1400
K01665,Diego,Castillo,diego.castillo1665@example.com,Philippines,C2,3,Customer Support,LinkedIn,2026-06-04,2000
K01666,Paula,Martinez,paula.martinez1666@example.com,Mexico,C1,9,Executive VA,Website,2025-11-12,2000
K01667,Daniela,Vargas,daniela.vargas1667@example.com,Colombia,B2,6,Bookkeeping,LinkedIn,2025-11-16,900
K01668,Laura,Vargas,laura.vargas1668@example.com,Peru,B2,4,Marketing VA,Website,2026-05-28,1400
K01669,Isabella,Castillo,isabella.castillo1669@example.com,Colombia,C1,1,Executive VA,Website,2025-11-28,1400
K01670,Jose,Santos,jose.santos1670@example.com,Mexico,B1,3,Technical,LinkedIn,2025-11-09,700
K01671,Juan,Flores,juan.flores1671@example.com,Peru,C2,0,Sales VA,Facebook Group,2025-08-05,1700
K01672,Maria,Flores,maria.flores1672@example.com,Argentina,B1,9,Customer Support,Facebook Group,2025-07-10,1400
K01673,Valentina,Torres,valentina.torres1673@example.com,Argentina,B2,7,Executive VA,LinkedIn,2026-02-08,700
K01674,Ricardo,Torres,ricardo.torres1674@example.com,Colombia,C1,2,Bookkeeping,Referral,2025-07-04,900
K01675,Carlos,Flores,carlos.flores1675@example.com,Philippines,C1,5,Executive VA,Website,2025-05-06,1700
K01676,Paula,Rodriguez,paula.rodriguez1676@example.com,Colombia,B2,5,Bookkeeping,LinkedIn,2026-07-03,1400
K01677,Miguel,Reyes,miguel.reyes1677@example.com,Venezuela,C1,7,Technical,Facebook Group,2026-06-20,1100
K01678,Maria,Cruz,maria.cruz1678@example.com,Colombia,C1,0,Technical,Website,2025-11-05,1400
K01679,Sofia,Delgado,sofia.delgado1679@example.com,Colombia,B2,5,Bookkeeping,Job Board,2025-03-13,1400
K01680,Angelica,Vargas,angelica.vargas1680@example.com,Peru,C2,9,Executive VA,Referral,2025-08-15,700
K01681,Valentina,Cruz,valentina.cruz1681@example.com,Venezuela,B2,8,Customer Support,Website,2025-12-18,2000
K01682,Sofia,Martinez,sofia.martinez1682@example.com,Peru,B2,1,Sales VA,LinkedIn,2025-09-11,2000
K01683,Andres,Cruz,andres.cruz1683@example.com,Peru,B1,7,Customer Support,Referral,2025-05-21,1100
K01684,Maria,Flores,maria.flores1684@example.com,Argentina,C1,5,Bookkeeping,Job Board,2025-12-30,1100
K01685,Luis,Santos,luis.santos1685@example.com,Philippines,C1,4,Bookkeeping,Referral,2025-04-20,900
K01686,Daniela,Reyes,daniela.reyes1686@example.com,Philippines,C1,1,Technical,Website,2026-01-22,700
K01687,Juan,Torres,juan.torres1687@example.com,Philippines,B2,1,Sales VA,Facebook Group,2025-07-01,900
K01688,Angelica,Vargas,angelica.vargas1688@example.com,Philippines,B1,2,Sales VA,Website,2026-04-04,2000
K01689,Carlos,Flores,carlos.flores1689@example.com,Philippines,B2,11,Executive VA,LinkedIn,2026-03-04,2000
K01690,Fernando,Torres,fernando.torres1690@example.com,Peru,B2,6,Executive VA,Job Board,2025-09-30,1100
K01691,Carlos,Mendoza,carlos.mendoza1691@example.com,Mexico,B2,2,Customer Support,Job Board,2025-08-02,1700
K01692,Carlos,Gomez,carlos.gomez1692@example.com,Colombia,B1,2,Customer Support,Facebook Group,2026-05-07,1100
K01693,Miguel,Rojas,miguel.rojas1693@example.com,Philippines,B2,2,Executive VA,Facebook Group,2025-12-17,1700
K01694,Laura,Delgado,laura.delgado1694@example.com,Colombia,B2,2,Marketing VA,Job Board,2025-02-22,1400
K01695,Laura,Santos,laura.santos1695@example.com,Philippines,B2,10,Marketing VA,Facebook Group,2025-04-05,900
K01696,Laura,Martinez,laura.martinez1696@example.com,Philippines,B2,4,Technical,LinkedIn,2025-11-02,1400
K01697,Ricardo,Ramirez,ricardo.ramirez1697@example.com,Argentina,C1,5,Technical,LinkedIn,2025-12-30,1400
K01698,Isabella,Cruz,isabella.cruz1698@example.com,Mexico,C1,7,Bookkeeping,Referral,2026-04-13,1400
K01699,Angelica,Torres,angelica.torres1699@example.com,Mexico,B2,4,Bookkeeping,LinkedIn,2026-02-04,2000
K01700,Miguel,Reyes,miguel.reyes1700@example.com,Colombia,B2,2,Marketing VA,Website,2026-06-23,700
K01701,Daniela,Flores,daniela.flores1701@example.com,Peru,C2,1,Executive VA,Facebook Group,2026-07-11,2000
K01702,Andres,Rodriguez,andres.rodriguez1702@example.com,Philippines,B1,5,Customer Support,LinkedIn,2026-02-12,1400
K01703,Angelica,Martinez,angelica.martinez1703@example.com,Peru,B2,2,Marketing VA,Website,2025-08-15,1100
K01704,Ricardo,Flores,ricardo.flores1704@example.com,Mexico,B2,7,Sales VA,Facebook Group,2025-06-20,1400
K01705,Miguel,Ramirez,miguel.ramirez1705@example.com,Dominican Republic,B2,4,Marketing VA,Facebook Group,2025-05-30,1100
K01706,Miguel,Martinez,miguel.martinez1706@example.com,Mexico,B2,1,Technical,Job Board,2025-12-23,700
K01707,Sofia,Rojas,sofia.rojas1707@example.com,Philippines,B2,0,Bookkeeping,Facebook Group,2026-05-06,900
K01708,Jose,Santos,jose.santos1708@example.com,Haiti,C2,5,Sales VA,Facebook Group,2026-02-26,1100
K01709,Jorge,Gomez,jorge.gomez1709@example.com,Colombia,B2,7,Marketing VA,Referral,2025-07-08,900
K01710,Daniela,Delgado,daniela.delgado1710@example.com,Philippines,B2,4,Bookkeeping,Job Board,2025-12-24,1400
K01711,Maria,Delgado,maria.delgado1711@example.com,Colombia,B1,4,Customer Support,LinkedIn,2025-07-30,900
K01712,Laura,Rojas,laura.rojas1712@example.com,Argentina,B2,3,Bookkeeping,Referral,2025-07-23,1100
K01713,Jose,Santos,jose.santos1713@example.com,Philippines,C2,5,Customer Support,Facebook Group,2025-07-27,900
K01714,Maria,Gomez,maria.gomez1714@example.com,Dominican Republic,B2,1,Customer Support,Website,2026-04-15,900
K01715,Ana,Rojas,ana.rojas1715@example.com,Philippines,B2,1,Executive VA,Job Board,2025-02-06,900
K01716,Maria,Vargas,maria.vargas1716@example.com,Colombia,B2,2,Bookkeeping,Facebook Group,2025-10-04,900
K01717,Diego,Gomez,diego.gomez1717@example.com,Colombia,B2,5,Executive VA,Website,2025-12-25,700
K01718,Daniela,Torres,daniela.torres1718@example.com,Brazil,B1,3,Bookkeeping,Job Board,2025-12-13,1700
K01719,Sofia,Torres,sofia.torres1719@example.com,Philippines,B2,4,Customer Support,LinkedIn,2025-10-15,900
K01720,Diego,Torres,diego.torres1720@example.com,Colombia,C2,11,Sales VA,Website,2025-12-20,700
K01721,Valentina,Delgado,valentina.delgado1721@example.com,Argentina,B1,5,Executive VA,Referral,2025-06-21,1400
K01722,Sofia,Reyes,sofia.reyes1722@example.com,Philippines,B2,4,Sales VA,Job Board,2026-04-13,900
K01723,Camila,Rojas,camila.rojas1723@example.com,Philippines,C1,5,Sales VA,Website,2026-04-05,700
K01724,Isabella,Delgado,isabella.delgado1724@example.com,Peru,C1,3,Marketing VA,Referral,2025-03-07,1700
K01725,Ana,Vargas,ana.vargas1725@example.com,Mexico,C1,6,Customer Support,LinkedIn,2025-10-19,700
K01726,Valentina,Santos,valentina.santos1726@example.com,Philippines,C1,1,Technical,LinkedIn,2025-02-03,1400
K01727,Ana,Martinez,ana.martinez1727@example.com,Philippines,C2,5,Customer Support,Facebook Group,2026-03-23,1400
K01728,Fernando,Rodriguez,fernando.rodriguez1728@example.com,Peru,B1,4,Executive VA,Website,2026-04-17,900
K01729,Ricardo,Vargas,ricardo.vargas1729@example.com,Venezuela,C1,4,Sales VA,Referral,2025-02-20,1700
K01730,Ana,Ramirez,ana.ramirez1730@example.com,Colombia,B2,0,Technical,Job Board,2025-01-08,900
K01731,Fernando,Santos,fernando.santos1731@example.com,Argentina,C1,4,Customer Support,Facebook Group,2025-12-01,1100
K01732,Ana,Reyes,ana.reyes1732@example.com,Colombia,B2,0,Executive VA,LinkedIn,2025-11-10,700
K01733,Jorge,Delgado,jorge.delgado1733@example.com,Colombia,B2,3,Executive VA,Job Board,2026-01-03,1700
K01734,Laura,Castillo,laura.castillo1734@example.com,Colombia,B2,3,Technical,Job Board,2025-06-11,900
K01735,Diego,Torres,diego.torres1735@example.com,Mexico,B2,6,Executive VA,Referral,2025-03-09,1700
K01736,Sofia,Cruz,sofia.cruz1736@example.com,Mexico,B2,4,Technical,Facebook Group,2025-04-24,1400
K01737,Ricardo,Delgado,ricardo.delgado1737@example.com,Mexico,B2,4,Executive VA,Job Board,2025-10-16,2000
K01738,Ricardo,Torres,ricardo.torres1738@example.com,Mexico,B2,5,Technical,Job Board,2025-02-06,900
K01739,Sofia,Rojas,sofia.rojas1739@example.com,Colombia,C1,6,Sales VA,Job Board,2026-05-09,1700
K01740,Isabella,Martinez,isabella.martinez1740@example.com,Philippines,B2,3,Customer Support,Job Board,2025-05-20,1100
K01741,Valentina,Mendoza,valentina.mendoza1741@example.com,Dominican Republic,C1,1,Customer Support,Job Board,2025-11-23,1700
K01742,Ana,Ramirez,ana.ramirez1742@example.com,Venezuela,C1,2,Marketing VA,Facebook Group,2025-05-04,1400
K01743,Jorge,Delgado,jorge.delgado1743@example.com,Philippines,B2,4,Technical,Website,2025-03-05,700
K01744,Ana,Flores,ana.flores1744@example.com,Philippines,B2,4,Marketing VA,Job Board,2025-12-18,700
K01745,Fernando,Gomez,fernando.gomez1745@example.com,Venezuela,C1,3,Marketing VA,Website,2025-12-06,1400
K01746,Maria,Santos,maria.santos1746@example.com,Argentina,C1,5,Bookkeeping,LinkedIn,2025-07-19,1400
K01747,Luis,Rojas,luis.rojas1747@example.com,Colombia,B2,3,Executive VA,Facebook Group,2025-07-30,1400
K01748,Maria,Rojas,maria.rojas1748@example.com,Philippines,B1,2,Executive VA,Referral,2026-03-15,2000
K01749,Juan,Martinez,juan.martinez1749@example.com,Haiti,B2,2,Technical,Referral,2026-04-22,700
K01750,Laura,Cruz,laura.cruz1750@example.com,Colombia,B2,4,Technical,Website,2026-07-12,1100
K01751,Jorge,Reyes,jorge.reyes1751@example.com,Mexico,C1,6,Executive VA,Facebook Group,2025-05-12,1700
K01752,Jorge,Rodriguez,jorge.rodriguez1752@example.com,Guatemala,C2,3,Bookkeeping,Job Board,2025-10-11,1700
K01753,Diego,Delgado,diego.delgado1753@example.com,Brazil,B2,5,Bookkeeping,Facebook Group,2025-01-26,900
K01754,Daniela,Gomez,daniela.gomez1754@example.com,Philippines,B2,6,Technical,Referral,2025-09-14,1100
K01755,Diego,Rodriguez,diego.rodriguez1755@example.com,Mexico,B2,3,Technical,LinkedIn,2025-07-23,2000
K01756,Sofia,Cruz,sofia.cruz1756@example.com,Colombia,B2,2,Executive VA,Website,2025-05-06,2000
K01757,Sofia,Santos,sofia.santos1757@example.com,Colombia,B1,4,Bookkeeping,Referral,2025-11-03,1700
K01758,Laura,Mendoza,laura.mendoza1758@example.com,Colombia,C1,4,Technical,LinkedIn,2025-05-01,1700
K01759,Jose,Delgado,jose.delgado1759@example.com,Peru,B1,6,Technical,Website,2026-02-19,1400
K01760,Carlos,Gomez,carlos.gomez1760@example.com,Mexico,B1,4,Technical,Referral,2026-05-30,900
K01761,Fernando,Martinez,fernando.martinez1761@example.com,Philippines,B1,1,Executive VA,Facebook Group,2026-01-01,1700
K01762,Sofia,Castillo,sofia.castillo1762@example.com,Colombia,C1,3,Technical,LinkedIn,2025-04-09,1100
K01763,Ana,Mendoza,ana.mendoza1763@example.com,Peru,B1,4,Bookkeeping,Facebook Group,2026-07-19,900
K01764,Ana,Delgado,ana.delgado1764@example.com,Argentina,B1,7,Sales VA,Website,2025-10-03,900
K01765,Valentina,Reyes,valentina.reyes1765@example.com,Philippines,B2,6,Marketing VA,Facebook Group,2026-06-24,1700
K01766,Paula,Rojas,paula.rojas1766@example.com,Mexico,C2,4,Bookkeeping,LinkedIn,2025-05-10,700
K01767,Luis,Ramirez,luis.ramirez1767@example.com,Guatemala,C1,7,Customer Support,Job Board,2025-06-23,900
K01768,Juan,Reyes,juan.reyes1768@example.com,Colombia,B1,7,Customer Support,Facebook Group,2025-08-29,1700
K01769,Maria,Santos,maria.santos1769@example.com,Haiti,C1,5,Bookkeeping,Facebook Group,2025-07-20,1700
K01770,Fernando,Mendoza,fernando.mendoza1770@example.com,Haiti,B2,10,Technical,Website,2025-06-02,1400
K01771,Daniela,Reyes,daniela.reyes1771@example.com,Mexico,B2,6,Executive VA,Facebook Group,2026-03-12,1400
K01772,Valentina,Torres,valentina.torres1772@example.com,Mexico,C1,6,Bookkeeping,Job Board,2025-10-25,2000
K01773,Paula,Martinez,paula.martinez1773@example.com,Peru,C2,5,Marketing VA,Website,2025-09-07,2000
K01774,Jorge,Torres,jorge.torres1774@example.com,Mexico,B1,1,Bookkeeping,Website,2026-06-11,900
K01775,Laura,Santos,laura.santos1775@example.com,Argentina,C2,5,Marketing VA,Facebook Group,2025-04-08,1700
K01776,Carlos,Santos,carlos.santos1776@example.com,Philippines,C1,1,Technical,Job Board,2025-09-26,1400
K01777,Miguel,Cruz,miguel.cruz1777@example.com,Venezuela,C2,3,Technical,Job Board,2026-07-14,900
K01778,Andres,Reyes,andres.reyes1778@example.com,Peru,B2,3,Bookkeeping,Website,2026-01-12,1700
K01779,Juan,Martinez,juan.martinez1779@example.com,Argentina,C1,5,Executive VA,Job Board,2025-06-05,700
K01780,Andres,Martinez,andres.martinez1780@example.com,Mexico,C1,2,Executive VA,LinkedIn,2026-07-05,1100
K01781,Laura,Santos,laura.santos1781@example.com,Brazil,B1,4,Customer Support,Website,2025-03-14,700
K01782,Carlos,Rojas,carlos.rojas1782@example.com,Colombia,C1,2,Marketing VA,LinkedIn,2026-07-05,1700
K01783,Diego,Flores,diego.flores1783@example.com,Venezuela,B2,4,Customer Support,Job Board,2026-07-05,900
K01784,Jorge,Cruz,jorge.cruz1784@example.com,Venezuela,C1,6,Bookkeeping,Website,2026-04-18,2000
K01785,Juan,Santos,juan.santos1785@example.com,Philippines,B1,5,Bookkeeping,Website,2025-05-02,1100
K01786,Laura,Martinez,laura.martinez1786@example.com,Brazil,B2,4,Marketing VA,Referral,2026-02-12,1700
K01787,Diego,Rodriguez,diego.rodriguez1787@example.com,Colombia,B2,1,Bookkeeping,Facebook Group,2025-04-10,2000
K01788,Jorge,Torres,jorge.torres1788@example.com,Colombia,B2,4,Marketing VA,Job Board,2025-11-09,1100
K01789,Sofia,Martinez,sofia.martinez1789@example.com,Colombia,B2,5,Sales VA,Facebook Group,2025-01-21,2000
K01790,Miguel,Martinez,miguel.martinez1790@example.com,Mexico,B2,5,Technical,Job Board,2025-08-22,1700
K01791,Laura,Rojas,laura.rojas1791@example.com,Argentina,B2,0,Bookkeeping,Website,2026-01-07,2000
K01792,Miguel,Vargas,miguel.vargas1792@example.com,Peru,C2,6,Sales VA,Job Board,2026-01-02,2000
K01793,Valentina,Gomez,valentina.gomez1793@example.com,Venezuela,C2,8,Technical,Referral,2026-02-01,700
K01794,Isabella,Reyes,isabella.reyes1794@example.com,Venezuela,C1,6,Technical,LinkedIn,2025-04-30,2000
K01795,Ricardo,Torres,ricardo.torres1795@example.com,Colombia,C1,10,Customer Support,LinkedIn,2025-10-25,1700
K01796,Luis,Castillo,luis.castillo1796@example.com,Argentina,B2,4,Sales VA,Referral,2025-12-24,900
K01797,Fernando,Castillo,fernando.castillo1797@example.com,Peru,B1,3,Bookkeeping,Referral,2025-01-25,1400
K01798,Camila,Flores,camila.flores1798@example.com,Haiti,B2,2,Executive VA,Job Board,2026-02-13,1700
K01799,Sofia,Rodriguez,sofia.rodriguez1799@example.com,Venezuela,B1,6,Customer Support,Referral,2026-06-10,1700
K01800,Miguel,Martinez,miguel.martinez1800@example.com,Colombia,B2,2,Technical,Facebook Group,2025-05-03,700
K01801,Paula,Santos,paula.santos1801@example.com,Mexico,C2,6,Marketing VA,Referral,2025-08-05,900
K01802,Miguel,Rodriguez,miguel.rodriguez1802@example.com,Argentina,C1,5,Executive VA,Referral,2026-03-03,900
K01803,Valentina,Torres,valentina.torres1803@example.com,Mexico,B2,4,Customer Support,LinkedIn,2026-06-28,2000
K01804,Daniela,Vargas,daniela.vargas1804@example.com,Mexico,C1,6,Customer Support,Facebook Group,2026-04-01,2000
K01805,Camila,Torres,camila.torres1805@example.com,Mexico,B2,3,Sales VA,Job Board,2026-04-23,900
K01806,Valentina,Gomez,valentina.gomez1806@example.com,Argentina,C2,5,Technical,LinkedIn,2025-04-18,700
K01807,Paula,Reyes,paula.reyes1807@example.com,Venezuela,B2,0,Sales VA,Facebook Group,2026-06-07,2000
K01808,Daniela,Gomez,daniela.gomez1808@example.com,Mexico,B1,4,Technical,LinkedIn,2026-02-25,1100
K01809,Carlos,Santos,carlos.santos1809@example.com,Philippines,C1,5,Marketing VA,Job Board,2025-03-25,700
K01810,Fernando,Reyes,fernando.reyes1810@example.com,Dominican Republic,C1,0,Customer Support,Job Board,2026-01-09,1100
K01811,Juan,Reyes,juan.reyes1811@example.com,Peru,B2,2,Executive VA,LinkedIn,2026-03-24,2000
K01812,Diego,Mendoza,diego.mendoza1812@example.com,Philippines,B2,3,Executive VA,Website,2026-05-31,1400
K01813,Carlos,Castillo,carlos.castillo1813@example.com,Colombia,B2,3,Customer Support,Referral,2026-06-08,2000
K01814,Sofia,Reyes,sofia.reyes1814@example.com,Venezuela,B2,4,Executive VA,LinkedIn,2025-07-20,1700
K01815,Carlos,Flores,carlos.flores1815@example.com,Philippines,C2,8,Executive VA,Website,2026-02-26,2000
K01816,Isabella,Castillo,isabella.castillo1816@example.com,Haiti,C1,6,Executive VA,Referral,2025-06-17,1100
K01817,Diego,Rojas,diego.rojas1817@example.com,Mexico,C1,3,Customer Support,LinkedIn,2025-01-14,1400
K01818,Laura,Castillo,laura.castillo1818@example.com,Argentina,B2,1,Sales VA,LinkedIn,2025-11-05,700
K01819,Daniela,Rojas,daniela.rojas1819@example.com,Philippines,B1,1,Technical,Facebook Group,2026-02-17,700
K01820,Carlos,Gomez,carlos.gomez1820@example.com,Philippines,B1,1,Sales VA,Website,2026-04-24,900
K01821,Ricardo,Reyes,ricardo.reyes1821@example.com,Guatemala,B2,4,Marketing VA,Website,2026-06-13,1400
K01822,Daniela,Martinez,daniela.martinez1822@example.com,Peru,C1,5,Sales VA,Facebook Group,2025-11-22,700
K01823,Valentina,Rojas,valentina.rojas1823@example.com,Colombia,C1,3,Customer Support,Facebook Group,2025-08-19,2000
K01824,Carlos,Reyes,carlos.reyes1824@example.com,Colombia,B1,5,Sales VA,LinkedIn,2025-05-25,2000
K01825,Jorge,Ramirez,jorge.ramirez1825@example.com,Colombia,B2,4,Technical,Website,2025-07-23,2000
K01826,Camila,Ramirez,camila.ramirez1826@example.com,Colombia,C1,0,Bookkeeping,Job Board,2026-07-26,2000
K01827,Maria,Rojas,maria.rojas1827@example.com,Philippines,C1,4,Executive VA,Job Board,2025-12-22,1700
K01828,Maria,Vargas,maria.vargas1828@example.com,Philippines,C2,4,Executive VA,Website,2025-03-27,700
K01829,Camila,Delgado,camila.delgado1829@example.com,Argentina,C1,2,Sales VA,Facebook Group,2026-01-02,2000
K01830,Miguel,Torres,miguel.torres1830@example.com,Peru,B2,6,Technical,Referral,2025-03-08,1700
K01831,Miguel,Castillo,miguel.castillo1831@example.com,Dominican Republic,B2,6,Executive VA,Referral,2026-02-27,2000
K01832,Ricardo,Mendoza,ricardo.mendoza1832@example.com,Mexico,C1,4,Marketing VA,Referral,2025-09-29,2000
K01833,Laura,Mendoza,laura.mendoza1833@example.com,Philippines,C1,5,Customer Support,Job Board,2026-02-14,700
K01834,Angelica,Cruz,angelica.cruz1834@example.com,Mexico,B2,6,Bookkeeping,Facebook Group,2025-10-21,2000
K01835,Maria,Rodriguez,maria.rodriguez1835@example.com,Mexico,C1,5,Technical,Website,2025-11-16,1100
K01836,Ricardo,Martinez,ricardo.martinez1836@example.com,Philippines,B2,4,Customer Support,Referral,2025-05-23,700
K01837,Valentina,Delgado,valentina.delgado1837@example.com,Guatemala,C1,2,Technical,Website,2026-02-12,700
K01838,Valentina,Gomez,valentina.gomez1838@example.com,Dominican Republic,B1,4,Marketing VA,LinkedIn,2025-10-23,2000
K01839,Juan,Flores,juan.flores1839@example.com,Dominican Republic,B2,5,Bookkeeping,Referral,2025-07-20,1100
K01840,Isabella,Vargas,isabella.vargas1840@example.com,Philippines,C1,7,Technical,Website,2025-12-29,1700
K01841,Miguel,Cruz,miguel.cruz1841@example.com,Argentina,C1,1,Technical,Referral,2025-09-13,1400
K01842,Andres,Vargas,andres.vargas1842@example.com,Venezuela,C1,2,Technical,Facebook Group,2025-08-05,900
K01843,Maria,Castillo,maria.castillo1843@example.com,Argentina,B2,9,Bookkeeping,Job Board,2025-10-11,2000
K01844,Maria,Vargas,maria.vargas1844@example.com,Peru,B1,5,Customer Support,Referral,2025-12-01,1400
K01845,Daniela,Reyes,daniela.reyes1845@example.com,Peru,B1,5,Sales VA,Referral,2025-02-03,900
K01846,Fernando,Cruz,fernando.cruz1846@example.com,Haiti,B1,5,Customer Support,Job Board,2025-01-14,2000
K01847,Laura,Vargas,laura.vargas1847@example.com,Brazil,B1,4,Bookkeeping,Referral,2025-09-30,700
K01848,Sofia,Reyes,sofia.reyes1848@example.com,Colombia,B2,3,Sales VA,Facebook Group,2025-05-14,900
K01849,Luis,Torres,luis.torres1849@example.com,Peru,C2,4,Bookkeeping,Referral,2025-11-29,700
K01850,Carlos,Rodriguez,carlos.rodriguez1850@example.com,Peru,C2,4,Marketing VA,Referral,2025-10-23,900
K01851,Ricardo,Gomez,ricardo.gomez1851@example.com,Colombia,C2,9,Executive VA,Website,2025-12-23,900
K01852,Paula,Gomez,paula.gomez1852@example.com,Dominican Republic,B2,3,Bookkeeping,Job Board,2025-03-05,2000
K01853,Miguel,Rojas,miguel.rojas1853@example.com,Argentina,C1,6,Sales VA,Website,2026-04-10,1400
K01854,Carlos,Gomez,carlos.gomez1854@example.com,Colombia,C1,4,Bookkeeping,Referral,2025-06-18,2000
K01855,Fernando,Reyes,fernando.reyes1855@example.com,Argentina,B2,2,Bookkeeping,Job Board,2026-03-28,700
K01856,Angelica,Mendoza,angelica.mendoza1856@example.com,Colombia,C2,10,Customer Support,Job Board,2025-01-25,1400
K01857,Fernando,Mendoza,fernando.mendoza1857@example.com,Haiti,B2,4,Executive VA,Website,2026-06-22,900
K01858,Andres,Delgado,andres.delgado1858@example.com,Philippines,B2,4,Executive VA,Referral,2025-11-24,700
K01859,Fernando,Ramirez,fernando.ramirez1859@example.com,Argentina,C1,6,Sales VA,Website,2025-04-29,2000
K01860,Valentina,Reyes,valentina.reyes1860@example.com,Argentina,C1,5,Technical,LinkedIn,2025-07-26,1400
K01861,Sofia,Castillo,sofia.castillo1861@example.com,Haiti,C2,6,Marketing VA,LinkedIn,2025-10-22,2000
K01862,Luis,Reyes,luis.reyes1862@example.com,Philippines,B1,8,Bookkeeping,Job Board,2026-02-14,1400
K01863,Diego,Ramirez,diego.ramirez1863@example.com,Mexico,B1,5,Sales VA,LinkedIn,2025-08-16,700
K01864,Sofia,Delgado,sofia.delgado1864@example.com,Venezuela,B2,2,Executive VA,Facebook Group,2026-02-26,1400
K01865,Luis,Mendoza,luis.mendoza1865@example.com,Venezuela,B2,4,Marketing VA,Referral,2025-11-17,900
K01866,Laura,Martinez,laura.martinez1866@example.com,Venezuela,B2,3,Technical,Website,2026-04-24,900
K01867,Angelica,Gomez,angelica.gomez1867@example.com,Colombia,B1,5,Bookkeeping,Website,2026-02-27,900
K01868,Ana,Gomez,ana.gomez1868@example.com,Argentina,B2,4,Technical,Website,2025-03-31,1700
K01869,Valentina,Reyes,valentina.reyes1869@example.com,Mexico,B2,3,Bookkeeping,Facebook Group,2025-03-19,700
K01870,Maria,Mendoza,maria.mendoza1870@example.com,Philippines,B1,2,Executive VA,Referral,2025-12-19,700
K01871,Ana,Santos,ana.santos1871@example.com,Mexico,B2,3,Bookkeeping,Facebook Group,2025-08-01,1400
K01872,Paula,Ramirez,paula.ramirez1872@example.com,Philippines,C2,3,Customer Support,Referral,2025-06-29,1400
K01873,Carlos,Rojas,carlos.rojas1873@example.com,Mexico,B1,3,Customer Support,Website,2026-06-03,1400
K01874,Ricardo,Gomez,ricardo.gomez1874@example.com,Dominican Republic,B2,3,Executive VA,Job Board,2026-06-03,1100
K01875,Jorge,Castillo,jorge.castillo1875@example.com,Mexico,B2,6,Marketing VA,Website,2025-08-17,900
K01876,Ana,Mendoza,ana.mendoza1876@example.com,Colombia,C2,3,Technical,Facebook Group,2026-07-15,700
K01877,Maria,Martinez,maria.martinez1877@example.com,Philippines,C1,0,Marketing VA,Referral,2025-09-13,2000
K01878,Paula,Torres,paula.torres1878@example.com,Colombia,C1,6,Bookkeeping,Job Board,2025-06-06,700
K01879,Isabella,Vargas,isabella.vargas1879@example.com,Argentina,C1,7,Technical,LinkedIn,2025-09-10,900
K01880,Angelica,Mendoza,angelica.mendoza1880@example.com,Mexico,C1,4,Customer Support,Referral,2026-03-28,700
K01881,Sofia,Santos,sofia.santos1881@example.com,Brazil,B2,4,Sales VA,Website,2025-07-07,2000
K01882,Angelica,Ramirez,angelica.ramirez1882@example.com,Philippines,B2,3,Bookkeeping,Referral,2026-03-26,700
K01883,Laura,Torres,laura.torres1883@example.com,Venezuela,B2,5,Customer Support,Website,2025-09-15,1700
K01884,Isabella,Mendoza,isabella.mendoza1884@example.com,Colombia,B2,1,Sales VA,Job Board,2025-10-13,1100
K01885,Isabella,Castillo,isabella.castillo1885@example.com,Colombia,B1,0,Technical,LinkedIn,2026-01-04,1100
K01886,Diego,Rojas,diego.rojas1886@example.com,Mexico,B2,1,Bookkeeping,Facebook Group,2025-09-10,900
K01887,Isabella,Flores,isabella.flores1887@example.com,Philippines,C1,7,Marketing VA,LinkedIn,2026-03-23,1400
K01888,Ana,Santos,ana.santos1888@example.com,Philippines,B1,3,Sales VA,LinkedIn,2025-06-07,1400
K01889,Ana,Mendoza,ana.mendoza1889@example.com,Venezuela,B2,4,Bookkeeping,Facebook Group,2026-03-05,1100
K01890,Sofia,Delgado,sofia.delgado1890@example.com,Argentina,C1,1,Executive VA,Referral,2026-02-02,1700
K01891,Camila,Flores,camila.flores1891@example.com,Venezuela,B1,6,Marketing VA,LinkedIn,2025-07-06,900
K01892,Carlos,Torres,carlos.torres1892@example.com,Mexico,B2,8,Executive VA,Job Board,2025-07-29,2000
K01893,Fernando,Flores,fernando.flores1893@example.com,Colombia,C1,9,Bookkeeping,Facebook Group,2026-04-05,1100
K01894,Andres,Rojas,andres.rojas1894@example.com,Peru,C1,5,Technical,Website,2026-03-29,1700
K01895,Ricardo,Flores,ricardo.flores1895@example.com,Brazil,B2,2,Bookkeeping,Website,2026-01-17,1400
K01896,Angelica,Rodriguez,angelica.rodriguez1896@example.com,Colombia,B2,5,Executive VA,Facebook Group,2026-02-02,2000
K01897,Maria,Flores,maria.flores1897@example.com,Colombia,B1,3,Marketing VA,Website,2026-05-19,1400
K01898,Sofia,Ramirez,sofia.ramirez1898@example.com,Guatemala,B2,1,Executive VA,Job Board,2025-02-05,1400
K01899,Miguel,Vargas,miguel.vargas1899@example.com,Mexico,B1,8,Bookkeeping,Job Board,2026-07-10,2000
K01900,Jorge,Martinez,jorge.martinez1900@example.com,Colombia,C1,3,Executive VA,LinkedIn,2025-06-13,1700
K01901,Juan,Rojas,juan.rojas1901@example.com,Brazil,C1,7,Bookkeeping,Referral,2026-02-06,900
K01902,Daniela,Santos,daniela.santos1902@example.com,Mexico,B2,3,Technical,Facebook Group,2026-05-22,1400
K01903,Maria,Castillo,maria.castillo1903@example.com,Peru,B2,7,Technical,Facebook Group,2025-10-10,1400
K01904,Daniela,Santos,daniela.santos1904@example.com,Philippines,C1,10,Sales VA,Referral,2025-10-05,900
K01905,Jorge,Martinez,jorge.martinez1905@example.com,Brazil,C2,2,Executive VA,Job Board,2026-04-12,1400
K01906,Luis,Cruz,luis.cruz1906@example.com,Colombia,B2,0,Technical,Facebook Group,2025-11-14,900
K01907,Jorge,Torres,jorge.torres1907@example.com,Philippines,C2,4,Bookkeeping,Facebook Group,2026-01-03,1700
K01908,Diego,Flores,diego.flores1908@example.com,Argentina,B2,2,Executive VA,Job Board,2025-08-07,1100
K01909,Paula,Rojas,paula.rojas1909@example.com,Venezuela,C1,2,Marketing VA,Facebook Group,2025-12-28,2000
K01910,Valentina,Mendoza,valentina.mendoza1910@example.com,Peru,B2,0,Bookkeeping,Referral,2025-07-20,1400
K01911,Paula,Castillo,paula.castillo1911@example.com,Philippines,B2,7,Executive VA,Website,2025-02-12,1100
K01912,Maria,Rojas,maria.rojas1912@example.com,Philippines,B2,7,Bookkeeping,Job Board,2025-05-04,2000
K01913,Isabella,Reyes,isabella.reyes1913@example.com,Venezuela,C1,10,Bookkeeping,Referral,2026-04-13,1700
K01914,Ricardo,Rodriguez,ricardo.rodriguez1914@example.com,Argentina,B2,0,Marketing VA,Website,2025-10-11,1400
K01915,Angelica,Delgado,angelica.delgado1915@example.com,Venezuela,C1,5,Bookkeeping,Referral,2025-03-22,700
K01916,Fernando,Santos,fernando.santos1916@example.com,Peru,B1,11,Executive VA,Website,2025-12-25,1700
K01917,Maria,Delgado,maria.delgado1917@example.com,Argentina,B1,8,Technical,Job Board,2025-08-08,1400
K01918,Angelica,Rojas,angelica.rojas1918@example.com,Philippines,B1,3,Customer Support,Referral,2026-04-27,700
K01919,Camila,Reyes,camila.reyes1919@example.com,Mexico,B2,1,Sales VA,Referral,2026-03-20,700
K01920,Juan,Gomez,juan.gomez1920@example.com,Mexico,C1,6,Sales VA,LinkedIn,2025-08-09,700
K01921,Sofia,Vargas,sofia.vargas1921@example.com,Philippines,B2,4,Sales VA,Facebook Group,2026-06-16,700
K01922,Angelica,Santos,angelica.santos1922@example.com,Philippines,B2,3,Bookkeeping,Job Board,2025-05-16,700
K01923,Carlos,Mendoza,carlos.mendoza1923@example.com,Peru,C1,2,Bookkeeping,Facebook Group,2026-07-12,1100
K01924,Miguel,Cruz,miguel.cruz1924@example.com,Colombia,B2,5,Sales VA,Facebook Group,2025-03-26,700
K01925,Isabella,Santos,isabella.santos1925@example.com,Dominican Republic,B2,3,Bookkeeping,Facebook Group,2026-06-28,700
K01926,Miguel,Rodriguez,miguel.rodriguez1926@example.com,Brazil,C1,4,Executive VA,Job Board,2025-07-14,1100
K01927,Ricardo,Flores,ricardo.flores1927@example.com,Brazil,B2,0,Technical,LinkedIn,2025-05-28,1100
K01928,Camila,Rojas,camila.rojas1928@example.com,Argentina,B2,2,Technical,Website,2025-07-27,1100
K01929,Maria,Torres,maria.torres1929@example.com,Colombia,B2,0,Technical,Facebook Group,2026-05-29,1100
K01930,Ana,Delgado,ana.delgado1930@example.com,Philippines,B1,7,Technical,LinkedIn,2025-06-23,1400
K01931,Camila,Martinez,camila.martinez1931@example.com,Colombia,B2,4,Customer Support,Referral,2025-07-05,2000
K01932,Diego,Mendoza,diego.mendoza1932@example.com,Philippines,B2,1,Customer Support,LinkedIn,2026-05-21,900
K01933,Sofia,Martinez,sofia.martinez1933@example.com,Argentina,B2,4,Sales VA,Facebook Group,2026-01-27,900
K01934,Ricardo,Cruz,ricardo.cruz1934@example.com,Colombia,C2,4,Customer Support,Referral,2025-03-28,900
K01935,Carlos,Gomez,carlos.gomez1935@example.com,Colombia,B2,4,Marketing VA,Referral,2026-04-01,2000
K01936,Jose,Ramirez,jose.ramirez1936@example.com,Guatemala,C1,4,Technical,LinkedIn,2026-01-23,1400
K01937,Carlos,Santos,carlos.santos1937@example.com,Mexico,B2,6,Executive VA,Job Board,2025-11-01,1700
K01938,Sofia,Torres,sofia.torres1938@example.com,Mexico,C1,8,Bookkeeping,Website,2026-07-08,900
K01939,Juan,Flores,juan.flores1939@example.com,Argentina,B1,5,Bookkeeping,Referral,2026-06-20,1400
K01940,Maria,Ramirez,maria.ramirez1940@example.com,Philippines,C1,2,Marketing VA,Website,2025-03-19,1100
K01941,Ricardo,Castillo,ricardo.castillo1941@example.com,Mexico,B2,3,Marketing VA,Website,2026-04-29,1700
K01942,Laura,Cruz,laura.cruz1942@example.com,Colombia,B1,1,Marketing VA,Facebook Group,2026-02-27,1400
K01943,Maria,Ramirez,maria.ramirez1943@example.com,Argentina,B2,4,Customer Support,Referral,2025-01-09,2000
K01944,Juan,Rodriguez,juan.rodriguez1944@example.com,Brazil,B2,3,Sales VA,LinkedIn,2025-04-08,2000
K01945,Camila,Martinez,camila.martinez1945@example.com,Colombia,C2,1,Marketing VA,Website,2026-02-01,1400
K01946,Andres,Santos,andres.santos1946@example.com,Dominican Republic,C1,8,Bookkeeping,Website,2025-03-03,1100
K01947,Jorge,Ramirez,jorge.ramirez1947@example.com,Colombia,C1,7,Sales VA,LinkedIn,2025-04-12,1700
K01948,Andres,Rojas,andres.rojas1948@example.com,Argentina,B2,4,Marketing VA,Referral,2025-09-19,1700
K01949,Miguel,Rodriguez,miguel.rodriguez1949@example.com,Colombia,B1,4,Marketing VA,Facebook Group,2026-01-14,2000
K01950,Valentina,Delgado,valentina.delgado1950@example.com,Brazil,B2,0,Sales VA,Website,2026-06-01,700
K01951,Miguel,Castillo,miguel.castillo1951@example.com,Philippines,B2,0,Executive VA,Website,2025-10-29,2000
K01952,Camila,Ramirez,camila.ramirez1952@example.com,Peru,C2,6,Technical,LinkedIn,2025-09-06,1400
K01953,Jorge,Castillo,jorge.castillo1953@example.com,Mexico,C1,1,Marketing VA,Facebook Group,2026-02-08,1100
K01954,Camila,Ramirez,camila.ramirez1954@example.com,Guatemala,B2,5,Sales VA,Referral,2025-09-20,900
K01955,Angelica,Vargas,angelica.vargas1955@example.com,Colombia,B2,5,Technical,Facebook Group,2026-01-30,1400
K01956,Juan,Mendoza,juan.mendoza1956@example.com,Mexico,C1,5,Bookkeeping,LinkedIn,2025-07-23,900
K01957,Andres,Flores,andres.flores1957@example.com,Philippines,B2,6,Executive VA,Referral,2025-06-01,2000
K01958,Camila,Martinez,camila.martinez1958@example.com,Argentina,C1,6,Technical,Website,2025-06-25,2000
K01959,Ricardo,Santos,ricardo.santos1959@example.com,Colombia,C2,1,Technical,Referral,2025-09-23,1700
K01960,Carlos,Flores,carlos.flores1960@example.com,Philippines,C2,3,Technical,Job Board,2026-01-18,1400
K01961,Angelica,Rodriguez,angelica.rodriguez1961@example.com,Peru,B2,6,Marketing VA,LinkedIn,2025-05-02,1700
K01962,Carlos,Flores,carlos.flores1962@example.com,Mexico,B2,4,Executive VA,Job Board,2025-02-28,900
K01963,Maria,Reyes,maria.reyes1963@example.com,Colombia,C1,4,Bookkeeping,Website,2026-06-11,900
K01964,Ana,Flores,ana.flores1964@example.com,Peru,B2,9,Technical,Facebook Group,2026-01-13,2000
K01965,Luis,Vargas,luis.vargas1965@example.com,Brazil,B2,3,Sales VA,Facebook Group,2025-11-05,2000
K01966,Diego,Mendoza,diego.mendoza1966@example.com,Philippines,B2,0,Technical,Website,2026-02-09,1400
K01967,Maria,Martinez,maria.martinez1967@example.com,Mexico,B1,6,Sales VA,LinkedIn,2026-04-07,1400
K01968,Jorge,Gomez,jorge.gomez1968@example.com,Colombia,B2,4,Sales VA,Job Board,2026-05-04,700
K01969,Luis,Rodriguez,luis.rodriguez1969@example.com,Philippines,B2,1,Executive VA,Referral,2025-09-11,1400
K01970,Laura,Castillo,laura.castillo1970@example.com,Colombia,C1,2,Executive VA,Job Board,2025-11-15,1400
K01971,Angelica,Vargas,angelica.vargas1971@example.com,Philippines,B2,7,Technical,Referral,2026-04-10,700
K01972,Jorge,Torres,jorge.torres1972@example.com,Guatemala,B2,8,Technical,Website,2025-10-10,2000
K01973,Ricardo,Castillo,ricardo.castillo1973@example.com,Philippines,B2,6,Executive VA,Referral,2025-01-03,900
K01974,Laura,Castillo,laura.castillo1974@example.com,Dominican Republic,C1,10,Customer Support,Facebook Group,2025-07-18,1700
K01975,Angelica,Martinez,angelica.martinez1975@example.com,Philippines,B2,5,Executive VA,Facebook Group,2025-03-21,1400
K01976,Luis,Castillo,luis.castillo1976@example.com,Guatemala,B2,8,Sales VA,Facebook Group,2025-09-23,1100
K01977,Fernando,Reyes,fernando.reyes1977@example.com,Peru,C1,4,Executive VA,LinkedIn,2025-08-15,700
K01978,Jorge,Flores,jorge.flores1978@example.com,Colombia,B1,1,Sales VA,Website,2026-02-06,900
K01979,Jose,Rodriguez,jose.rodriguez1979@example.com,Venezuela,C2,7,Bookkeeping,Facebook Group,2026-03-11,700
K01980,Isabella,Gomez,isabella.gomez1980@example.com,Mexico,B2,1,Bookkeeping,Job Board,2026-01-28,900
K01981,Jorge,Castillo,jorge.castillo1981@example.com,Colombia,B1,0,Sales VA,Job Board,2025-01-01,1400
K01982,Juan,Martinez,juan.martinez1982@example.com,Argentina,C2,2,Technical,Facebook Group,2025-12-17,1100
K01983,Juan,Castillo,juan.castillo1983@example.com,Haiti,C2,5,Executive VA,Facebook Group,2026-07-13,700
K01984,Diego,Flores,diego.flores1984@example.com,Venezuela,C2,2,Bookkeeping,LinkedIn,2025-06-26,700
K01985,Ana,Vargas,ana.vargas1985@example.com,Mexico,C1,6,Bookkeeping,LinkedIn,2026-04-24,1700
K01986,Daniela,Rodriguez,daniela.rodriguez1986@example.com,Colombia,C1,3,Customer Support,Website,2025-02-23,900
K01987,Maria,Santos,maria.santos1987@example.com,Mexico,C1,4,Marketing VA,Job Board,2025-09-05,900
K01988,Maria,Castillo,maria.castillo1988@example.com,Haiti,B1,6,Bookkeeping,Website,2026-02-10,2000
K01989,Luis,Rodriguez,luis.rodriguez1989@example.com,Colombia,C1,4,Marketing VA,LinkedIn,2025-06-11,1400
K01990,Juan,Delgado,juan.delgado1990@example.com,Philippines,B2,4,Marketing VA,Referral,2025-07-02,700
K01991,Ricardo,Gomez,ricardo.gomez1991@example.com,Mexico,C1,1,Bookkeeping,LinkedIn,2025-12-14,1100
K01992,Camila,Reyes,camila.reyes1992@example.com,Argentina,B1,1,Sales VA,Facebook Group,2026-03-27,700
K01993,Paula,Mendoza,paula.mendoza1993@example.com,Colombia,B2,1,Sales VA,LinkedIn,2026-06-18,1700
K01994,Carlos,Rojas,carlos.rojas1994@example.com,Philippines,B2,3,Marketing VA,Referral,2025-04-22,1100
K01995,Paula,Delgado,paula.delgado1995@example.com,Guatemala,C1,7,Bookkeeping,Job Board,2026-04-04,700
K01996,Jorge,Martinez,jorge.martinez1996@example.com,Colombia,B2,5,Executive VA,Website,2026-06-21,2000
K01997,Ana,Mendoza,ana.mendoza1997@example.com,Colombia,C1,4,Executive VA,Website,2025-07-14,700
K01998,Valentina,Torres,valentina.torres1998@example.com,Argentina,B2,0,Marketing VA,LinkedIn,2025-04-24,900
K01999,Valentina,Gomez,valentina.gomez1999@example.com,Mexico,C1,2,Executive VA,Website,2025-03-30,900
K02000,Isabella,Martinez,isabella.martinez2000@example.com,Guatemala,C1,5,Executive VA,Facebook Group,2025-05-21,1700
K02001,Andres,Ramirez,andres.ramirez2001@example.com,Colombia,C1,1,Customer Support,Facebook Group,2026-07-08,1400
K02002,Paula,Castillo,paula.castillo2002@example.com,Argentina,C2,3,Technical,Website,2025-10-15,1400
K02003,Diego,Vargas,diego.vargas2003@example.com,Mexico,B1,4,Sales VA,Job Board,2025-04-07,1100
K02004,Sofia,Ramirez,sofia.ramirez2004@example.com,Peru,B1,7,Marketing VA,Facebook Group,2025-03-13,900
K02005,Fernando,Vargas,fernando.vargas2005@example.com,Colombia,B1,4,Bookkeeping,Website,2025-07-30,2000
K02006,Daniela,Santos,daniela.santos2006@example.com,Dominican Republic,B2,4,Technical,Job Board,2026-03-14,700
K02007,Valentina,Cruz,valentina.cruz2007@example.com,Argentina,B1,7,Sales VA,Facebook Group,2026-06-19,700
K02008,Diego,Rojas,diego.rojas2008@example.com,Peru,C1,4,Marketing VA,Website,2026-04-26,1700
K02009,Andres,Cruz,andres.cruz2009@example.com,Dominican Republic,B2,3,Executive VA,LinkedIn,2026-03-24,1700
K02010,Jorge,Ramirez,jorge.ramirez2010@example.com,Venezuela,C1,6,Bookkeeping,Website,2026-05-10,1100
K02011,Andres,Ramirez,andres.ramirez2011@example.com,Peru,C1,5,Executive VA,Facebook Group,2025-06-28,2000
K02012,Angelica,Delgado,angelica.delgado2012@example.com,Mexico,B1,0,Customer Support,LinkedIn,2025-01-24,2000
K02013,Miguel,Ramirez,miguel.ramirez2013@example.com,Philippines,C1,1,Technical,Facebook Group,2026-07-22,1700
K02014,Fernando,Torres,fernando.torres2014@example.com,Peru,B2,4,Technical,Referral,2026-02-23,900
K02015,Paula,Martinez,paula.martinez2015@example.com,Dominican Republic,B1,6,Marketing VA,Referral,2025-03-25,700
K02016,Fernando,Rodriguez,fernando.rodriguez2016@example.com,Venezuela,B2,3,Sales VA,Referral,2025-04-21,900
K02017,Ana,Rojas,ana.rojas2017@example.com,Philippines,B1,4,Bookkeeping,Facebook Group,2026-01-16,1700
K02018,Diego,Torres,diego.torres2018@example.com,Philippines,C1,5,Executive VA,Referral,2025-01-13,900
K02019,Miguel,Cruz,miguel.cruz2019@example.com,Peru,B2,2,Executive VA,Referral,2025-05-04,900
K02020,Andres,Mendoza,andres.mendoza2020@example.com,Argentina,C2,4,Customer Support,LinkedIn,2025-10-31,2000
K02021,Miguel,Torres,miguel.torres2021@example.com,Colombia,B2,6,Technical,Job Board,2025-03-21,900
K02022,Maria,Cruz,maria.cruz2022@example.com,Colombia,B2,5,Sales VA,Referral,2026-05-27,1100
K02023,Luis,Delgado,luis.delgado2023@example.com,Colombia,C1,2,Sales VA,Referral,2025-11-26,2000
K02024,Ana,Vargas,ana.vargas2024@example.com,Argentina,C1,1,Sales VA,Job Board,2026-01-25,1700
K02025,Valentina,Vargas,valentina.vargas2025@example.com,Argentina,B2,1,Technical,Website,2025-09-28,1700
K02026,Angelica,Cruz,angelica.cruz2026@example.com,Argentina,C1,1,Customer Support,Job Board,2025-04-04,2000
K02027,Jorge,Reyes,jorge.reyes2027@example.com,Colombia,B1,7,Executive VA,LinkedIn,2025-10-22,900
K02028,Valentina,Torres,valentina.torres2028@example.com,Peru,C1,0,Bookkeeping,Facebook Group,2026-06-07,1400
K02029,Jorge,Reyes,jorge.reyes2029@example.com,Mexico,B2,3,Customer Support,Referral,2026-07-02,1400
K02030,Daniela,Gomez,daniela.gomez2030@example.com,Venezuela,B2,6,Executive VA,Facebook Group,2025-12-02,1100
K02031,Sofia,Flores,sofia.flores2031@example.com,Colombia,B2,7,Executive VA,Job Board,2025-02-05,1700
K02032,Diego,Torres,diego.torres2032@example.com,Mexico,B1,5,Executive VA,Facebook Group,2026-05-02,900
K02033,Ricardo,Torres,ricardo.torres2033@example.com,Venezuela,C1,3,Marketing VA,Facebook Group,2025-04-22,1400
K02034,Sofia,Mendoza,sofia.mendoza2034@example.com,Argentina,B2,8,Technical,Facebook Group,2026-03-22,1400
K02035,Andres,Santos,andres.santos2035@example.com,Argentina,C1,0,Customer Support,Website,2026-05-24,2000
K02036,Maria,Rodriguez,maria.rodriguez2036@example.com,Colombia,B2,2,Marketing VA,Referral,2025-03-22,2000
K02037,Camila,Mendoza,camila.mendoza2037@example.com,Colombia,C1,4,Marketing VA,Website,2026-06-26,1700
K02038,Isabella,Rodriguez,isabella.rodriguez2038@example.com,Mexico,B2,4,Sales VA,Website,2025-09-03,900
K02039,Paula,Cruz,paula.cruz2039@example.com,Peru,B2,4,Executive VA,Facebook Group,2025-11-04,1400
K02040,Jorge,Cruz,jorge.cruz2040@example.com,Mexico,B1,5,Executive VA,Facebook Group,2025-05-05,2000
K02041,Valentina,Mendoza,valentina.mendoza2041@example.com,Colombia,B2,8,Sales VA,Job Board,2025-04-30,900
K02042,Miguel,Castillo,miguel.castillo2042@example.com,Brazil,C1,6,Executive VA,Job Board,2025-11-05,1700
K02043,Laura,Reyes,laura.reyes2043@example.com,Colombia,B2,0,Technical,LinkedIn,2026-04-15,700
K02044,Ricardo,Rodriguez,ricardo.rodriguez2044@example.com,Argentina,C1,6,Bookkeeping,Referral,2026-01-24,700
K02045,Valentina,Cruz,valentina.cruz2045@example.com,Philippines,C1,5,Executive VA,Facebook Group,2025-05-25,700
K02046,Ricardo,Rodriguez,ricardo.rodriguez2046@example.com,Colombia,B2,0,Technical,Website,2025-06-15,1100
K02047,Ricardo,Gomez,ricardo.gomez2047@example.com,Colombia,C1,1,Sales VA,Job Board,2025-06-24,1400
K02048,Isabella,Torres,isabella.torres2048@example.com,Philippines,C2,0,Technical,Website,2026-02-07,700
K02049,Isabella,Castillo,isabella.castillo2049@example.com,Venezuela,C1,6,Executive VA,Job Board,2025-09-12,900
K02050,Valentina,Delgado,valentina.delgado2050@example.com,Philippines,C1,6,Customer Support,Referral,2025-09-01,2000
K02051,Andres,Santos,andres.santos2051@example.com,Argentina,C1,0,Executive VA,Facebook Group,2025-04-18,1700
K02052,Ricardo,Ramirez,ricardo.ramirez2052@example.com,Venezuela,B2,12,Executive VA,LinkedIn,2025-09-23,1700
K02053,Ricardo,Mendoza,ricardo.mendoza2053@example.com,Brazil,B2,6,Customer Support,LinkedIn,2025-09-27,1700
K02054,Paula,Rodriguez,paula.rodriguez2054@example.com,Mexico,C1,0,Technical,LinkedIn,2026-06-18,2000
K02055,Paula,Rodriguez,paula.rodriguez2055@example.com,Argentina,B2,4,Marketing VA,Facebook Group,2025-05-26,1100
K02056,Jorge,Cruz,jorge.cruz2056@example.com,Brazil,C1,1,Executive VA,Referral,2025-11-01,900
K02057,Fernando,Gomez,fernando.gomez2057@example.com,Brazil,B1,2,Customer Support,LinkedIn,2025-11-18,1100
K02058,Fernando,Torres,fernando.torres2058@example.com,Mexico,B2,0,Sales VA,LinkedIn,2025-05-11,1100
K02059,Valentina,Torres,valentina.torres2059@example.com,Haiti,B2,3,Bookkeeping,Website,2026-05-12,1700
K02060,Carlos,Castillo,carlos.castillo2060@example.com,Colombia,C2,0,Sales VA,Job Board,2025-01-29,700
K02061,Jorge,Torres,jorge.torres2061@example.com,Colombia,B2,3,Customer Support,LinkedIn,2025-08-04,1700
K02062,Miguel,Rodriguez,miguel.rodriguez2062@example.com,Mexico,B2,1,Sales VA,Referral,2025-10-14,700
K02063,Sofia,Santos,sofia.santos2063@example.com,Venezuela,B2,4,Sales VA,Job Board,2026-03-21,1100
K02064,Ana,Ramirez,ana.ramirez2064@example.com,Philippines,B1,7,Marketing VA,LinkedIn,2025-09-24,1400
K02065,Carlos,Vargas,carlos.vargas2065@example.com,Colombia,C2,4,Bookkeeping,Job Board,2025-07-07,1400
K02066,Paula,Delgado,paula.delgado2066@example.com,Argentina,C1,4,Marketing VA,Facebook Group,2026-05-18,1100
K02067,Fernando,Reyes,fernando.reyes2067@example.com,Dominican Republic,B2,5,Sales VA,Job Board,2025-07-04,700
K02068,Sofia,Reyes,sofia.reyes2068@example.com,Colombia,B2,5,Sales VA,Referral,2025-06-14,900
K02069,Sofia,Reyes,sofia.reyes2069@example.com,Peru,B2,6,Customer Support,LinkedIn,2026-03-18,1700
K02070,Sofia,Vargas,sofia.vargas2070@example.com,Haiti,B1,2,Technical,Referral,2025-08-27,1400
K02071,Andres,Torres,andres.torres2071@example.com,Argentina,C1,5,Technical,LinkedIn,2025-12-09,900
K02072,Diego,Castillo,diego.castillo2072@example.com,Philippines,C2,9,Sales VA,Referral,2025-12-28,900
K02073,Carlos,Delgado,carlos.delgado2073@example.com,Colombia,B1,5,Customer Support,LinkedIn,2025-04-22,1400
K02074,Angelica,Ramirez,angelica.ramirez2074@example.com,Peru,C2,0,Executive VA,LinkedIn,2025-08-09,1700
K02075,Ana,Torres,ana.torres2075@example.com,Haiti,B2,9,Sales VA,Referral,2025-06-24,1400
K02076,Andres,Castillo,andres.castillo2076@example.com,Peru,B2,9,Bookkeeping,Referral,2025-10-08,900
K02077,Maria,Vargas,maria.vargas2077@example.com,Philippines,C1,1,Bookkeeping,LinkedIn,2026-07-04,2000
K02078,Andres,Martinez,andres.martinez2078@example.com,Mexico,C1,4,Sales VA,Referral,2025-12-09,700
K02079,Ana,Reyes,ana.reyes2079@example.com,Peru,B2,3,Customer Support,Referral,2025-01-20,700
K02080,Laura,Ramirez,laura.ramirez2080@example.com,Philippines,C1,2,Sales VA,LinkedIn,2026-03-09,2000
K02081,Valentina,Martinez,valentina.martinez2081@example.com,Mexico,C1,5,Marketing VA,Facebook Group,2025-12-12,1400
K02082,Miguel,Vargas,miguel.vargas2082@example.com,Colombia,B2,3,Bookkeeping,Facebook Group,2025-07-13,1700
K02083,Jose,Delgado,jose.delgado2083@example.com,Mexico,C1,4,Bookkeeping,Referral,2025-04-10,1400
K02084,Ana,Castillo,ana.castillo2084@example.com,Philippines,B2,1,Customer Support,LinkedIn,2025-03-19,1100
K02085,Jorge,Rojas,jorge.rojas2085@example.com,Mexico,B1,6,Bookkeeping,LinkedIn,2025-11-20,2000
K02086,Ana,Gomez,ana.gomez2086@example.com,Argentina,C1,4,Executive VA,Job Board,2026-02-08,1700
K02087,Luis,Castillo,luis.castillo2087@example.com,Mexico,C1,2,Bookkeeping,Website,2025-08-10,1100
K02088,Miguel,Gomez,miguel.gomez2088@example.com,Argentina,C1,3,Executive VA,Referral,2025-05-16,1700
K02089,Valentina,Vargas,valentina.vargas2089@example.com,Mexico,C2,3,Sales VA,Referral,2026-02-13,1700
K02090,Juan,Cruz,juan.cruz2090@example.com,Brazil,B1,5,Executive VA,LinkedIn,2026-04-29,1700
K02091,Fernando,Delgado,fernando.delgado2091@example.com,Argentina,C1,2,Sales VA,LinkedIn,2026-01-22,1100
K02092,Maria,Castillo,maria.castillo2092@example.com,Peru,B2,5,Sales VA,Facebook Group,2025-07-08,900
K02093,Carlos,Martinez,carlos.martinez2093@example.com,Colombia,B2,5,Customer Support,Referral,2026-06-29,900
K02094,Camila,Mendoza,camila.mendoza2094@example.com,Mexico,B2,4,Marketing VA,LinkedIn,2025-09-03,1100
K02095,Angelica,Gomez,angelica.gomez2095@example.com,Argentina,C1,4,Customer Support,Website,2026-02-18,1100
K02096,Daniela,Martinez,daniela.martinez2096@example.com,Mexico,B1,8,Customer Support,Job Board,2025-04-22,2000
K02097,Sofia,Ramirez,sofia.ramirez2097@example.com,Venezuela,B2,7,Marketing VA,Job Board,2025-11-18,700
K02098,Angelica,Ramirez,angelica.ramirez2098@example.com,Colombia,B2,2,Sales VA,Website,2025-12-06,700
K02099,Andres,Mendoza,andres.mendoza2099@example.com,Philippines,B2,7,Customer Support,Referral,2025-10-05,1400
K02100,Valentina,Castillo,valentina.castillo2100@example.com,Philippines,B2,3,Customer Support,Website,2026-03-05,2000
K02101,Camila,Delgado,camila.delgado2101@example.com,Colombia,B2,3,Marketing VA,Job Board,2025-06-21,1700
K02102,Isabella,Rojas,isabella.rojas2102@example.com,Philippines,C1,1,Executive VA,Job Board,2025-01-20,1100
K02103,Ana,Delgado,ana.delgado2103@example.com,Dominican Republic,B1,4,Marketing VA,Facebook Group,2026-07-20,1700
K02104,Jorge,Cruz,jorge.cruz2104@example.com,Dominican Republic,B2,3,Sales VA,Job Board,2026-05-26,1400
K02105,Jorge,Reyes,jorge.reyes2105@example.com,Mexico,B2,3,Executive VA,Referral,2025-10-27,1700
K02106,Camila,Castillo,camila.castillo2106@example.com,Venezuela,C1,1,Customer Support,LinkedIn,2025-02-25,900
K02107,Sofia,Torres,sofia.torres2107@example.com,Peru,B2,9,Marketing VA,Facebook Group,2026-01-19,900
K02108,Ana,Vargas,ana.vargas2108@example.com,Guatemala,C2,5,Executive VA,Referral,2026-06-20,1700
K02109,Angelica,Cruz,angelica.cruz2109@example.com,Argentina,B2,5,Bookkeeping,Facebook Group,2026-05-27,2000
K02110,Fernando,Rojas,fernando.rojas2110@example.com,Argentina,B2,6,Executive VA,Website,2025-09-25,2000
K02111,Fernando,Rodriguez,fernando.rodriguez2111@example.com,Philippines,C1,1,Sales VA,Job Board,2025-02-24,700
K02112,Jose,Vargas,jose.vargas2112@example.com,Mexico,C1,3,Bookkeeping,Facebook Group,2025-09-12,1400
K02113,Laura,Ramirez,laura.ramirez2113@example.com,Mexico,C1,1,Executive VA,LinkedIn,2025-08-30,1100
K02114,Fernando,Santos,fernando.santos2114@example.com,Philippines,C1,2,Customer Support,LinkedIn,2025-04-17,2000
K02115,Sofia,Delgado,sofia.delgado2115@example.com,Guatemala,B2,0,Bookkeeping,Facebook Group,2025-05-18,900
K02116,Paula,Mendoza,paula.mendoza2116@example.com,Mexico,C1,7,Marketing VA,LinkedIn,2026-04-18,1700
K02117,Daniela,Cruz,daniela.cruz2117@example.com,Argentina,C1,7,Sales VA,Job Board,2025-09-25,700
K02118,Luis,Vargas,luis.vargas2118@example.com,Colombia,B2,3,Sales VA,Facebook Group,2025-10-08,700
K02119,Camila,Reyes,camila.reyes2119@example.com,Colombia,C1,7,Bookkeeping,Job Board,2025-02-23,900
K02120,Valentina,Santos,valentina.santos2120@example.com,Peru,B2,6,Executive VA,Referral,2026-04-01,1700
K02121,Fernando,Castillo,fernando.castillo2121@example.com,Venezuela,B2,5,Technical,Website,2025-11-03,1700
K02122,Miguel,Delgado,miguel.delgado2122@example.com,Philippines,C1,6,Customer Support,LinkedIn,2025-06-26,2000
K02123,Andres,Martinez,andres.martinez2123@example.com,Philippines,B2,3,Sales VA,Referral,2025-11-17,1700
K02124,Luis,Flores,luis.flores2124@example.com,Argentina,B2,4,Technical,Website,2026-04-23,1100
K02125,Maria,Torres,maria.torres2125@example.com,Dominican Republic,C2,5,Sales VA,Facebook Group,2026-03-27,1400
K02126,Camila,Mendoza,camila.mendoza2126@example.com,Peru,B1,2,Marketing VA,Facebook Group,2025-04-27,2000
K02127,Camila,Santos,camila.santos2127@example.com,Haiti,B2,4,Marketing VA,Facebook Group,2026-05-09,1100
K02128,Ana,Ramirez,ana.ramirez2128@example.com,Dominican Republic,C1,5,Sales VA,Job Board,2025-09-19,900
K02129,Carlos,Castillo,carlos.castillo2129@example.com,Mexico,C1,3,Executive VA,Job Board,2026-01-18,1400
K02130,Ricardo,Cruz,ricardo.cruz2130@example.com,Venezuela,B1,1,Technical,Job Board,2026-05-23,1100
K02131,Valentina,Cruz,valentina.cruz2131@example.com,Mexico,B2,7,Technical,Referral,2026-01-14,700
K02132,Paula,Reyes,paula.reyes2132@example.com,Colombia,C1,5,Marketing VA,Job Board,2026-07-23,900
K02133,Miguel,Mendoza,miguel.mendoza2133@example.com,Colombia,B1,4,Executive VA,Facebook Group,2025-12-17,2000
K02134,Maria,Ramirez,maria.ramirez2134@example.com,Peru,C1,7,Sales VA,Referral,2025-04-14,1100
K02135,Ricardo,Ramirez,ricardo.ramirez2135@example.com,Argentina,B2,4,Bookkeeping,Job Board,2025-10-26,900
K02136,Jose,Mendoza,jose.mendoza2136@example.com,Colombia,B1,6,Marketing VA,LinkedIn,2026-03-09,900
K02137,Maria,Castillo,maria.castillo2137@example.com,Argentina,B2,0,Customer Support,Referral,2025-05-27,1100
K02138,Luis,Reyes,luis.reyes2138@example.com,Venezuela,C2,1,Sales VA,Website,2025-11-01,1700
K02139,Isabella,Torres,isabella.torres2139@example.com,Brazil,C1,1,Technical,Referral,2025-07-17,2000
K02140,Andres,Martinez,andres.martinez2140@example.com,Philippines,B2,8,Sales VA,Referral,2026-04-22,1400
K02141,Ana,Delgado,ana.delgado2141@example.com,Peru,C1,4,Bookkeeping,Facebook Group,2025-06-07,700
K02142,Miguel,Rojas,miguel.rojas2142@example.com,Colombia,B2,3,Sales VA,LinkedIn,2026-05-23,2000
K02143,Luis,Mendoza,luis.mendoza2143@example.com,Mexico,C1,3,Sales VA,Facebook Group,2025-01-07,2000
K02144,Daniela,Mendoza,daniela.mendoza2144@example.com,Guatemala,B2,5,Marketing VA,Facebook Group,2025-03-24,1100
K02145,Ricardo,Cruz,ricardo.cruz2145@example.com,Mexico,C1,11,Executive VA,Website,2025-07-25,1400
K02146,Fernando,Rojas,fernando.rojas2146@example.com,Peru,B2,0,Technical,Facebook Group,2025-09-23,1100
K02147,Juan,Martinez,juan.martinez2147@example.com,Colombia,C2,2,Marketing VA,LinkedIn,2025-11-17,1100
K02148,Paula,Vargas,paula.vargas2148@example.com,Haiti,C1,2,Technical,Job Board,2025-08-20,1100
K02149,Miguel,Gomez,miguel.gomez2149@example.com,Venezuela,C1,7,Sales VA,Referral,2026-06-27,1100
K02150,Angelica,Cruz,angelica.cruz2150@example.com,Mexico,B1,5,Customer Support,LinkedIn,2025-09-17,900
K02151,Isabella,Martinez,isabella.martinez2151@example.com,Venezuela,C2,2,Marketing VA,Referral,2025-06-06,2000
K02152,Ana,Martinez,ana.martinez2152@example.com,Colombia,B1,5,Marketing VA,Facebook Group,2025-12-21,700
K02153,Carlos,Gomez,carlos.gomez2153@example.com,Colombia,B2,5,Marketing VA,Facebook Group,2025-06-09,700
K02154,Angelica,Vargas,angelica.vargas2154@example.com,Dominican Republic,B2,2,Technical,Referral,2026-06-20,1700
K02155,Miguel,Rodriguez,miguel.rodriguez2155@example.com,Venezuela,B2,3,Bookkeeping,Job Board,2026-04-11,1400
K02156,Ricardo,Rodriguez,ricardo.rodriguez2156@example.com,Philippines,B2,1,Marketing VA,LinkedIn,2026-01-25,700
K02157,Isabella,Ramirez,isabella.ramirez2157@example.com,Mexico,C1,5,Executive VA,Facebook Group,2025-09-09,700
K02158,Luis,Ramirez,luis.ramirez2158@example.com,Brazil,C2,6,Marketing VA,Job Board,2026-07-02,900
K02159,Sofia,Mendoza,sofia.mendoza2159@example.com,Philippines,B2,8,Sales VA,LinkedIn,2025-04-10,700
K02160,Diego,Santos,diego.santos2160@example.com,Mexico,C1,6,Sales VA,Job Board,2026-07-22,900
K02161,Carlos,Mendoza,carlos.mendoza2161@example.com,Guatemala,B2,9,Technical,Website,2026-01-14,2000
K02162,Fernando,Reyes,fernando.reyes2162@example.com,Venezuela,B1,2,Technical,Website,2026-03-18,1700
K02163,Andres,Castillo,andres.castillo2163@example.com,Philippines,C1,6,Bookkeeping,Facebook Group,2025-03-30,2000
K02164,Camila,Flores,camila.flores2164@example.com,Haiti,C1,7,Customer Support,Job Board,2025-04-09,700
K02165,Paula,Torres,paula.torres2165@example.com,Colombia,B2,5,Sales VA,Referral,2025-09-17,700
K02166,Angelica,Delgado,angelica.delgado2166@example.com,Colombia,B2,2,Sales VA,Website,2026-01-10,700
K02167,Carlos,Torres,carlos.torres2167@example.com,Argentina,B2,9,Customer Support,LinkedIn,2025-01-30,1100
K02168,Isabella,Cruz,isabella.cruz2168@example.com,Colombia,B2,7,Customer Support,Facebook Group,2025-02-03,1400
K02169,Andres,Reyes,andres.reyes2169@example.com,Peru,C1,7,Sales VA,Website,2025-10-25,1700
K02170,Jorge,Rojas,jorge.rojas2170@example.com,Mexico,C1,6,Executive VA,Job Board,2025-01-11,1100
K02171,Carlos,Cruz,carlos.cruz2171@example.com,Argentina,B1,0,Executive VA,Facebook Group,2026-02-11,1400
K02172,Ana,Martinez,ana.martinez2172@example.com,Peru,C1,5,Bookkeeping,Referral,2025-09-20,2000
K02173,Camila,Castillo,camila.castillo2173@example.com,Colombia,B1,8,Bookkeeping,Job Board,2026-02-16,1700
K02174,Juan,Santos,juan.santos2174@example.com,Peru,C2,4,Marketing VA,LinkedIn,2026-03-17,1700
K02175,Ana,Rojas,ana.rojas2175@example.com,Colombia,B2,5,Bookkeeping,Website,2026-07-06,1400
K02176,Isabella,Torres,isabella.torres2176@example.com,Dominican Republic,C2,6,Customer Support,Referral,2025-12-02,900
K02177,Diego,Vargas,diego.vargas2177@example.com,Colombia,B1,0,Marketing VA,LinkedIn,2026-07-01,700
K02178,Fernando,Cruz,fernando.cruz2178@example.com,Colombia,C1,6,Technical,Referral,2025-01-26,700
K02179,Miguel,Delgado,miguel.delgado2179@example.com,Colombia,C1,3,Customer Support,Job Board,2026-06-08,900
K02180,Maria,Gomez,maria.gomez2180@example.com,Venezuela,B2,5,Executive VA,Job Board,2025-02-05,1100
K02181,Maria,Mendoza,maria.mendoza2181@example.com,Mexico,B2,0,Executive VA,LinkedIn,2025-07-03,1700
K02182,Jose,Rojas,jose.rojas2182@example.com,Mexico,B2,6,Executive VA,Referral,2025-08-28,1400
K02183,Daniela,Reyes,daniela.reyes2183@example.com,Argentina,B2,6,Executive VA,Job Board,2026-04-05,900
K02184,Andres,Delgado,andres.delgado2184@example.com,Philippines,B2,2,Marketing VA,Facebook Group,2025-06-03,1700
K02185,Ana,Mendoza,ana.mendoza2185@example.com,Colombia,C1,4,Customer Support,Referral,2025-01-13,700
K02186,Maria,Castillo,maria.castillo2186@example.com,Colombia,C1,4,Marketing VA,Job Board,2025-06-17,2000
K02187,Maria,Delgado,maria.delgado2187@example.com,Guatemala,B1,2,Customer Support,Website,2025-12-04,2000
K02188,Jose,Torres,jose.torres2188@example.com,Philippines,B2,0,Executive VA,Referral,2026-02-14,1400
K02189,Ana,Gomez,ana.gomez2189@example.com,Colombia,B2,8,Customer Support,Job Board,2026-05-05,1100
K02190,Ricardo,Reyes,ricardo.reyes2190@example.com,Mexico,B1,6,Technical,LinkedIn,2025-09-27,1700
K02191,Andres,Reyes,andres.reyes2191@example.com,Mexico,B2,7,Sales VA,Job Board,2025-01-01,2000
K02192,Juan,Martinez,juan.martinez2192@example.com,Philippines,C1,1,Customer Support,Job Board,2026-04-06,900
K02193,Angelica,Rojas,angelica.rojas2193@example.com,Colombia,C2,2,Customer Support,Facebook Group,2025-02-21,1700
K02194,Laura,Ramirez,laura.ramirez2194@example.com,Dominican Republic,C1,5,Customer Support,LinkedIn,2025-06-30,2000
K02195,Isabella,Gomez,isabella.gomez2195@example.com,Philippines,B1,6,Executive VA,Referral,2026-01-21,900
K02196,Diego,Vargas,diego.vargas2196@example.com,Venezuela,C1,5,Customer Support,Referral,2025-12-29,1100
K02197,Ana,Santos,ana.santos2197@example.com,Dominican Republic,C1,3,Bookkeeping,Job Board,2025-12-25,1700
K02198,Paula,Rodriguez,paula.rodriguez2198@example.com,Colombia,C2,4,Marketing VA,Job Board,2026-05-31,1100
K02199,Miguel,Santos,miguel.santos2199@example.com,Peru,B2,7,Customer Support,Facebook Group,2026-02-27,1400
K02200,Jose,Rojas,jose.rojas2200@example.com,Argentina,C2,2,Technical,Job Board,2025-10-07,1100
K02201,Isabella,Flores,isabella.flores2201@example.com,Philippines,B2,7,Technical,Website,2026-02-11,900
K02202,Jose,Vargas,jose.vargas2202@example.com,Argentina,B1,2,Customer Support,Referral,2026-01-31,1400
K02203,Miguel,Castillo,miguel.castillo2203@example.com,Peru,C1,6,Technical,Facebook Group,2025-03-14,1400
K02204,Valentina,Santos,valentina.santos2204@example.com,Mexico,C2,6,Executive VA,Referral,2025-09-23,1100
K02205,Diego,Gomez,diego.gomez2205@example.com,Peru,B2,7,Customer Support,LinkedIn,2025-08-02,700
K02206,Diego,Flores,diego.flores2206@example.com,Philippines,B1,2,Marketing VA,Facebook Group,2025-02-11,1400
K02207,Juan,Vargas,juan.vargas2207@example.com,Philippines,B2,6,Marketing VA,Website,2025-09-14,1700
K02208,Maria,Torres,maria.torres2208@example.com,Philippines,B2,5,Sales VA,Website,2025-02-25,1700
K02209,Camila,Reyes,camila.reyes2209@example.com,Colombia,C2,1,Executive VA,Website,2026-03-06,1400
K02210,Ana,Cruz,ana.cruz2210@example.com,Colombia,C1,0,Executive VA,Facebook Group,2025-03-08,1700
K02211,Andres,Rodriguez,andres.rodriguez2211@example.com,Peru,C1,0,Marketing VA,Website,2026-02-19,700
K02212,Carlos,Torres,carlos.torres2212@example.com,Mexico,B1,4,Bookkeeping,Facebook Group,2026-04-30,1100
K02213,Camila,Santos,camila.santos2213@example.com,Peru,B2,2,Executive VA,LinkedIn,2025-03-20,1400
K02214,Miguel,Martinez,miguel.martinez2214@example.com,Philippines,B2,0,Executive VA,Facebook Group,2025-09-29,900
K02215,Juan,Martinez,juan.martinez2215@example.com,Guatemala,B2,7,Sales VA,Job Board,2025-04-27,1700
K02216,Sofia,Gomez,sofia.gomez2216@example.com,Philippines,B2,4,Executive VA,Website,2025-10-19,900
K02217,Andres,Torres,andres.torres2217@example.com,Dominican Republic,C1,9,Sales VA,Referral,2025-10-01,1400
K02218,Luis,Santos,luis.santos2218@example.com,Mexico,B2,3,Technical,Job Board,2026-03-14,1100
K02219,Sofia,Delgado,sofia.delgado2219@example.com,Colombia,B1,5,Technical,Facebook Group,2025-11-07,1700
K02220,Camila,Mendoza,camila.mendoza2220@example.com,Colombia,B2,2,Sales VA,LinkedIn,2025-12-02,2000
K02221,Andres,Gomez,andres.gomez2221@example.com,Dominican Republic,C1,3,Marketing VA,Facebook Group,2025-09-07,700
K02222,Maria,Mendoza,maria.mendoza2222@example.com,Colombia,B2,5,Executive VA,Job Board,2025-05-24,900
K02223,Diego,Torres,diego.torres2223@example.com,Guatemala,C1,6,Sales VA,LinkedIn,2025-06-06,1100
K02224,Andres,Martinez,andres.martinez2224@example.com,Venezuela,C1,5,Technical,LinkedIn,2026-04-21,1700
K02225,Diego,Reyes,diego.reyes2225@example.com,Colombia,C2,1,Executive VA,LinkedIn,2025-02-12,1700
K02226,Miguel,Cruz,miguel.cruz2226@example.com,Mexico,B2,3,Executive VA,Facebook Group,2025-03-16,1400
K02227,Ana,Rodriguez,ana.rodriguez2227@example.com,Colombia,C2,2,Marketing VA,Job Board,2025-10-27,2000
K02228,Angelica,Castillo,angelica.castillo2228@example.com,Argentina,C1,5,Marketing VA,Referral,2025-07-20,1400
K02229,Valentina,Santos,valentina.santos2229@example.com,Guatemala,B2,4,Customer Support,Website,2026-06-09,1100
K02230,Ana,Flores,ana.flores2230@example.com,Colombia,B1,4,Executive VA,LinkedIn,2025-07-22,1100
K02231,Jorge,Reyes,jorge.reyes2231@example.com,Venezuela,C1,3,Technical,Website,2025-01-13,1400
K02232,Andres,Mendoza,andres.mendoza2232@example.com,Dominican Republic,B2,9,Marketing VA,LinkedIn,2025-04-09,1100
K02233,Jorge,Mendoza,jorge.mendoza2233@example.com,Colombia,C2,4,Customer Support,Facebook Group,2025-05-11,900
K02234,Camila,Santos,camila.santos2234@example.com,Venezuela,C1,1,Executive VA,LinkedIn,2026-02-13,1700
K02235,Ricardo,Mendoza,ricardo.mendoza2235@example.com,Peru,C2,2,Marketing VA,Website,2025-02-02,900
K02236,Ricardo,Flores,ricardo.flores2236@example.com,Philippines,C1,5,Sales VA,Referral,2025-07-05,700
K02237,Isabella,Reyes,isabella.reyes2237@example.com,Philippines,C1,2,Bookkeeping,Website,2026-04-07,1400
K02238,Laura,Castillo,laura.castillo2238@example.com,Philippines,B2,3,Sales VA,Website,2026-06-27,1400
K02239,Andres,Flores,andres.flores2239@example.com,Philippines,B2,6,Executive VA,Facebook Group,2025-05-26,700
K02240,Valentina,Santos,valentina.santos2240@example.com,Haiti,C1,3,Executive VA,LinkedIn,2026-06-30,1700
K02241,Luis,Martinez,luis.martinez2241@example.com,Argentina,B2,7,Sales VA,Facebook Group,2025-03-27,2000
K02242,Jose,Flores,jose.flores2242@example.com,Peru,C2,5,Marketing VA,Job Board,2025-01-25,1700
K02243,Jorge,Martinez,jorge.martinez2243@example.com,Colombia,C2,5,Executive VA,Job Board,2025-03-22,1700
K02244,Daniela,Torres,daniela.torres2244@example.com,Philippines,B2,1,Executive VA,Website,2026-05-13,700
K02245,Angelica,Gomez,angelica.gomez2245@example.com,Venezuela,C2,3,Customer Support,Facebook Group,2025-07-05,1100
K02246,Laura,Santos,laura.santos2246@example.com,Peru,B2,2,Customer Support,Website,2025-04-17,1700
K02247,Angelica,Delgado,angelica.delgado2247@example.com,Guatemala,C1,4,Executive VA,Facebook Group,2025-04-07,700
K02248,Valentina,Reyes,valentina.reyes2248@example.com,Brazil,B1,6,Customer Support,Facebook Group,2026-03-11,1400
K02249,Laura,Flores,laura.flores2249@example.com,Philippines,B2,2,Sales VA,Facebook Group,2026-01-17,1700
K02250,Sofia,Santos,sofia.santos2250@example.com,Mexico,C1,4,Customer Support,Job Board,2026-04-16,1400
K02251,Angelica,Cruz,angelica.cruz2251@example.com,Dominican Republic,B2,4,Customer Support,Website,2025-08-06,1100
K02252,Ana,Santos,ana.santos2252@example.com,Mexico,B2,7,Bookkeeping,Job Board,2026-05-15,2000
K02253,Carlos,Santos,carlos.santos2253@example.com,Argentina,C1,3,Sales VA,Referral,2025-01-03,1400
K02254,Sofia,Vargas,sofia.vargas2254@example.com,Philippines,C1,1,Technical,LinkedIn,2025-05-17,1100
K02255,Daniela,Delgado,daniela.delgado2255@example.com,Peru,B2,5,Bookkeeping,Referral,2025-05-28,900
K02256,Miguel,Torres,miguel.torres2256@example.com,Argentina,C1,3,Sales VA,Job Board,2026-07-21,900
K02257,Miguel,Flores,miguel.flores2257@example.com,Colombia,B2,5,Executive VA,LinkedIn,2026-06-03,2000
K02258,Ana,Martinez,ana.martinez2258@example.com,Brazil,C1,3,Marketing VA,Job Board,2025-05-07,900
K02259,Valentina,Cruz,valentina.cruz2259@example.com,Argentina,B1,8,Customer Support,Referral,2025-09-28,2000
K02260,Jose,Delgado,jose.delgado2260@example.com,Brazil,B2,4,Technical,Referral,2026-05-11,1700
K02261,Paula,Mendoza,paula.mendoza2261@example.com,Colombia,C1,8,Bookkeeping,Job Board,2025-10-18,900
K02262,Luis,Mendoza,luis.mendoza2262@example.com,Colombia,B2,2,Marketing VA,Job Board,2025-10-09,700
K02263,Camila,Gomez,camila.gomez2263@example.com,Peru,B2,4,Customer Support,Referral,2026-01-29,700
K02264,Jorge,Mendoza,jorge.mendoza2264@example.com,Brazil,B1,2,Technical,LinkedIn,2026-02-23,700
K02265,Paula,Castillo,paula.castillo2265@example.com,Mexico,B2,5,Bookkeeping,Referral,2025-01-28,1700
K02266,Valentina,Rodriguez,valentina.rodriguez2266@example.com,Venezuela,B2,5,Executive VA,Facebook Group,2026-05-13,2000
K02267,Laura,Torres,laura.torres2267@example.com,Peru,B1,5,Executive VA,LinkedIn,2025-03-10,2000
K02268,Fernando,Ramirez,fernando.ramirez2268@example.com,Mexico,C1,6,Sales VA,Website,2026-01-30,900
K02269,Jorge,Castillo,jorge.castillo2269@example.com,Venezuela,C1,3,Sales VA,Referral,2026-01-16,2000
K02270,Angelica,Castillo,angelica.castillo2270@example.com,Philippines,C1,3,Bookkeeping,Facebook Group,2025-05-20,1700
K02271,Daniela,Rojas,daniela.rojas2271@example.com,Haiti,C1,0,Customer Support,LinkedIn,2026-06-25,1100
K02272,Sofia,Martinez,sofia.martinez2272@example.com,Mexico,C1,1,Executive VA,Referral,2025-08-24,1100
K02273,Sofia,Gomez,sofia.gomez2273@example.com,Philippines,B2,5,Marketing VA,Website,2025-08-06,900
K02274,Juan,Mendoza,juan.mendoza2274@example.com,Mexico,B1,4,Sales VA,Facebook Group,2025-01-04,700
K02275,Sofia,Rodriguez,sofia.rodriguez2275@example.com,Colombia,B1,3,Marketing VA,Website,2026-05-11,900
K02276,Daniela,Rodriguez,daniela.rodriguez2276@example.com,Colombia,B2,7,Bookkeeping,Facebook Group,2026-03-28,1700
K02277,Miguel,Rojas,miguel.rojas2277@example.com,Mexico,B1,7,Sales VA,Referral,2026-02-19,1400
K02278,Ricardo,Vargas,ricardo.vargas2278@example.com,Colombia,C2,5,Marketing VA,LinkedIn,2026-04-25,1400
K02279,Angelica,Mendoza,angelica.mendoza2279@example.com,Philippines,B1,12,Executive VA,Website,2026-05-30,900
K02280,Diego,Martinez,diego.martinez2280@example.com,Colombia,C1,4,Marketing VA,Facebook Group,2025-05-11,2000
K02281,Angelica,Mendoza,angelica.mendoza2281@example.com,Mexico,C1,0,Customer Support,Referral,2026-06-30,700
K02282,Fernando,Delgado,fernando.delgado2282@example.com,Mexico,C1,8,Executive VA,LinkedIn,2026-01-28,1700
K02283,Andres,Gomez,andres.gomez2283@example.com,Colombia,B2,9,Technical,Facebook Group,2025-01-12,1400
K02284,Laura,Castillo,laura.castillo2284@example.com,Venezuela,B2,6,Customer Support,LinkedIn,2025-08-11,900
K02285,Juan,Rodriguez,juan.rodriguez2285@example.com,Mexico,C1,7,Marketing VA,Referral,2025-06-22,900
K02286,Miguel,Mendoza,miguel.mendoza2286@example.com,Colombia,B2,4,Sales VA,Referral,2025-12-09,1400
K02287,Luis,Torres,luis.torres2287@example.com,Guatemala,C1,0,Bookkeeping,LinkedIn,2026-06-07,1100
K02288,Ricardo,Martinez,ricardo.martinez2288@example.com,Brazil,B1,6,Technical,LinkedIn,2025-01-29,2000
K02289,Valentina,Flores,valentina.flores2289@example.com,Colombia,B1,1,Marketing VA,Website,2026-05-14,2000
K02290,Carlos,Delgado,carlos.delgado2290@example.com,Dominican Republic,C2,1,Sales VA,Job Board,2025-06-05,2000
K02291,Ana,Castillo,ana.castillo2291@example.com,Peru,C2,0,Sales VA,Facebook Group,2026-04-15,1100
K02292,Juan,Cruz,juan.cruz2292@example.com,Mexico,C1,7,Executive VA,Referral,2026-05-15,2000
K02293,Ricardo,Rojas,ricardo.rojas2293@example.com,Peru,B2,0,Executive VA,LinkedIn,2025-07-08,1400
K02294,Luis,Reyes,luis.reyes2294@example.com,Colombia,C1,3,Customer Support,LinkedIn,2026-07-03,900
K02295,Fernando,Vargas,fernando.vargas2295@example.com,Philippines,B2,5,Sales VA,Job Board,2025-06-15,1400
K02296,Maria,Delgado,maria.delgado2296@example.com,Argentina,B1,3,Marketing VA,Facebook Group,2025-12-23,1700
K02297,Maria,Santos,maria.santos2297@example.com,Philippines,C2,0,Executive VA,LinkedIn,2025-05-15,1700
K02298,Isabella,Castillo,isabella.castillo2298@example.com,Argentina,B1,6,Technical,Website,2025-01-20,1700
K02299,Juan,Flores,juan.flores2299@example.com,Peru,C1,4,Bookkeeping,LinkedIn,2026-02-24,1400
K02300,Ricardo,Torres,ricardo.torres2300@example.com,Mexico,B2,0,Bookkeeping,Facebook Group,2026-01-10,2000
K02301,Carlos,Santos,carlos.santos2301@example.com,Argentina,B2,5,Sales VA,Job Board,2026-02-20,1100
K02302,Laura,Rojas,laura.rojas2302@example.com,Haiti,C2,8,Customer Support,LinkedIn,2025-07-31,1100
K02303,Laura,Flores,laura.flores2303@example.com,Peru,B2,2,Marketing VA,LinkedIn,2025-11-30,2000
K02304,Andres,Martinez,andres.martinez2304@example.com,Guatemala,C1,7,Marketing VA,Referral,2025-04-16,700
K02305,Juan,Gomez,juan.gomez2305@example.com,Colombia,C1,6,Bookkeeping,Job Board,2025-10-21,2000
K02306,Diego,Castillo,diego.castillo2306@example.com,Mexico,B2,6,Customer Support,Website,2026-04-19,700
K02307,Diego,Torres,diego.torres2307@example.com,Colombia,B2,3,Customer Support,Facebook Group,2025-04-13,900
K02308,Camila,Mendoza,camila.mendoza2308@example.com,Colombia,B2,2,Marketing VA,LinkedIn,2026-07-01,900
K02309,Paula,Vargas,paula.vargas2309@example.com,Philippines,B2,4,Customer Support,Facebook Group,2025-01-05,1100
K02310,Ana,Ramirez,ana.ramirez2310@example.com,Philippines,B2,1,Bookkeeping,Job Board,2026-04-12,1700
K02311,Camila,Flores,camila.flores2311@example.com,Colombia,C1,6,Executive VA,Job Board,2026-05-26,900
K02312,Diego,Torres,diego.torres2312@example.com,Mexico,C1,2,Customer Support,Job Board,2026-04-05,700
K02313,Diego,Flores,diego.flores2313@example.com,Mexico,B2,3,Executive VA,Facebook Group,2026-04-26,2000
K02314,Laura,Reyes,laura.reyes2314@example.com,Guatemala,B2,4,Bookkeeping,Referral,2026-01-03,1100
K02315,Paula,Rodriguez,paula.rodriguez2315@example.com,Colombia,B1,1,Marketing VA,Referral,2026-03-07,1700
K02316,Angelica,Reyes,angelica.reyes2316@example.com,Philippines,C2,5,Sales VA,LinkedIn,2025-03-30,2000
K02317,Diego,Rodriguez,diego.rodriguez2317@example.com,Mexico,B2,3,Bookkeeping,Job Board,2025-02-26,1400
K02318,Angelica,Castillo,angelica.castillo2318@example.com,Philippines,B2,0,Technical,Facebook Group,2026-05-26,1100
K02319,Jose,Ramirez,jose.ramirez2319@example.com,Argentina,B2,5,Customer Support,LinkedIn,2026-07-09,1400
K02320,Miguel,Rojas,miguel.rojas2320@example.com,Mexico,C1,4,Marketing VA,Job Board,2025-10-31,700
K02321,Juan,Mendoza,juan.mendoza2321@example.com,Peru,B1,3,Customer Support,LinkedIn,2025-07-04,1400
K02322,Isabella,Cruz,isabella.cruz2322@example.com,Colombia,C1,0,Technical,Facebook Group,2025-07-23,900
K02323,Ricardo,Martinez,ricardo.martinez2323@example.com,Venezuela,C1,0,Bookkeeping,Referral,2025-07-09,1700
K02324,Diego,Vargas,diego.vargas2324@example.com,Colombia,B2,1,Sales VA,Website,2025-06-12,700
K02325,Valentina,Rodriguez,valentina.rodriguez2325@example.com,Haiti,C1,4,Bookkeeping,LinkedIn,2025-11-05,2000
K02326,Maria,Mendoza,maria.mendoza2326@example.com,Mexico,B1,5,Sales VA,Job Board,2025-08-18,1100
K02327,Ricardo,Rojas,ricardo.rojas2327@example.com,Haiti,B1,7,Technical,Facebook Group,2025-06-29,700
K02328,Maria,Torres,maria.torres2328@example.com,Mexico,C1,4,Bookkeeping,Job Board,2025-08-09,1400
K02329,Daniela,Martinez,daniela.martinez2329@example.com,Peru,B1,3,Executive VA,Referral,2025-07-01,1400
K02330,Maria,Castillo,maria.castillo2330@example.com,Argentina,B2,7,Technical,Referral,2025-05-21,700
K02331,Carlos,Rojas,carlos.rojas2331@example.com,Guatemala,B2,8,Marketing VA,Website,2026-01-02,2000
K02332,Isabella,Vargas,isabella.vargas2332@example.com,Philippines,B1,6,Bookkeeping,Referral,2026-04-30,2000
K02333,Maria,Gomez,maria.gomez2333@example.com,Haiti,C1,1,Customer Support,Job Board,2026-03-01,1700
K02334,Isabella,Flores,isabella.flores2334@example.com,Colombia,C1,10,Executive VA,Facebook Group,2026-06-25,1100
K02335,Maria,Flores,maria.flores2335@example.com,Brazil,B2,5,Marketing VA,Facebook Group,2025-09-24,1400
K02336,Angelica,Torres,angelica.torres2336@example.com,Argentina,B1,4,Customer Support,LinkedIn,2026-04-11,2000
K02337,Camila,Flores,camila.flores2337@example.com,Peru,B2,2,Sales VA,Job Board,2025-07-31,900
K02338,Diego,Reyes,diego.reyes2338@example.com,Dominican Republic,C1,5,Sales VA,Website,2026-05-30,2000
K02339,Ana,Flores,ana.flores2339@example.com,Mexico,B2,4,Bookkeeping,LinkedIn,2026-05-30,700
K02340,Fernando,Mendoza,fernando.mendoza2340@example.com,Philippines,B1,4,Customer Support,LinkedIn,2026-05-18,700
K02341,Carlos,Santos,carlos.santos2341@example.com,Philippines,B2,5,Executive VA,Referral,2026-03-24,2000
K02342,Maria,Vargas,maria.vargas2342@example.com,Mexico,C1,2,Bookkeeping,LinkedIn,2025-09-18,1400
K02343,Diego,Ramirez,diego.ramirez2343@example.com,Colombia,C1,5,Bookkeeping,Website,2025-06-10,900
K02344,Isabella,Castillo,isabella.castillo2344@example.com,Dominican Republic,B2,2,Technical,Facebook Group,2026-06-14,1700
K02345,Jose,Delgado,jose.delgado2345@example.com,Mexico,B1,4,Technical,LinkedIn,2025-11-13,1700
K02346,Angelica,Mendoza,angelica.mendoza2346@example.com,Peru,B1,5,Executive VA,Facebook Group,2026-06-13,1100
K02347,Laura,Castillo,laura.castillo2347@example.com,Dominican Republic,B2,2,Bookkeeping,Website,2026-05-20,900
K02348,Fernando,Flores,fernando.flores2348@example.com,Brazil,B2,7,Sales VA,LinkedIn,2025-02-24,1100
K02349,Daniela,Gomez,daniela.gomez2349@example.com,Colombia,C2,1,Sales VA,Facebook Group,2025-03-25,1400
K02350,Paula,Cruz,paula.cruz2350@example.com,Colombia,C2,3,Marketing VA,LinkedIn,2025-02-19,1700
K02351,Ana,Torres,ana.torres2351@example.com,Peru,B2,5,Executive VA,Referral,2026-05-14,900
K02352,Daniela,Ramirez,daniela.ramirez2352@example.com,Colombia,C1,4,Executive VA,Job Board,2025-06-09,1700
K02353,Carlos,Torres,carlos.torres2353@example.com,Mexico,B2,2,Bookkeeping,Facebook Group,2025-02-26,900
K02354,Carlos,Gomez,carlos.gomez2354@example.com,Philippines,B2,5,Technical,Facebook Group,2025-05-17,700
K02355,Daniela,Ramirez,daniela.ramirez2355@example.com,Colombia,C1,8,Sales VA,LinkedIn,2026-03-14,900
K02356,Miguel,Gomez,miguel.gomez2356@example.com,Philippines,C1,0,Customer Support,Website,2026-04-19,1100
K02357,Diego,Cruz,diego.cruz2357@example.com,Argentina,B2,3,Sales VA,Job Board,2025-04-02,700
K02358,Andres,Reyes,andres.reyes2358@example.com,Colombia,B2,8,Technical,LinkedIn,2025-04-24,1700
K02359,Camila,Delgado,camila.delgado2359@example.com,Peru,C2,5,Executive VA,LinkedIn,2026-06-24,2000
K02360,Daniela,Flores,daniela.flores2360@example.com,Mexico,C1,6,Customer Support,LinkedIn,2025-09-07,2000
K02361,Sofia,Santos,sofia.santos2361@example.com,Mexico,C1,6,Bookkeeping,Website,2026-04-26,1400
K02362,Andres,Santos,andres.santos2362@example.com,Brazil,B2,7,Bookkeeping,Job Board,2026-06-17,900
K02363,Angelica,Rodriguez,angelica.rodriguez2363@example.com,Philippines,B1,3,Technical,Facebook Group,2026-01-24,700
K02364,Juan,Cruz,juan.cruz2364@example.com,Mexico,C1,7,Sales VA,Job Board,2026-02-17,700
K02365,Angelica,Torres,angelica.torres2365@example.com,Argentina,C2,1,Executive VA,Facebook Group,2026-01-30,1400
K02366,Ricardo,Flores,ricardo.flores2366@example.com,Dominican Republic,B2,3,Marketing VA,Facebook Group,2026-06-26,2000
K02367,Jose,Cruz,jose.cruz2367@example.com,Philippines,B2,4,Customer Support,Facebook Group,2025-05-28,1700
K02368,Ana,Rojas,ana.rojas2368@example.com,Colombia,B2,5,Sales VA,Website,2026-02-20,1700
K02369,Daniela,Rojas,daniela.rojas2369@example.com,Argentina,B2,1,Sales VA,Job Board,2025-07-08,900
K02370,Andres,Rojas,andres.rojas2370@example.com,Haiti,B2,6,Technical,Facebook Group,2025-10-10,2000
K02371,Fernando,Castillo,fernando.castillo2371@example.com,Peru,B2,7,Customer Support,Website,2025-03-09,2000
K02372,Andres,Flores,andres.flores2372@example.com,Colombia,B1,1,Technical,Website,2025-04-05,1700
K02373,Laura,Santos,laura.santos2373@example.com,Philippines,C1,3,Executive VA,LinkedIn,2026-04-20,1700
K02374,Jose,Castillo,jose.castillo2374@example.com,Brazil,B1,3,Executive VA,Facebook Group,2026-07-08,1400
K02375,Fernando,Reyes,fernando.reyes2375@example.com,Venezuela,B2,5,Marketing VA,LinkedIn,2026-02-10,1400
K02376,Luis,Mendoza,luis.mendoza2376@example.com,Colombia,B1,4,Marketing VA,LinkedIn,2026-01-17,1700
K02377,Fernando,Vargas,fernando.vargas2377@example.com,Mexico,C1,8,Customer Support,Facebook Group,2026-01-25,1100
K02378,Laura,Rodriguez,laura.rodriguez2378@example.com,Venezuela,C1,2,Bookkeeping,Facebook Group,2026-06-02,2000
K02379,Sofia,Rodriguez,sofia.rodriguez2379@example.com,Colombia,C1,7,Sales VA,Website,2026-07-09,900
K02380,Valentina,Cruz,valentina.cruz2380@example.com,Colombia,B2,6,Marketing VA,Referral,2025-03-14,1400
K02381,Sofia,Vargas,sofia.vargas2381@example.com,Venezuela,C1,7,Sales VA,LinkedIn,2025-02-05,700
K02382,Ricardo,Martinez,ricardo.martinez2382@example.com,Haiti,C2,0,Customer Support,Website,2025-07-09,700
K02383,Daniela,Castillo,daniela.castillo2383@example.com,Colombia,C1,7,Marketing VA,Job Board,2025-03-31,900
K02384,Luis,Ramirez,luis.ramirez2384@example.com,Mexico,C1,2,Sales VA,Website,2026-07-19,1700
K02385,Ricardo,Mendoza,ricardo.mendoza2385@example.com,Mexico,B2,2,Customer Support,Referral,2026-07-12,1700
K02386,Angelica,Cruz,angelica.cruz2386@example.com,Philippines,B2,5,Bookkeeping,Job Board,2025-07-06,1700
K02387,Juan,Flores,juan.flores2387@example.com,Philippines,C1,2,Executive VA,Facebook Group,2025-11-06,1700
K02388,Ana,Santos,ana.santos2388@example.com,Mexico,B1,5,Marketing VA,Referral,2025-02-10,1400
K02389,Angelica,Flores,angelica.flores2389@example.com,Philippines,B2,4,Technical,Referral,2026-05-21,1400
K02390,Diego,Martinez,diego.martinez2390@example.com,Brazil,B1,7,Customer Support,Job Board,2025-10-15,700
K02391,Juan,Castillo,juan.castillo2391@example.com,Brazil,C2,6,Executive VA,Referral,2025-03-15,1700
K02392,Jose,Ramirez,jose.ramirez2392@example.com,Mexico,C2,3,Executive VA,Facebook Group,2026-03-13,1100
K02393,Paula,Rodriguez,paula.rodriguez2393@example.com,Dominican Republic,C1,7,Technical,Job Board,2026-01-23,1700
K02394,Jorge,Flores,jorge.flores2394@example.com,Philippines,C1,4,Customer Support,Job Board,2025-02-27,1400
K02395,Daniela,Rodriguez,daniela.rodriguez2395@example.com,Dominican Republic,C1,0,Customer Support,Facebook Group,2025-03-11,1100
K02396,Paula,Castillo,paula.castillo2396@example.com,Colombia,B2,0,Marketing VA,Facebook Group,2025-02-24,700
K02397,Valentina,Ramirez,valentina.ramirez2397@example.com,Dominican Republic,B1,2,Sales VA,LinkedIn,2025-06-03,1100
K02398,Fernando,Castillo,fernando.castillo2398@example.com,Colombia,B2,3,Bookkeeping,Job Board,2026-06-19,1100
K02399,Isabella,Flores,isabella.flores2399@example.com,Colombia,C1,0,Bookkeeping,Website,2025-11-18,1100
K02400,Jose,Santos,jose.santos2400@example.com,Peru,C1,4,Bookkeeping,LinkedIn,2025-01-10,700
K02401,Sofia,Martinez,sofia.martinez2401@example.com,Philippines,C1,7,Technical,Referral,2026-02-15,900
K02402,Jorge,Cruz,jorge.cruz2402@example.com,Peru,C1,3,Sales VA,Facebook Group,2025-04-01,700
K02403,Fernando,Delgado,fernando.delgado2403@example.com,Philippines,C1,9,Sales VA,Referral,2025-10-31,1400
K02404,Valentina,Mendoza,valentina.mendoza2404@example.com,Venezuela,C1,7,Bookkeeping,Website,2025-04-26,1400
K02405,Andres,Martinez,andres.martinez2405@example.com,Argentina,B2,2,Marketing VA,Website,2025-01-21,1100
K02406,Carlos,Santos,carlos.santos2406@example.com,Colombia,B2,4,Technical,Website,2025-02-07,1100
K02407,Ricardo,Vargas,ricardo.vargas2407@example.com,Mexico,B2,2,Technical,Website,2025-08-22,1100
K02408,Ricardo,Cruz,ricardo.cruz2408@example.com,Mexico,C2,4,Sales VA,Job Board,2025-04-26,900
K02409,Maria,Castillo,maria.castillo2409@example.com,Brazil,B2,0,Technical,LinkedIn,2025-06-24,1700
K02410,Isabella,Reyes,isabella.reyes2410@example.com,Philippines,C1,3,Bookkeeping,Referral,2025-12-07,1700
K02411,Camila,Castillo,camila.castillo2411@example.com,Haiti,B2,3,Sales VA,Job Board,2025-07-21,1100
K02412,Juan,Rodriguez,juan.rodriguez2412@example.com,Colombia,B2,5,Executive VA,Referral,2025-06-12,900
K02413,Jose,Rojas,jose.rojas2413@example.com,Mexico,B2,5,Sales VA,Job Board,2026-04-02,1100
K02414,Laura,Reyes,laura.reyes2414@example.com,Venezuela,B2,6,Customer Support,Referral,2026-01-17,900
K02415,Luis,Vargas,luis.vargas2415@example.com,Philippines,B2,2,Customer Support,Website,2026-06-12,900
K02416,Valentina,Torres,valentina.torres2416@example.com,Colombia,B1,2,Bookkeeping,Facebook Group,2026-07-10,1700
K02417,Daniela,Castillo,daniela.castillo2417@example.com,Colombia,B2,4,Bookkeeping,Facebook Group,2025-11-25,700
K02418,Ricardo,Castillo,ricardo.castillo2418@example.com,Mexico,C1,4,Sales VA,Website,2025-04-25,700
K02419,Isabella,Gomez,isabella.gomez2419@example.com,Colombia,B1,3,Technical,Facebook Group,2025-01-20,900
K02420,Daniela,Castillo,daniela.castillo2420@example.com,Peru,B2,5,Bookkeeping,Job Board,2025-01-28,2000
K02421,Luis,Martinez,luis.martinez2421@example.com,Dominican Republic,B2,4,Bookkeeping,LinkedIn,2026-01-18,900
K02422,Laura,Delgado,laura.delgado2422@example.com,Colombia,C2,2,Technical,Referral,2025-10-21,700
K02423,Jose,Vargas,jose.vargas2423@example.com,Argentina,B1,3,Sales VA,Job Board,2025-09-08,700
K02424,Paula,Mendoza,paula.mendoza2424@example.com,Peru,B2,5,Executive VA,Website,2025-10-27,900
K02425,Laura,Castillo,laura.castillo2425@example.com,Mexico,B1,5,Sales VA,Job Board,2026-03-24,700
K02426,Camila,Mendoza,camila.mendoza2426@example.com,Colombia,B1,9,Marketing VA,Facebook Group,2026-07-11,1400
K02427,Miguel,Torres,miguel.torres2427@example.com,Venezuela,C1,4,Technical,Referral,2025-05-06,900
K02428,Maria,Mendoza,maria.mendoza2428@example.com,Mexico,B2,2,Bookkeeping,Job Board,2025-05-21,1400
K02429,Diego,Mendoza,diego.mendoza2429@example.com,Philippines,C1,0,Sales VA,Job Board,2026-05-29,1400
K02430,Camila,Rojas,camila.rojas2430@example.com,Dominican Republic,B1,0,Executive VA,Facebook Group,2026-01-23,1100
K02431,Jose,Delgado,jose.delgado2431@example.com,Mexico,B2,0,Technical,Job Board,2025-01-29,2000
K02432,Carlos,Torres,carlos.torres2432@example.com,Colombia,B2,2,Executive VA,Website,2025-11-30,700
K02433,Jose,Rodriguez,jose.rodriguez2433@example.com,Philippines,B1,6,Bookkeeping,Facebook Group,2025-03-29,1400
K02434,Angelica,Rodriguez,angelica.rodriguez2434@example.com,Colombia,C2,2,Bookkeeping,Facebook Group,2025-10-28,2000
K02435,Jorge,Mendoza,jorge.mendoza2435@example.com,Philippines,C1,6,Customer Support,Facebook Group,2025-06-01,1100
K02436,Carlos,Santos,carlos.santos2436@example.com,Mexico,B2,6,Technical,Facebook Group,2026-04-15,1700
K02437,Angelica,Flores,angelica.flores2437@example.com,Philippines,B2,5,Executive VA,Website,2025-01-13,2000
K02438,Luis,Santos,luis.santos2438@example.com,Mexico,B2,5,Executive VA,Job Board,2025-10-21,2000
K02439,Sofia,Torres,sofia.torres2439@example.com,Brazil,B2,0,Sales VA,Website,2026-04-18,2000
K02440,Jorge,Martinez,jorge.martinez2440@example.com,Brazil,C1,0,Executive VA,Referral,2025-05-09,700
K02441,Isabella,Santos,isabella.santos2441@example.com,Dominican Republic,B1,4,Sales VA,Facebook Group,2025-03-15,1100
K02442,Fernando,Delgado,fernando.delgado2442@example.com,Colombia,B1,7,Sales VA,Website,2025-12-31,2000
K02443,Jorge,Cruz,jorge.cruz2443@example.com,Guatemala,C2,9,Customer Support,LinkedIn,2025-12-14,1100
K02444,Angelica,Rojas,angelica.rojas2444@example.com,Philippines,C2,6,Technical,Facebook Group,2026-03-24,1700
K02445,Ricardo,Delgado,ricardo.delgado2445@example.com,Mexico,B1,5,Sales VA,Facebook Group,2025-09-14,1700
K02446,Carlos,Santos,carlos.santos2446@example.com,Mexico,C2,2,Executive VA,Referral,2025-09-28,900
K02447,Valentina,Mendoza,valentina.mendoza2447@example.com,Colombia,C1,3,Technical,Facebook Group,2026-06-18,1700
K02448,Angelica,Ramirez,angelica.ramirez2448@example.com,Venezuela,B2,9,Marketing VA,Facebook Group,2026-05-16,900
K02449,Angelica,Santos,angelica.santos2449@example.com,Mexico,B1,2,Sales VA,Job Board,2026-02-02,700
K02450,Angelica,Rojas,angelica.rojas2450@example.com,Philippines,B2,7,Executive VA,Facebook Group,2025-12-10,1100
K02451,Jose,Gomez,jose.gomez2451@example.com,Peru,B2,0,Customer Support,Referral,2026-05-06,1700
K02452,Laura,Santos,laura.santos2452@example.com,Argentina,C1,6,Sales VA,LinkedIn,2026-04-19,1700
K02453,Juan,Rojas,juan.rojas2453@example.com,Peru,C1,3,Marketing VA,Referral,2025-02-27,1400
K02454,Luis,Mendoza,luis.mendoza2454@example.com,Colombia,B1,4,Technical,Job Board,2026-01-02,700
K02455,Jose,Cruz,jose.cruz2455@example.com,Peru,B1,2,Executive VA,Facebook Group,2026-01-30,1100
K02456,Sofia,Delgado,sofia.delgado2456@example.com,Philippines,C1,7,Executive VA,Facebook Group,2025-05-28,1400
K02457,Fernando,Vargas,fernando.vargas2457@example.com,Venezuela,B2,0,Bookkeeping,Job Board,2025-01-20,700
K02458,Valentina,Rojas,valentina.rojas2458@example.com,Colombia,B2,5,Sales VA,Facebook Group,2026-05-16,2000
K02459,Carlos,Flores,carlos.flores2459@example.com,Mexico,B2,3,Customer Support,Job Board,2025-08-03,1400
K02460,Jorge,Santos,jorge.santos2460@example.com,Philippines,B2,7,Sales VA,Facebook Group,2026-01-16,900
K02461,Laura,Rodriguez,laura.rodriguez2461@example.com,Philippines,C1,0,Bookkeeping,Facebook Group,2026-06-21,1400
K02462,Maria,Ramirez,maria.ramirez2462@example.com,Philippines,B2,5,Marketing VA,LinkedIn,2025-01-04,1400
K02463,Carlos,Flores,carlos.flores2463@example.com,Dominican Republic,C2,3,Technical,Referral,2025-08-29,1700
K02464,Camila,Gomez,camila.gomez2464@example.com,Venezuela,B2,3,Customer Support,LinkedIn,2025-09-22,1700
K02465,Luis,Castillo,luis.castillo2465@example.com,Mexico,C1,1,Marketing VA,Website,2025-11-20,2000
K02466,Fernando,Santos,fernando.santos2466@example.com,Mexico,B2,0,Marketing VA,Referral,2025-08-24,700
K02467,Juan,Mendoza,juan.mendoza2467@example.com,Mexico,B2,1,Executive VA,Job Board,2026-07-04,1400
K02468,Ricardo,Torres,ricardo.torres2468@example.com,Peru,C1,3,Customer Support,LinkedIn,2026-05-25,1100
K02469,Maria,Ramirez,maria.ramirez2469@example.com,Venezuela,C1,8,Sales VA,Referral,2025-11-06,1100
K02470,Daniela,Vargas,daniela.vargas2470@example.com,Brazil,B1,4,Executive VA,Facebook Group,2025-04-28,1700
K02471,Sofia,Delgado,sofia.delgado2471@example.com,Philippines,B1,5,Technical,Website,2025-12-16,1100
K02472,Fernando,Santos,fernando.santos2472@example.com,Colombia,C1,1,Marketing VA,Referral,2025-11-15,700
K02473,Fernando,Reyes,fernando.reyes2473@example.com,Argentina,C1,2,Executive VA,LinkedIn,2026-04-27,900
K02474,Jose,Cruz,jose.cruz2474@example.com,Brazil,C1,4,Marketing VA,Facebook Group,2026-01-06,1700
K02475,Paula,Rodriguez,paula.rodriguez2475@example.com,Colombia,B2,1,Bookkeeping,LinkedIn,2026-02-27,700
K02476,Diego,Rojas,diego.rojas2476@example.com,Philippines,B2,3,Sales VA,Website,2025-01-05,900
K02477,Daniela,Cruz,daniela.cruz2477@example.com,Dominican Republic,C1,2,Bookkeeping,Facebook Group,2025-09-03,1700
K02478,Ana,Cruz,ana.cruz2478@example.com,Peru,B1,2,Technical,Job Board,2025-01-19,900
K02479,Andres,Torres,andres.torres2479@example.com,Colombia,C1,2,Sales VA,Referral,2025-08-03,900
K02480,Jose,Mendoza,jose.mendoza2480@example.com,Guatemala,C1,4,Marketing VA,Website,2025-04-19,700
K02481,Daniela,Martinez,daniela.martinez2481@example.com,Venezuela,C2,4,Executive VA,LinkedIn,2025-09-18,1700
K02482,Paula,Mendoza,paula.mendoza2482@example.com,Venezuela,B2,4,Marketing VA,Website,2025-01-10,900
K02483,Diego,Gomez,diego.gomez2483@example.com,Colombia,B1,6,Technical,Website,2025-10-17,1700
K02484,Ana,Martinez,ana.martinez2484@example.com,Mexico,C1,5,Sales VA,Website,2025-10-14,1700
K02485,Isabella,Delgado,isabella.delgado2485@example.com,Colombia,B1,2,Sales VA,Job Board,2025-03-10,2000
K02486,Juan,Flores,juan.flores2486@example.com,Brazil,C1,5,Sales VA,Website,2026-01-12,1100
K02487,Camila,Delgado,camila.delgado2487@example.com,Philippines,B1,6,Sales VA,Facebook Group,2025-08-18,1700
K02488,Diego,Reyes,diego.reyes2488@example.com,Argentina,C2,3,Bookkeeping,Job Board,2026-04-09,1400
K02489,Daniela,Reyes,daniela.reyes2489@example.com,Colombia,C2,7,Sales VA,Referral,2025-05-14,2000
K02490,Fernando,Mendoza,fernando.mendoza2490@example.com,Colombia,B1,4,Customer Support,LinkedIn,2025-08-04,700
K02491,Ricardo,Ramirez,ricardo.ramirez2491@example.com,Colombia,B2,1,Sales VA,Job Board,2026-05-16,1100
K02492,Juan,Reyes,juan.reyes2492@example.com,Mexico,B2,6,Executive VA,Website,2026-03-02,1100
K02493,Jose,Cruz,jose.cruz2493@example.com,Venezuela,B1,2,Sales VA,Job Board,2025-09-04,900
K02494,Isabella,Delgado,isabella.delgado2494@example.com,Argentina,B1,1,Bookkeeping,LinkedIn,2025-02-10,900
K02495,Valentina,Gomez,valentina.gomez2495@example.com,Mexico,B2,9,Executive VA,Job Board,2025-07-30,1100
K02496,Juan,Castillo,juan.castillo2496@example.com,Peru,B2,0,Customer Support,LinkedIn,2025-07-25,1400
K02497,Ana,Mendoza,ana.mendoza2497@example.com,Philippines,C1,1,Customer Support,Referral,2025-10-16,1400
K02498,Jose,Santos,jose.santos2498@example.com,Philippines,C2,7,Sales VA,Facebook Group,2025-08-14,1100
K02499,Jose,Castillo,jose.castillo2499@example.com,Peru,C1,7,Customer Support,LinkedIn,2026-04-01,2000
K02500,Andres,Flores,andres.flores2500@example.com,Guatemala,C1,6,Sales VA,LinkedIn,2025-01-11,1100
K02501,Sofia,Flores,sofia.flores2501@example.com,Venezuela,B2,4,Customer Support,Job Board,2026-01-04,2000
K02502,Isabella,Santos,isabella.santos2502@example.com,Brazil,B1,1,Customer Support,Referral,2025-07-25,2000
K02503,Jose,Rodriguez,jose.rodriguez2503@example.com,Philippines,C1,4,Sales VA,Job Board,2025-02-04,1400
K02504,Ana,Martinez,ana.martinez2504@example.com,Philippines,B1,7,Sales VA,Referral,2026-05-02,700
K02505,Juan,Vargas,juan.vargas2505@example.com,Dominican Republic,B1,7,Sales VA,Website,2025-06-19,900
K02506,Luis,Delgado,luis.delgado2506@example.com,Mexico,B2,5,Marketing VA,Referral,2026-02-04,1400
K02507,Maria,Reyes,maria.reyes2507@example.com,Haiti,B2,6,Sales VA,Website,2025-04-29,2000
K02508,Andres,Martinez,andres.martinez2508@example.com,Colombia,C1,3,Executive VA,Referral,2025-06-10,1400
K02509,Camila,Santos,camila.santos2509@example.com,Venezuela,B2,3,Marketing VA,LinkedIn,2025-10-09,2000
K02510,Isabella,Gomez,isabella.gomez2510@example.com,Peru,B2,6,Sales VA,Referral,2025-07-18,1700
K02511,Paula,Martinez,paula.martinez2511@example.com,Argentina,B2,5,Sales VA,LinkedIn,2025-03-22,1700
K02512,Laura,Rojas,laura.rojas2512@example.com,Philippines,B1,2,Bookkeeping,Website,2025-07-10,1100
K02513,Camila,Castillo,camila.castillo2513@example.com,Colombia,B2,1,Customer Support,Website,2025-04-06,1100
K02514,Valentina,Flores,valentina.flores2514@example.com,Philippines,C2,3,Marketing VA,Website,2025-04-18,700
K02515,Ana,Gomez,ana.gomez2515@example.com,Philippines,C1,4,Bookkeeping,Website,2025-04-18,1400
K02516,Juan,Santos,juan.santos2516@example.com,Philippines,B2,10,Customer Support,Referral,2025-11-10,700
K02517,Diego,Martinez,diego.martinez2517@example.com,Philippines,B2,9,Bookkeeping,Facebook Group,2026-04-29,1700
K02518,Paula,Reyes,paula.reyes2518@example.com,Argentina,C1,3,Marketing VA,LinkedIn,2025-11-23,1100
K02519,Ricardo,Reyes,ricardo.reyes2519@example.com,Venezuela,C2,1,Executive VA,LinkedIn,2025-11-24,900
K02520,Jose,Torres,jose.torres2520@example.com,Colombia,B2,3,Marketing VA,Referral,2025-03-19,900
K02521,Juan,Santos,juan.santos2521@example.com,Colombia,B2,8,Marketing VA,LinkedIn,2025-03-23,1400
K02522,Luis,Flores,luis.flores2522@example.com,Peru,C2,4,Customer Support,Website,2026-02-15,1700
K02523,Miguel,Reyes,miguel.reyes2523@example.com,Argentina,C1,5,Bookkeeping,Facebook Group,2025-08-09,2000
K02524,Camila,Rojas,camila.rojas2524@example.com,Colombia,B2,4,Bookkeeping,Referral,2026-06-02,2000
K02525,Jose,Castillo,jose.castillo2525@example.com,Mexico,B2,3,Sales VA,LinkedIn,2026-05-30,2000
K02526,Carlos,Ramirez,carlos.ramirez2526@example.com,Philippines,B1,3,Marketing VA,Referral,2025-11-10,900
K02527,Jorge,Ramirez,jorge.ramirez2527@example.com,Argentina,C1,6,Marketing VA,LinkedIn,2025-03-05,900
K02528,Jorge,Gomez,jorge.gomez2528@example.com,Colombia,B2,5,Bookkeeping,LinkedIn,2026-06-06,1700
K02529,Jorge,Martinez,jorge.martinez2529@example.com,Argentina,C1,5,Customer Support,Job Board,2025-03-10,700
K02530,Ricardo,Martinez,ricardo.martinez2530@example.com,Mexico,B2,7,Bookkeeping,Facebook Group,2025-06-14,2000
K02531,Maria,Mendoza,maria.mendoza2531@example.com,Philippines,C1,8,Customer Support,Referral,2025-07-01,1100
K02532,Miguel,Vargas,miguel.vargas2532@example.com,Colombia,B2,8,Marketing VA,LinkedIn,2025-02-15,1400
K02533,Laura,Reyes,laura.reyes2533@example.com,Colombia,B2,5,Sales VA,Referral,2025-07-30,700
K02534,Camila,Santos,camila.santos2534@example.com,Philippines,B2,4,Technical,Referral,2026-02-28,900
K02535,Juan,Cruz,juan.cruz2535@example.com,Guatemala,B2,0,Marketing VA,Website,2025-08-11,900
K02536,Daniela,Reyes,daniela.reyes2536@example.com,Colombia,B1,0,Customer Support,Website,2025-02-19,1700
K02537,Carlos,Torres,carlos.torres2537@example.com,Mexico,C1,1,Bookkeeping,Job Board,2025-07-05,1700
K02538,Daniela,Cruz,daniela.cruz2538@example.com,Argentina,C2,2,Technical,Job Board,2025-01-21,900
K02539,Daniela,Rodriguez,daniela.rodriguez2539@example.com,Philippines,B2,5,Sales VA,Website,2025-01-06,900
K02540,Isabella,Ramirez,isabella.ramirez2540@example.com,Dominican Republic,C1,6,Marketing VA,Facebook Group,2026-03-23,900
K02541,Jorge,Santos,jorge.santos2541@example.com,Colombia,C1,4,Executive VA,Referral,2025-05-02,700
K02542,Laura,Martinez,laura.martinez2542@example.com,Argentina,C1,6,Marketing VA,LinkedIn,2026-02-28,1100
K02543,Maria,Rodriguez,maria.rodriguez2543@example.com,Colombia,B2,5,Bookkeeping,Facebook Group,2025-10-25,700
K02544,Daniela,Cruz,daniela.cruz2544@example.com,Philippines,C1,6,Sales VA,Facebook Group,2025-02-09,1400
K02545,Ricardo,Reyes,ricardo.reyes2545@example.com,Venezuela,C1,2,Bookkeeping,Referral,2025-08-19,900
K02546,Valentina,Flores,valentina.flores2546@example.com,Philippines,B2,7,Marketing VA,Website,2026-02-28,1100
K02547,Luis,Cruz,luis.cruz2547@example.com,Philippines,B2,5,Marketing VA,LinkedIn,2025-05-05,700
K02548,Luis,Castillo,luis.castillo2548@example.com,Mexico,B1,6,Sales VA,Facebook Group,2026-06-28,900
K02549,Jose,Delgado,jose.delgado2549@example.com,Argentina,B2,1,Bookkeeping,Referral,2026-06-20,2000
K02550,Miguel,Flores,miguel.flores2550@example.com,Philippines,B1,3,Technical,Job Board,2025-04-09,1400
K02551,Valentina,Delgado,valentina.delgado2551@example.com,Colombia,C1,1,Sales VA,Referral,2026-05-26,900
K02552,Ana,Torres,ana.torres2552@example.com,Venezuela,B2,3,Executive VA,Job Board,2026-07-08,1700
K02553,Carlos,Rodriguez,carlos.rodriguez2553@example.com,Colombia,B2,9,Marketing VA,Job Board,2025-11-09,1400
K02554,Juan,Cruz,juan.cruz2554@example.com,Mexico,C1,5,Sales VA,Referral,2025-11-09,700
K02555,Ricardo,Martinez,ricardo.martinez2555@example.com,Argentina,B2,4,Executive VA,Website,2026-03-06,2000
K02556,Ricardo,Castillo,ricardo.castillo2556@example.com,Colombia,B2,8,Customer Support,Website,2025-09-25,700
K02557,Daniela,Castillo,daniela.castillo2557@example.com,Dominican Republic,B2,0,Technical,LinkedIn,2026-02-04,1100
K02558,Valentina,Flores,valentina.flores2558@example.com,Argentina,B2,7,Customer Support,LinkedIn,2025-04-20,2000
K02559,Juan,Torres,juan.torres2559@example.com,Mexico,C2,4,Customer Support,LinkedIn,2026-06-10,1400
K02560,Maria,Vargas,maria.vargas2560@example.com,Philippines,C2,2,Marketing VA,Referral,2025-12-14,1400
K02561,Ana,Martinez,ana.martinez2561@example.com,Philippines,B2,5,Executive VA,Job Board,2026-02-11,1700
K02562,Isabella,Delgado,isabella.delgado2562@example.com,Colombia,B2,0,Marketing VA,Facebook Group,2026-02-06,1700
K02563,Ricardo,Castillo,ricardo.castillo2563@example.com,Colombia,B1,6,Bookkeeping,Referral,2026-02-24,2000
K02564,Miguel,Martinez,miguel.martinez2564@example.com,Venezuela,B2,4,Bookkeeping,Facebook Group,2025-05-02,700
K02565,Paula,Martinez,paula.martinez2565@example.com,Venezuela,C1,1,Sales VA,Job Board,2025-09-15,700
K02566,Maria,Gomez,maria.gomez2566@example.com,Peru,B2,12,Marketing VA,Website,2025-10-11,1400
K02567,Fernando,Mendoza,fernando.mendoza2567@example.com,Mexico,B2,0,Bookkeeping,Facebook Group,2026-04-22,900
K02568,Paula,Santos,paula.santos2568@example.com,Colombia,B2,0,Sales VA,Website,2026-04-06,2000
K02569,Maria,Vargas,maria.vargas2569@example.com,Mexico,C1,6,Executive VA,Referral,2025-02-02,700
K02570,Angelica,Gomez,angelica.gomez2570@example.com,Colombia,C1,3,Marketing VA,Facebook Group,2026-04-17,1400
K02571,Ana,Reyes,ana.reyes2571@example.com,Brazil,C2,4,Sales VA,Job Board,2026-03-30,1100
K02572,Paula,Santos,paula.santos2572@example.com,Argentina,C1,4,Customer Support,LinkedIn,2026-06-04,700
K02573,Miguel,Torres,miguel.torres2573@example.com,Mexico,B2,5,Customer Support,Facebook Group,2025-02-04,2000
K02574,Maria,Vargas,maria.vargas2574@example.com,Peru,B2,7,Sales VA,LinkedIn,2026-02-26,1100
K02575,Luis,Flores,luis.flores2575@example.com,Colombia,B2,5,Customer Support,Website,2026-01-09,1700
K02576,Fernando,Santos,fernando.santos2576@example.com,Mexico,C1,1,Bookkeeping,Website,2025-02-24,1700
K02577,Jorge,Vargas,jorge.vargas2577@example.com,Dominican Republic,B2,5,Executive VA,Facebook Group,2025-12-17,1700
K02578,Jose,Santos,jose.santos2578@example.com,Colombia,B1,2,Marketing VA,Referral,2025-03-21,1400
K02579,Valentina,Reyes,valentina.reyes2579@example.com,Mexico,B2,2,Marketing VA,LinkedIn,2025-03-14,1700
K02580,Diego,Gomez,diego.gomez2580@example.com,Colombia,C1,5,Executive VA,Website,2025-03-10,2000
K02581,Valentina,Delgado,valentina.delgado2581@example.com,Peru,B2,4,Customer Support,Facebook Group,2025-06-26,2000
K02582,Carlos,Castillo,carlos.castillo2582@example.com,Argentina,B2,3,Sales VA,Facebook Group,2026-03-14,900
K02583,Maria,Reyes,maria.reyes2583@example.com,Argentina,C1,5,Marketing VA,Referral,2026-05-01,1700
K02584,Ana,Vargas,ana.vargas2584@example.com,Venezuela,C1,6,Executive VA,Job Board,2026-06-16,2000
K02585,Jose,Cruz,jose.cruz2585@example.com,Mexico,C2,7,Marketing VA,Referral,2025-05-03,1400
K02586,Sofia,Torres,sofia.torres2586@example.com,Mexico,B2,4,Executive VA,Job Board,2025-02-27,700
K02587,Carlos,Rojas,carlos.rojas2587@example.com,Peru,B2,7,Executive VA,Website,2026-01-10,700
K02588,Maria,Gomez,maria.gomez2588@example.com,Brazil,C2,5,Bookkeeping,Facebook Group,2026-04-27,2000
K02589,Daniela,Rojas,daniela.rojas2589@example.com,Philippines,B1,5,Marketing VA,Referral,2025-09-09,700
K02590,Jose,Reyes,jose.reyes2590@example.com,Haiti,B2,8,Executive VA,Referral,2026-01-28,700
K02591,Jorge,Reyes,jorge.reyes2591@example.com,Colombia,C1,6,Executive VA,LinkedIn,2026-02-12,1100
K02592,Jorge,Rojas,jorge.rojas2592@example.com,Mexico,C1,5,Executive VA,Referral,2025-04-05,1700
K02593,Diego,Gomez,diego.gomez2593@example.com,Venezuela,B1,4,Sales VA,LinkedIn,2026-03-12,1100
K02594,Andres,Rodriguez,andres.rodriguez2594@example.com,Peru,C1,2,Technical,LinkedIn,2026-06-15,900
K02595,Luis,Flores,luis.flores2595@example.com,Colombia,B2,3,Customer Support,Facebook Group,2026-05-19,1100
K02596,Maria,Vargas,maria.vargas2596@example.com,Argentina,B1,1,Technical,LinkedIn,2025-12-20,2000
K02597,Jose,Rojas,jose.rojas2597@example.com,Argentina,C1,10,Sales VA,Referral,2025-11-10,2000
K02598,Juan,Rodriguez,juan.rodriguez2598@example.com,Philippines,B2,3,Sales VA,Referral,2025-11-09,900
K02599,Carlos,Vargas,carlos.vargas2599@example.com,Mexico,C1,5,Technical,Facebook Group,2025-04-20,2000
K02600,Carlos,Martinez,carlos.martinez2600@example.com,Dominican Republic,C1,4,Sales VA,Job Board,2026-04-01,1100
K02601,Laura,Martinez,laura.martinez2601@example.com,Philippines,B1,1,Customer Support,Referral,2025-08-19,1100
K02602,Diego,Rojas,diego.rojas2602@example.com,Argentina,B1,4,Sales VA,Facebook Group,2025-09-05,700
K02603,Laura,Gomez,laura.gomez2603@example.com,Colombia,C2,2,Marketing VA,Facebook Group,2025-10-10,1100
K02604,Ricardo,Santos,ricardo.santos2604@example.com,Guatemala,C1,0,Technical,Website,2025-07-18,700
K02605,Laura,Torres,laura.torres2605@example.com,Philippines,B1,0,Executive VA,LinkedIn,2025-04-08,700
K02606,Paula,Santos,paula.santos2606@example.com,Colombia,B2,3,Customer Support,Job Board,2025-07-04,700
K02607,Sofia,Rojas,sofia.rojas2607@example.com,Philippines,B2,7,Sales VA,Job Board,2025-09-02,1100
K02608,Jose,Santos,jose.santos2608@example.com,Philippines,C1,7,Bookkeeping,Job Board,2025-07-18,900
K02609,Ana,Delgado,ana.delgado2609@example.com,Colombia,B1,6,Customer Support,Referral,2025-09-13,700
K02610,Maria,Cruz,maria.cruz2610@example.com,Peru,B1,5,Executive VA,LinkedIn,2026-02-02,2000
K02611,Maria,Ramirez,maria.ramirez2611@example.com,Philippines,B2,5,Executive VA,Referral,2026-01-16,1700
K02612,Jose,Ramirez,jose.ramirez2612@example.com,Colombia,B2,6,Marketing VA,Facebook Group,2025-03-28,700
K02613,Daniela,Martinez,daniela.martinez2613@example.com,Colombia,C1,8,Sales VA,Facebook Group,2025-11-17,2000
K02614,Laura,Rojas,laura.rojas2614@example.com,Argentina,B2,1,Sales VA,Facebook Group,2025-05-31,2000
K02615,Maria,Delgado,maria.delgado2615@example.com,Mexico,B2,5,Marketing VA,Referral,2026-02-09,1400
K02616,Paula,Castillo,paula.castillo2616@example.com,Argentina,B2,3,Bookkeeping,Referral,2026-07-04,700
K02617,Ricardo,Vargas,ricardo.vargas2617@example.com,Argentina,C2,2,Executive VA,Facebook Group,2026-02-02,2000
K02618,Sofia,Rojas,sofia.rojas2618@example.com,Brazil,B1,1,Technical,Website,2025-02-27,700
K02619,Ricardo,Vargas,ricardo.vargas2619@example.com,Peru,C1,3,Sales VA,Referral,2026-05-30,1400
K02620,Sofia,Mendoza,sofia.mendoza2620@example.com,Mexico,C1,4,Technical,Job Board,2025-07-19,2000
K02621,Sofia,Santos,sofia.santos2621@example.com,Peru,B2,6,Bookkeeping,Facebook Group,2026-02-14,700
K02622,Isabella,Martinez,isabella.martinez2622@example.com,Philippines,B2,0,Customer Support,Job Board,2026-07-23,700
K02623,Fernando,Mendoza,fernando.mendoza2623@example.com,Argentina,B1,2,Sales VA,Website,2025-02-13,700
K02624,Angelica,Mendoza,angelica.mendoza2624@example.com,Colombia,C2,2,Sales VA,Website,2026-05-04,1100
K02625,Carlos,Torres,carlos.torres2625@example.com,Colombia,B2,8,Technical,Referral,2025-07-24,700
K02626,Juan,Rojas,juan.rojas2626@example.com,Colombia,C1,2,Sales VA,Referral,2025-12-29,900
K02627,Sofia,Mendoza,sofia.mendoza2627@example.com,Peru,B2,3,Customer Support,Job Board,2025-03-28,1400
K02628,Ana,Rodriguez,ana.rodriguez2628@example.com,Dominican Republic,C1,4,Customer Support,Facebook Group,2026-04-29,1700
K02629,Jorge,Vargas,jorge.vargas2629@example.com,Colombia,B1,3,Marketing VA,Referral,2026-07-06,2000
K02630,Paula,Castillo,paula.castillo2630@example.com,Colombia,B2,3,Technical,LinkedIn,2025-01-11,1700
K02631,Valentina,Mendoza,valentina.mendoza2631@example.com,Mexico,B1,7,Marketing VA,Job Board,2025-03-31,1700
K02632,Daniela,Delgado,daniela.delgado2632@example.com,Brazil,B2,1,Customer Support,Referral,2026-04-07,700
K02633,Carlos,Santos,carlos.santos2633@example.com,Venezuela,B1,1,Customer Support,Facebook Group,2025-07-14,900
K02634,Camila,Gomez,camila.gomez2634@example.com,Colombia,C1,3,Marketing VA,Website,2025-01-31,2000
K02635,Camila,Reyes,camila.reyes2635@example.com,Colombia,B2,1,Marketing VA,Job Board,2026-05-03,1100
K02636,Ricardo,Ramirez,ricardo.ramirez2636@example.com,Philippines,C1,10,Customer Support,Referral,2025-10-29,1400
K02637,Jose,Rojas,jose.rojas2637@example.com,Colombia,B2,6,Customer Support,Website,2026-03-21,1100
K02638,Andres,Cruz,andres.cruz2638@example.com,Philippines,C2,2,Customer Support,Facebook Group,2026-03-27,900
K02639,Maria,Cruz,maria.cruz2639@example.com,Colombia,C1,0,Marketing VA,Website,2025-08-24,1100
K02640,Daniela,Castillo,daniela.castillo2640@example.com,Philippines,B1,3,Executive VA,Website,2026-05-11,900
K02641,Andres,Rodriguez,andres.rodriguez2641@example.com,Dominican Republic,C1,5,Bookkeeping,Job Board,2025-04-16,900
K02642,Luis,Flores,luis.flores2642@example.com,Venezuela,B2,6,Customer Support,Job Board,2025-01-16,700
K02643,Ricardo,Martinez,ricardo.martinez2643@example.com,Venezuela,C1,2,Bookkeeping,Referral,2026-06-11,900
K02644,Ana,Martinez,ana.martinez2644@example.com,Philippines,B2,5,Executive VA,Referral,2025-04-23,900
K02645,Ricardo,Martinez,ricardo.martinez2645@example.com,Mexico,B2,10,Marketing VA,Facebook Group,2025-11-13,1700
K02646,Juan,Cruz,juan.cruz2646@example.com,Philippines,B2,2,Sales VA,Job Board,2026-03-23,1100
K02647,Andres,Rojas,andres.rojas2647@example.com,Peru,B2,0,Executive VA,Job Board,2026-06-27,2000
K02648,Carlos,Flores,carlos.flores2648@example.com,Peru,C1,4,Marketing VA,Job Board,2026-05-24,700
K02649,Ana,Cruz,ana.cruz2649@example.com,Peru,B2,6,Sales VA,Referral,2025-12-25,2000
K02650,Luis,Gomez,luis.gomez2650@example.com,Philippines,C1,5,Executive VA,Website,2025-12-17,1700
K02651,Fernando,Vargas,fernando.vargas2651@example.com,Venezuela,B2,3,Executive VA,Job Board,2026-02-14,700
K02652,Diego,Rodriguez,diego.rodriguez2652@example.com,Philippines,B1,4,Technical,Referral,2025-10-19,1100
K02653,Sofia,Rodriguez,sofia.rodriguez2653@example.com,Colombia,B1,0,Marketing VA,LinkedIn,2026-03-14,900
K02654,Miguel,Gomez,miguel.gomez2654@example.com,Colombia,C1,8,Customer Support,Job Board,2026-04-14,1400
K02655,Camila,Castillo,camila.castillo2655@example.com,Mexico,B2,6,Marketing VA,Referral,2025-04-06,700
K02656,Jose,Torres,jose.torres2656@example.com,Venezuela,C1,5,Executive VA,Website,2026-03-29,1100
K02657,Maria,Delgado,maria.delgado2657@example.com,Argentina,B1,4,Technical,Referral,2026-04-07,1400
K02658,Isabella,Cruz,isabella.cruz2658@example.com,Peru,C1,6,Sales VA,Job Board,2026-01-18,1100
K02659,Miguel,Mendoza,miguel.mendoza2659@example.com,Colombia,C1,1,Sales VA,Referral,2026-03-31,2000
K02660,Juan,Santos,juan.santos2660@example.com,Venezuela,B2,0,Sales VA,Referral,2025-02-27,900
K02661,Sofia,Delgado,sofia.delgado2661@example.com,Venezuela,B2,6,Customer Support,Job Board,2025-09-03,1700
K02662,Ana,Torres,ana.torres2662@example.com,Mexico,C1,2,Marketing VA,LinkedIn,2026-03-19,700
K02663,Carlos,Torres,carlos.torres2663@example.com,Argentina,B2,8,Executive VA,Job Board,2025-02-24,1400
K02664,Ana,Martinez,ana.martinez2664@example.com,Haiti,B1,5,Executive VA,Website,2026-02-05,700
K02665,Isabella,Flores,isabella.flores2665@example.com,Colombia,C1,5,Sales VA,Website,2026-01-18,1400
K02666,Andres,Rojas,andres.rojas2666@example.com,Venezuela,C2,3,Marketing VA,Job Board,2025-08-25,2000
K02667,Miguel,Rojas,miguel.rojas2667@example.com,Mexico,C2,4,Bookkeeping,LinkedIn,2026-06-18,900
K02668,Jorge,Rodriguez,jorge.rodriguez2668@example.com,Argentina,B2,4,Bookkeeping,Website,2025-08-25,2000
K02669,Ana,Reyes,ana.reyes2669@example.com,Argentina,B2,4,Sales VA,Referral,2025-04-14,1700
K02670,Laura,Martinez,laura.martinez2670@example.com,Mexico,C2,6,Technical,Job Board,2025-10-09,2000
K02671,Isabella,Mendoza,isabella.mendoza2671@example.com,Peru,B2,8,Technical,Facebook Group,2025-09-08,700
K02672,Luis,Gomez,luis.gomez2672@example.com,Argentina,C2,5,Sales VA,Facebook Group,2025-07-07,1400
K02673,Angelica,Mendoza,angelica.mendoza2673@example.com,Argentina,C1,5,Sales VA,Website,2025-04-11,700
K02674,Jose,Santos,jose.santos2674@example.com,Peru,B2,4,Sales VA,Website,2025-12-30,1400
K02675,Camila,Martinez,camila.martinez2675@example.com,Peru,B2,2,Executive VA,LinkedIn,2025-12-24,2000
K02676,Diego,Santos,diego.santos2676@example.com,Philippines,B1,3,Executive VA,Referral,2025-02-01,2000
K02677,Ana,Rodriguez,ana.rodriguez2677@example.com,Philippines,C1,7,Bookkeeping,Facebook Group,2025-08-28,1700
K02678,Sofia,Santos,sofia.santos2678@example.com,Peru,B1,0,Executive VA,Referral,2025-09-06,2000
K02679,Juan,Vargas,juan.vargas2679@example.com,Colombia,B2,0,Customer Support,LinkedIn,2025-08-16,1100
K02680,Ana,Gomez,ana.gomez2680@example.com,Dominican Republic,C2,5,Sales VA,LinkedIn,2025-06-05,2000
K02681,Laura,Mendoza,laura.mendoza2681@example.com,Colombia,C2,6,Customer Support,Referral,2025-08-26,1700
K02682,Jose,Gomez,jose.gomez2682@example.com,Venezuela,C1,2,Bookkeeping,LinkedIn,2026-04-18,1100
K02683,Camila,Rodriguez,camila.rodriguez2683@example.com,Peru,C1,3,Bookkeeping,Referral,2025-07-17,2000
K02684,Paula,Torres,paula.torres2684@example.com,Dominican Republic,B2,4,Executive VA,Website,2025-01-09,2000
K02685,Luis,Cruz,luis.cruz2685@example.com,Colombia,C1,3,Bookkeeping,LinkedIn,2025-12-02,1700
K02686,Sofia,Cruz,sofia.cruz2686@example.com,Mexico,B2,5,Customer Support,LinkedIn,2025-01-08,1400
K02687,Diego,Ramirez,diego.ramirez2687@example.com,Philippines,C1,10,Executive VA,Website,2026-06-25,700
K02688,Juan,Castillo,juan.castillo2688@example.com,Haiti,C2,4,Customer Support,Facebook Group,2025-05-21,1400
K02689,Jose,Santos,jose.santos2689@example.com,Dominican Republic,C1,3,Sales VA,LinkedIn,2025-05-09,1400
K02690,Diego,Rojas,diego.rojas2690@example.com,Colombia,B2,7,Marketing VA,Facebook Group,2026-07-07,1100
K02691,Isabella,Delgado,isabella.delgado2691@example.com,Argentina,C1,5,Customer Support,Facebook Group,2025-06-14,1400
K02692,Laura,Rodriguez,laura.rodriguez2692@example.com,Dominican Republic,B2,0,Executive VA,Referral,2026-02-25,1100
K02693,Ana,Castillo,ana.castillo2693@example.com,Argentina,C1,3,Sales VA,Website,2025-08-03,1100
K02694,Jorge,Reyes,jorge.reyes2694@example.com,Mexico,B2,8,Customer Support,Facebook Group,2025-04-20,1400
K02695,Jorge,Delgado,jorge.delgado2695@example.com,Guatemala,B2,5,Bookkeeping,LinkedIn,2026-01-24,900
K02696,Fernando,Castillo,fernando.castillo2696@example.com,Philippines,C2,1,Executive VA,Referral,2025-01-01,1100
K02697,Angelica,Delgado,angelica.delgado2697@example.com,Colombia,B2,10,Executive VA,Referral,2026-01-28,700
K02698,Daniela,Mendoza,daniela.mendoza2698@example.com,Colombia,C1,0,Technical,Website,2025-06-26,1700
K02699,Ricardo,Flores,ricardo.flores2699@example.com,Peru,B2,2,Sales VA,Facebook Group,2026-01-05,1700
K02700,Jorge,Santos,jorge.santos2700@example.com,Dominican Republic,B2,4,Technical,Website,2025-07-30,1400
K02701,Daniela,Vargas,daniela.vargas2701@example.com,Colombia,B1,5,Sales VA,Job Board,2025-01-03,2000
K02702,Maria,Santos,maria.santos2702@example.com,Argentina,B2,7,Executive VA,Referral,2025-10-15,700
K02703,Isabella,Rojas,isabella.rojas2703@example.com,Argentina,B1,2,Technical,LinkedIn,2025-04-07,2000
K02704,Carlos,Torres,carlos.torres2704@example.com,Venezuela,B1,0,Marketing VA,Job Board,2025-08-28,1100
K02705,Miguel,Rodriguez,miguel.rodriguez2705@example.com,Colombia,B2,8,Marketing VA,Website,2025-12-16,1700
K02706,Sofia,Flores,sofia.flores2706@example.com,Mexico,B2,1,Marketing VA,Facebook Group,2026-01-13,1400
K02707,Isabella,Flores,isabella.flores2707@example.com,Brazil,C1,4,Technical,LinkedIn,2025-08-15,1400
K02708,Valentina,Ramirez,valentina.ramirez2708@example.com,Mexico,B1,1,Executive VA,Website,2025-09-17,1400
K02709,Sofia,Rojas,sofia.rojas2709@example.com,Argentina,C1,5,Executive VA,LinkedIn,2025-05-09,700
K02710,Ana,Ramirez,ana.ramirez2710@example.com,Argentina,B2,6,Executive VA,Facebook Group,2025-04-05,700
K02711,Jose,Gomez,jose.gomez2711@example.com,Venezuela,B2,6,Technical,Referral,2026-04-29,1100
K02712,Jose,Vargas,jose.vargas2712@example.com,Argentina,B2,6,Marketing VA,LinkedIn,2025-11-22,1400
K02713,Fernando,Castillo,fernando.castillo2713@example.com,Peru,B2,6,Marketing VA,Referral,2025-02-05,1400
K02714,Isabella,Reyes,isabella.reyes2714@example.com,Colombia,B2,0,Marketing VA,LinkedIn,2025-09-07,700
K02715,Ana,Ramirez,ana.ramirez2715@example.com,Philippines,B2,7,Marketing VA,Referral,2025-12-11,1100
K02716,Ana,Gomez,ana.gomez2716@example.com,Mexico,B2,2,Customer Support,LinkedIn,2025-03-21,900
K02717,Ricardo,Santos,ricardo.santos2717@example.com,Colombia,C1,7,Executive VA,Facebook Group,2025-09-24,1700
K02718,Maria,Vargas,maria.vargas2718@example.com,Philippines,C1,7,Bookkeeping,LinkedIn,2025-12-30,1400
K02719,Ana,Torres,ana.torres2719@example.com,Dominican Republic,C1,3,Marketing VA,LinkedIn,2025-09-24,700
K02720,Fernando,Martinez,fernando.martinez2720@example.com,Peru,B2,5,Bookkeeping,Referral,2025-09-08,700
K02721,Ricardo,Cruz,ricardo.cruz2721@example.com,Philippines,C1,3,Customer Support,Website,2025-01-25,1400
K02722,Maria,Gomez,maria.gomez2722@example.com,Colombia,B2,3,Executive VA,Job Board,2025-07-01,700
K02723,Ana,Cruz,ana.cruz2723@example.com,Philippines,C1,4,Technical,Job Board,2026-01-23,700
K02724,Isabella,Rojas,isabella.rojas2724@example.com,Philippines,C1,4,Technical,LinkedIn,2026-06-27,2000
K02725,Valentina,Ramirez,valentina.ramirez2725@example.com,Mexico,B2,1,Marketing VA,Referral,2026-07-11,1400
K02726,Daniela,Rojas,daniela.rojas2726@example.com,Peru,B2,0,Executive VA,Facebook Group,2025-10-11,1700
K02727,Maria,Gomez,maria.gomez2727@example.com,Guatemala,B2,3,Bookkeeping,Referral,2025-01-17,1400
K02728,Daniela,Vargas,daniela.vargas2728@example.com,Philippines,B2,2,Customer Support,Facebook Group,2025-09-26,1400
K02729,Paula,Cruz,paula.cruz2729@example.com,Colombia,B1,4,Sales VA,Job Board,2025-10-13,1400
K02730,Maria,Gomez,maria.gomez2730@example.com,Colombia,B2,7,Customer Support,Referral,2026-01-23,900
K02731,Juan,Rodriguez,juan.rodriguez2731@example.com,Mexico,B1,0,Customer Support,Website,2025-09-16,1100
K02732,Daniela,Rojas,daniela.rojas2732@example.com,Peru,B1,2,Bookkeeping,Job Board,2026-01-07,1700
K02733,Juan,Rodriguez,juan.rodriguez2733@example.com,Argentina,B1,3,Marketing VA,Job Board,2026-03-22,2000
K02734,Andres,Mendoza,andres.mendoza2734@example.com,Mexico,C2,6,Marketing VA,Website,2025-01-14,1400
K02735,Sofia,Vargas,sofia.vargas2735@example.com,Philippines,C1,4,Technical,LinkedIn,2026-05-04,1100
K02736,Valentina,Delgado,valentina.delgado2736@example.com,Colombia,C1,2,Sales VA,Job Board,2025-10-14,1700
K02737,Angelica,Delgado,angelica.delgado2737@example.com,Colombia,B1,5,Marketing VA,Website,2025-05-04,2000
K02738,Isabella,Torres,isabella.torres2738@example.com,Mexico,B1,8,Bookkeeping,LinkedIn,2025-06-16,2000
K02739,Jose,Flores,jose.flores2739@example.com,Philippines,B2,6,Bookkeeping,Facebook Group,2025-10-17,1100
K02740,Ricardo,Rodriguez,ricardo.rodriguez2740@example.com,Guatemala,B2,9,Bookkeeping,Job Board,2025-04-21,700
K02741,Miguel,Santos,miguel.santos2741@example.com,Colombia,B2,1,Bookkeeping,Facebook Group,2025-04-08,900
K02742,Valentina,Santos,valentina.santos2742@example.com,Argentina,B2,7,Marketing VA,Referral,2025-03-03,1700
K02743,Laura,Flores,laura.flores2743@example.com,Philippines,B2,5,Technical,Referral,2026-01-07,900
K02744,Daniela,Flores,daniela.flores2744@example.com,Philippines,B1,1,Marketing VA,Website,2025-07-05,900
K02745,Jose,Flores,jose.flores2745@example.com,Argentina,B2,4,Bookkeeping,Facebook Group,2026-01-14,1700
K02746,Luis,Gomez,luis.gomez2746@example.com,Colombia,B2,4,Marketing VA,Facebook Group,2025-08-01,1400
K02747,Angelica,Santos,angelica.santos2747@example.com,Colombia,B1,9,Technical,Facebook Group,2025-01-28,1700
K02748,Camila,Castillo,camila.castillo2748@example.com,Venezuela,C1,9,Sales VA,Referral,2026-02-06,900
K02749,Diego,Delgado,diego.delgado2749@example.com,Brazil,B1,2,Customer Support,Referral,2025-05-01,2000
K02750,Valentina,Gomez,valentina.gomez2750@example.com,Argentina,B2,4,Sales VA,Job Board,2026-02-27,2000
K02751,Jose,Torres,jose.torres2751@example.com,Philippines,B2,6,Marketing VA,Job Board,2025-03-29,1400
K02752,Jose,Santos,jose.santos2752@example.com,Mexico,B1,4,Marketing VA,Referral,2025-08-15,1700
K02753,Luis,Flores,luis.flores2753@example.com,Philippines,C1,0,Sales VA,Referral,2025-04-25,1400
K02754,Paula,Vargas,paula.vargas2754@example.com,Haiti,B2,7,Sales VA,Job Board,2026-04-20,1700
K02755,Ricardo,Ramirez,ricardo.ramirez2755@example.com,Peru,C1,6,Technical,Facebook Group,2025-04-23,1400
K02756,Paula,Rojas,paula.rojas2756@example.com,Haiti,B2,6,Technical,Referral,2025-12-22,1700
K02757,Miguel,Cruz,miguel.cruz2757@example.com,Colombia,B2,7,Executive VA,Job Board,2026-06-03,700
K02758,Fernando,Martinez,fernando.martinez2758@example.com,Philippines,B2,0,Technical,Website,2025-02-04,1700
K02759,Jorge,Rojas,jorge.rojas2759@example.com,Philippines,B2,5,Marketing VA,Website,2026-02-18,2000
K02760,Andres,Rodriguez,andres.rodriguez2760@example.com,Brazil,B1,3,Executive VA,Facebook Group,2025-10-19,1100
K02761,Daniela,Castillo,daniela.castillo2761@example.com,Colombia,B2,2,Sales VA,Facebook Group,2026-02-25,1700
K02762,Paula,Delgado,paula.delgado2762@example.com,Peru,B2,4,Sales VA,Job Board,2025-09-01,1700
K02763,Maria,Gomez,maria.gomez2763@example.com,Colombia,B1,6,Executive VA,LinkedIn,2026-02-12,2000
K02764,Maria,Flores,maria.flores2764@example.com,Mexico,B2,5,Bookkeeping,Referral,2025-06-22,900
K02765,Ricardo,Mendoza,ricardo.mendoza2765@example.com,Peru,C1,8,Bookkeeping,Job Board,2026-07-15,900
K02766,Jose,Ramirez,jose.ramirez2766@example.com,Guatemala,B2,4,Customer Support,Referral,2026-04-29,1400
K02767,Isabella,Reyes,isabella.reyes2767@example.com,Venezuela,B2,9,Customer Support,Referral,2025-11-24,1700
K02768,Andres,Rojas,andres.rojas2768@example.com,Peru,B2,8,Technical,Job Board,2025-03-05,900
K02769,Carlos,Castillo,carlos.castillo2769@example.com,Colombia,B2,2,Customer Support,Referral,2026-06-25,1100
K02770,Ricardo,Delgado,ricardo.delgado2770@example.com,Peru,B1,4,Technical,Referral,2025-02-08,700
K02771,Jose,Vargas,jose.vargas2771@example.com,Philippines,C1,2,Marketing VA,Referral,2026-07-01,1100
K02772,Juan,Vargas,juan.vargas2772@example.com,Mexico,C2,7,Bookkeeping,Job Board,2025-12-18,700
K02773,Fernando,Castillo,fernando.castillo2773@example.com,Philippines,B2,4,Customer Support,LinkedIn,2025-05-25,700
K02774,Fernando,Martinez,fernando.martinez2774@example.com,Colombia,C1,6,Customer Support,LinkedIn,2025-06-11,2000
K02775,Laura,Vargas,laura.vargas2775@example.com,Argentina,C1,4,Bookkeeping,Website,2025-10-13,2000
K02776,Camila,Gomez,camila.gomez2776@example.com,Argentina,C2,7,Customer Support,Referral,2025-05-25,900
K02777,Angelica,Rodriguez,angelica.rodriguez2777@example.com,Mexico,B2,7,Technical,Website,2025-10-18,1100
K02778,Maria,Cruz,maria.cruz2778@example.com,Brazil,B2,3,Sales VA,Website,2026-01-05,1700
K02779,Angelica,Delgado,angelica.delgado2779@example.com,Peru,C1,4,Sales VA,Referral,2025-12-02,900
K02780,Ana,Flores,ana.flores2780@example.com,Philippines,C1,3,Sales VA,Referral,2025-12-13,900
K02781,Luis,Gomez,luis.gomez2781@example.com,Argentina,C1,2,Sales VA,LinkedIn,2026-07-11,1100
K02782,Juan,Delgado,juan.delgado2782@example.com,Guatemala,B2,6,Bookkeeping,Facebook Group,2025-11-19,700
K02783,Jose,Gomez,jose.gomez2783@example.com,Mexico,B1,6,Marketing VA,Referral,2025-10-05,1400
K02784,Ricardo,Gomez,ricardo.gomez2784@example.com,Colombia,C2,7,Bookkeeping,Job Board,2026-04-04,1400
K02785,Fernando,Ramirez,fernando.ramirez2785@example.com,Haiti,B2,5,Marketing VA,Website,2025-01-20,700
K02786,Valentina,Cruz,valentina.cruz2786@example.com,Argentina,B1,2,Customer Support,Website,2025-05-19,1100
K02787,Juan,Santos,juan.santos2787@example.com,Mexico,B2,6,Marketing VA,Facebook Group,2025-05-23,2000
K02788,Daniela,Rodriguez,daniela.rodriguez2788@example.com,Colombia,B2,2,Customer Support,Job Board,2025-07-17,900
K02789,Jorge,Santos,jorge.santos2789@example.com,Colombia,B2,7,Bookkeeping,Job Board,2026-03-20,700
K02790,Paula,Flores,paula.flores2790@example.com,Colombia,C1,4,Technical,LinkedIn,2025-08-08,700
K02791,Juan,Martinez,juan.martinez2791@example.com,Peru,B2,7,Sales VA,Facebook Group,2025-12-19,1700
K02792,Luis,Torres,luis.torres2792@example.com,Philippines,B2,6,Bookkeeping,LinkedIn,2026-04-29,2000
K02793,Diego,Torres,diego.torres2793@example.com,Colombia,B2,4,Marketing VA,Referral,2025-01-02,1100
K02794,Andres,Martinez,andres.martinez2794@example.com,Colombia,B1,4,Technical,LinkedIn,2026-03-23,1400
K02795,Daniela,Vargas,daniela.vargas2795@example.com,Brazil,C1,1,Customer Support,Job Board,2025-07-14,1700
K02796,Diego,Santos,diego.santos2796@example.com,Philippines,B1,6,Customer Support,Job Board,2025-07-27,2000
K02797,Jorge,Torres,jorge.torres2797@example.com,Venezuela,B2,6,Bookkeeping,LinkedIn,2025-11-29,1400
K02798,Valentina,Mendoza,valentina.mendoza2798@example.com,Argentina,B1,5,Sales VA,Job Board,2025-03-30,2000
K02799,Sofia,Rojas,sofia.rojas2799@example.com,Philippines,C1,4,Bookkeeping,Referral,2025-05-30,1400
K02800,Ricardo,Rojas,ricardo.rojas2800@example.com,Venezuela,C1,0,Bookkeeping,Referral,2025-02-04,1700
K02801,Angelica,Reyes,angelica.reyes2801@example.com,Mexico,B1,4,Executive VA,Referral,2025-04-08,1400
K02802,Fernando,Cruz,fernando.cruz2802@example.com,Dominican Republic,B2,3,Sales VA,Job Board,2026-07-25,1100
K02803,Camila,Santos,camila.santos2803@example.com,Argentina,C2,5,Sales VA,Job Board,2026-07-01,700
K02804,Camila,Martinez,camila.martinez2804@example.com,Colombia,B2,7,Technical,Referral,2026-01-10,2000
K02805,Daniela,Flores,daniela.flores2805@example.com,Argentina,C1,1,Bookkeeping,LinkedIn,2025-02-02,2000
K02806,Luis,Vargas,luis.vargas2806@example.com,Dominican Republic,C1,5,Technical,Referral,2025-12-17,1700
K02807,Jose,Flores,jose.flores2807@example.com,Colombia,C1,7,Technical,Job Board,2025-04-01,900
K02808,Laura,Ramirez,laura.ramirez2808@example.com,Mexico,B2,4,Bookkeeping,LinkedIn,2026-06-13,700
K02809,Camila,Santos,camila.santos2809@example.com,Colombia,C1,3,Marketing VA,LinkedIn,2025-04-01,1700
K02810,Fernando,Delgado,fernando.delgado2810@example.com,Peru,B2,5,Technical,Website,2025-03-05,1100
K02811,Valentina,Reyes,valentina.reyes2811@example.com,Peru,B2,8,Sales VA,Facebook Group,2025-02-19,1700
K02812,Ricardo,Mendoza,ricardo.mendoza2812@example.com,Mexico,B1,3,Technical,Facebook Group,2025-12-28,1700
K02813,Andres,Flores,andres.flores2813@example.com,Guatemala,C2,4,Customer Support,Referral,2026-06-27,900
K02814,Paula,Ramirez,paula.ramirez2814@example.com,Colombia,C1,4,Sales VA,Job Board,2026-05-07,2000
K02815,Camila,Santos,camila.santos2815@example.com,Peru,C1,5,Customer Support,Referral,2025-05-25,1100
K02816,Luis,Delgado,luis.delgado2816@example.com,Colombia,B1,4,Bookkeeping,Job Board,2025-04-26,700
K02817,Jose,Torres,jose.torres2817@example.com,Colombia,B1,2,Customer Support,Website,2025-05-29,1700
K02818,Angelica,Reyes,angelica.reyes2818@example.com,Philippines,B2,4,Customer Support,LinkedIn,2026-02-14,1400
K02819,Ana,Martinez,ana.martinez2819@example.com,Argentina,B2,0,Bookkeeping,LinkedIn,2026-06-14,1400
K02820,Carlos,Santos,carlos.santos2820@example.com,Philippines,B2,7,Sales VA,Facebook Group,2026-01-04,900
K02821,Miguel,Santos,miguel.santos2821@example.com,Colombia,B2,5,Bookkeeping,Website,2026-02-19,900
K02822,Camila,Castillo,camila.castillo2822@example.com,Philippines,B1,6,Executive VA,LinkedIn,2026-06-18,2000
K02823,Miguel,Rodriguez,miguel.rodriguez2823@example.com,Haiti,B2,1,Technical,Referral,2025-09-05,1700
K02824,Angelica,Reyes,angelica.reyes2824@example.com,Colombia,C1,7,Technical,LinkedIn,2026-05-11,1100
K02825,Isabella,Gomez,isabella.gomez2825@example.com,Argentina,C2,6,Customer Support,Website,2025-10-16,900
K02826,Maria,Gomez,maria.gomez2826@example.com,Philippines,B2,4,Customer Support,Referral,2026-07-14,700
K02827,Laura,Delgado,laura.delgado2827@example.com,Argentina,C1,4,Marketing VA,Job Board,2025-05-23,1100
K02828,Carlos,Ramirez,carlos.ramirez2828@example.com,Philippines,B2,5,Executive VA,Job Board,2025-04-19,1400
K02829,Maria,Flores,maria.flores2829@example.com,Argentina,B2,5,Marketing VA,Website,2025-07-21,700
K02830,Valentina,Flores,valentina.flores2830@example.com,Argentina,C1,7,Sales VA,Facebook Group,2025-05-01,700
K02831,Angelica,Ramirez,angelica.ramirez2831@example.com,Mexico,C1,2,Bookkeeping,Job Board,2025-11-29,2000
K02832,Ana,Delgado,ana.delgado2832@example.com,Argentina,B2,10,Executive VA,Facebook Group,2026-02-13,1700
K02833,Andres,Rojas,andres.rojas2833@example.com,Colombia,C2,0,Customer Support,LinkedIn,2026-05-03,900
K02834,Laura,Cruz,laura.cruz2834@example.com,Venezuela,C1,0,Customer Support,Referral,2025-04-03,700
K02835,Andres,Flores,andres.flores2835@example.com,Argentina,B1,7,Marketing VA,LinkedIn,2026-06-13,700
K02836,Paula,Rodriguez,paula.rodriguez2836@example.com,Venezuela,C1,1,Technical,Website,2026-06-13,700
K02837,Daniela,Gomez,daniela.gomez2837@example.com,Brazil,B2,3,Customer Support,Facebook Group,2026-02-02,1400
K02838,Ricardo,Reyes,ricardo.reyes2838@example.com,Mexico,C1,0,Executive VA,Facebook Group,2025-11-18,2000
K02839,Miguel,Rodriguez,miguel.rodriguez2839@example.com,Brazil,B2,3,Executive VA,Facebook Group,2026-07-17,700
K02840,Angelica,Martinez,angelica.martinez2840@example.com,Colombia,C1,4,Customer Support,Referral,2026-03-10,1100
K02841,Angelica,Rodriguez,angelica.rodriguez2841@example.com,Colombia,C1,6,Sales VA,Referral,2026-03-05,700
K02842,Diego,Torres,diego.torres2842@example.com,Guatemala,C1,1,Customer Support,Website,2026-06-04,2000
K02843,Sofia,Mendoza,sofia.mendoza2843@example.com,Colombia,B1,3,Executive VA,Job Board,2025-07-25,1100
K02844,Andres,Torres,andres.torres2844@example.com,Peru,B1,10,Executive VA,Job Board,2026-07-22,700
K02845,Paula,Flores,paula.flores2845@example.com,Philippines,B1,5,Executive VA,LinkedIn,2026-07-19,1100
K02846,Carlos,Reyes,carlos.reyes2846@example.com,Argentina,C2,0,Marketing VA,Job Board,2025-10-06,1100
K02847,Jose,Santos,jose.santos2847@example.com,Guatemala,B1,0,Marketing VA,Referral,2025-12-19,1400
K02848,Isabella,Reyes,isabella.reyes2848@example.com,Philippines,C1,0,Executive VA,Referral,2025-05-14,1400
K02849,Juan,Mendoza,juan.mendoza2849@example.com,Mexico,C1,5,Customer Support,Job Board,2025-09-03,900
K02850,Daniela,Vargas,daniela.vargas2850@example.com,Mexico,B2,8,Customer Support,LinkedIn,2025-07-13,1700
K02851,Jose,Flores,jose.flores2851@example.com,Philippines,B2,1,Technical,Job Board,2025-02-06,700
K02852,Juan,Ramirez,juan.ramirez2852@example.com,Philippines,B2,7,Executive VA,Referral,2025-02-26,700
K02853,Miguel,Martinez,miguel.martinez2853@example.com,Mexico,B2,0,Marketing VA,Job Board,2025-06-27,700
K02854,Carlos,Ramirez,carlos.ramirez2854@example.com,Argentina,B1,4,Customer Support,Website,2025-02-18,900
K02855,Luis,Torres,luis.torres2855@example.com,Mexico,C1,6,Customer Support,LinkedIn,2025-04-05,1700
K02856,Luis,Martinez,luis.martinez2856@example.com,Philippines,B2,4,Marketing VA,Website,2025-05-23,700
K02857,Luis,Castillo,luis.castillo2857@example.com,Philippines,B2,2,Technical,Job Board,2025-01-06,1400
K02858,Paula,Castillo,paula.castillo2858@example.com,Mexico,C1,5,Customer Support,Facebook Group,2025-06-08,1700
K02859,Diego,Torres,diego.torres2859@example.com,Dominican Republic,B2,7,Sales VA,Website,2025-07-20,1100
K02860,Camila,Rodriguez,camila.rodriguez2860@example.com,Haiti,C1,2,Technical,Website,2025-04-13,2000
K02861,Sofia,Rojas,sofia.rojas2861@example.com,Philippines,B1,9,Sales VA,Referral,2025-08-25,1700
K02862,Juan,Ramirez,juan.ramirez2862@example.com,Argentina,C2,1,Marketing VA,LinkedIn,2025-11-15,700
K02863,Laura,Rodriguez,laura.rodriguez2863@example.com,Argentina,C1,4,Sales VA,Facebook Group,2025-01-31,1700
K02864,Andres,Vargas,andres.vargas2864@example.com,Peru,B2,6,Executive VA,Job Board,2025-08-28,1100
K02865,Laura,Vargas,laura.vargas2865@example.com,Philippines,B1,3,Bookkeeping,Job Board,2025-09-19,2000
K02866,Camila,Rodriguez,camila.rodriguez2866@example.com,Dominican Republic,B1,3,Bookkeeping,Job Board,2026-06-25,2000
K02867,Ana,Flores,ana.flores2867@example.com,Argentina,C1,1,Sales VA,LinkedIn,2026-03-04,900
K02868,Luis,Rodriguez,luis.rodriguez2868@example.com,Philippines,B2,8,Customer Support,Facebook Group,2026-04-02,1400
K02869,Carlos,Flores,carlos.flores2869@example.com,Philippines,B2,4,Marketing VA,Facebook Group,2025-02-04,1400
K02870,Andres,Martinez,andres.martinez2870@example.com,Venezuela,C1,2,Sales VA,Job Board,2026-06-17,1700
K02871,Laura,Reyes,laura.reyes2871@example.com,Colombia,B1,1,Customer Support,Job Board,2026-01-25,1100
K02872,Daniela,Rodriguez,daniela.rodriguez2872@example.com,Colombia,C1,2,Customer Support,Job Board,2026-04-09,900
K02873,Diego,Martinez,diego.martinez2873@example.com,Philippines,C2,11,Customer Support,LinkedIn,2026-02-22,900
K02874,Sofia,Martinez,sofia.martinez2874@example.com,Brazil,B2,7,Customer Support,Facebook Group,2026-03-14,1100
K02875,Carlos,Rojas,carlos.rojas2875@example.com,Argentina,C1,2,Bookkeeping,Job Board,2025-07-12,2000
K02876,Juan,Rojas,juan.rojas2876@example.com,Mexico,B2,6,Technical,Facebook Group,2026-04-27,700
K02877,Maria,Torres,maria.torres2877@example.com,Colombia,B2,5,Executive VA,LinkedIn,2026-02-19,1100
K02878,Ricardo,Reyes,ricardo.reyes2878@example.com,Haiti,C1,2,Technical,Referral,2025-04-09,900
K02879,Paula,Cruz,paula.cruz2879@example.com,Argentina,B2,3,Technical,Facebook Group,2026-01-09,900
K02880,Sofia,Gomez,sofia.gomez2880@example.com,Colombia,C1,4,Customer Support,Referral,2026-05-26,2000
K02881,Miguel,Ramirez,miguel.ramirez2881@example.com,Dominican Republic,B2,1,Customer Support,Facebook Group,2026-01-04,700
K02882,Andres,Martinez,andres.martinez2882@example.com,Peru,B2,7,Customer Support,Referral,2026-06-28,1700
K02883,Diego,Rodriguez,diego.rodriguez2883@example.com,Philippines,B2,2,Marketing VA,LinkedIn,2025-09-06,1700
K02884,Angelica,Flores,angelica.flores2884@example.com,Haiti,B2,6,Executive VA,Facebook Group,2025-11-28,1100
K02885,Maria,Castillo,maria.castillo2885@example.com,Colombia,C1,8,Sales VA,Referral,2025-07-22,1400
K02886,Jorge,Gomez,jorge.gomez2886@example.com,Colombia,C1,3,Technical,LinkedIn,2025-06-17,1700
K02887,Angelica,Vargas,angelica.vargas2887@example.com,Guatemala,B2,0,Technical,Website,2025-02-07,2000
K02888,Isabella,Rojas,isabella.rojas2888@example.com,Colombia,C1,2,Customer Support,Referral,2025-11-24,2000
K02889,Valentina,Castillo,valentina.castillo2889@example.com,Venezuela,B2,4,Executive VA,Facebook Group,2025-06-26,1400
K02890,Diego,Delgado,diego.delgado2890@example.com,Venezuela,C1,5,Sales VA,Referral,2025-06-07,1400
K02891,Fernando,Flores,fernando.flores2891@example.com,Colombia,B2,5,Sales VA,Referral,2026-03-03,2000
K02892,Laura,Martinez,laura.martinez2892@example.com,Guatemala,C1,2,Marketing VA,Website,2026-06-24,2000
K02893,Valentina,Santos,valentina.santos2893@example.com,Colombia,C1,3,Executive VA,Job Board,2026-01-25,700
K02894,Ana,Ramirez,ana.ramirez2894@example.com,Peru,B1,9,Technical,LinkedIn,2025-03-09,900
K02895,Isabella,Gomez,isabella.gomez2895@example.com,Philippines,B2,4,Customer Support,Referral,2025-06-10,1700
K02896,Juan,Cruz,juan.cruz2896@example.com,Venezuela,C1,4,Customer Support,Website,2025-09-10,2000
K02897,Luis,Vargas,luis.vargas2897@example.com,Dominican Republic,B2,7,Marketing VA,Website,2025-09-23,1100
K02898,Luis,Castillo,luis.castillo2898@example.com,Dominican Republic,B2,3,Bookkeeping,Facebook Group,2025-04-13,2000
K02899,Laura,Ramirez,laura.ramirez2899@example.com,Philippines,C1,3,Bookkeeping,Website,2026-04-26,1400
K02900,Isabella,Mendoza,isabella.mendoza2900@example.com,Venezuela,B1,2,Executive VA,Job Board,2026-02-10,900
K02901,Luis,Rodriguez,luis.rodriguez2901@example.com,Colombia,B2,3,Executive VA,Referral,2026-05-01,1700
K02902,Ricardo,Cruz,ricardo.cruz2902@example.com,Colombia,B1,3,Marketing VA,LinkedIn,2025-03-30,2000
K02903,Ana,Rojas,ana.rojas2903@example.com,Colombia,C2,4,Customer Support,Website,2026-02-01,1700
K02904,Sofia,Cruz,sofia.cruz2904@example.com,Argentina,B2,8,Customer Support,Website,2025-06-01,1400
K02905,Maria,Santos,maria.santos2905@example.com,Colombia,C1,8,Bookkeeping,Job Board,2025-08-01,1100
K02906,Daniela,Flores,daniela.flores2906@example.com,Colombia,C1,0,Bookkeeping,LinkedIn,2026-04-07,700
K02907,Fernando,Gomez,fernando.gomez2907@example.com,Peru,B1,3,Customer Support,LinkedIn,2025-05-11,900
K02908,Ana,Reyes,ana.reyes2908@example.com,Venezuela,B2,2,Executive VA,LinkedIn,2025-07-12,2000
K02909,Ana,Martinez,ana.martinez2909@example.com,Philippines,B1,7,Technical,Job Board,2026-05-09,2000
K02910,Carlos,Flores,carlos.flores2910@example.com,Peru,B1,3,Executive VA,LinkedIn,2025-02-16,1400
K02911,Diego,Reyes,diego.reyes2911@example.com,Brazil,B2,9,Bookkeeping,Facebook Group,2026-02-05,1700
K02912,Angelica,Vargas,angelica.vargas2912@example.com,Peru,B2,2,Customer Support,LinkedIn,2025-12-15,1700
K02913,Valentina,Reyes,valentina.reyes2913@example.com,Guatemala,C1,2,Bookkeeping,Referral,2025-06-16,2000
K02914,Fernando,Mendoza,fernando.mendoza2914@example.com,Philippines,B1,0,Marketing VA,Website,2025-08-08,700
K02915,Ricardo,Martinez,ricardo.martinez2915@example.com,Mexico,B1,1,Executive VA,LinkedIn,2026-07-16,1700
K02916,Angelica,Gomez,angelica.gomez2916@example.com,Argentina,B2,2,Sales VA,Job Board,2025-04-05,700
K02917,Valentina,Gomez,valentina.gomez2917@example.com,Guatemala,C2,12,Sales VA,LinkedIn,2025-05-18,2000
K02918,Isabella,Flores,isabella.flores2918@example.com,Mexico,B1,4,Sales VA,LinkedIn,2026-05-01,2000
K02919,Paula,Ramirez,paula.ramirez2919@example.com,Venezuela,B2,7,Executive VA,Website,2025-08-31,1700
K02920,Sofia,Ramirez,sofia.ramirez2920@example.com,Peru,C1,4,Bookkeeping,Website,2025-02-06,1700
K02921,Camila,Gomez,camila.gomez2921@example.com,Colombia,C2,3,Sales VA,Referral,2026-07-17,1100
K02922,Isabella,Rodriguez,isabella.rodriguez2922@example.com,Brazil,C1,6,Technical,LinkedIn,2025-08-22,1100
K02923,Paula,Martinez,paula.martinez2923@example.com,Mexico,C2,4,Customer Support,Facebook Group,2025-03-01,2000
K02924,Daniela,Delgado,daniela.delgado2924@example.com,Mexico,B2,6,Marketing VA,Website,2025-02-27,2000
K02925,Paula,Rojas,paula.rojas2925@example.com,Philippines,C2,4,Technical,Website,2025-02-17,2000
K02926,Juan,Torres,juan.torres2926@example.com,Colombia,B2,7,Customer Support,LinkedIn,2025-06-07,900
K02927,Ana,Castillo,ana.castillo2927@example.com,Venezuela,B2,4,Sales VA,Website,2026-04-13,1700
K02928,Andres,Cruz,andres.cruz2928@example.com,Mexico,B2,4,Executive VA,Website,2025-01-24,900
K02929,Maria,Torres,maria.torres2929@example.com,Colombia,C2,1,Technical,Facebook Group,2026-03-02,900
K02930,Daniela,Reyes,daniela.reyes2930@example.com,Peru,B1,2,Technical,LinkedIn,2025-07-14,1100
K02931,Diego,Cruz,diego.cruz2931@example.com,Colombia,C1,1,Marketing VA,Website,2026-03-09,1700
K02932,Ana,Rodriguez,ana.rodriguez2932@example.com,Philippines,B1,1,Marketing VA,LinkedIn,2026-04-25,2000
K02933,Juan,Gomez,juan.gomez2933@example.com,Mexico,B2,2,Bookkeeping,Job Board,2025-05-19,2000
K02934,Sofia,Cruz,sofia.cruz2934@example.com,Haiti,B2,4,Bookkeeping,LinkedIn,2025-01-29,2000
K02935,Andres,Vargas,andres.vargas2935@example.com,Peru,B1,1,Bookkeeping,Referral,2025-01-26,900
K02936,Daniela,Mendoza,daniela.mendoza2936@example.com,Peru,B2,7,Customer Support,Referral,2026-01-10,1100
K02937,Ana,Martinez,ana.martinez2937@example.com,Argentina,C1,0,Technical,Facebook Group,2026-01-09,1100
K02938,Daniela,Rojas,daniela.rojas2938@example.com,Philippines,B1,0,Technical,Website,2025-05-20,1400
K02939,Daniela,Martinez,daniela.martinez2939@example.com,Colombia,B1,5,Bookkeeping,Website,2025-06-06,2000
K02940,Diego,Gomez,diego.gomez2940@example.com,Philippines,C1,6,Executive VA,Referral,2026-02-12,900
K02941,Andres,Rodriguez,andres.rodriguez2941@example.com,Colombia,C2,5,Bookkeeping,Website,2025-05-06,1400
K02942,Jose,Delgado,jose.delgado2942@example.com,Colombia,B1,4,Sales VA,Job Board,2026-03-23,1100
K02943,Ricardo,Ramirez,ricardo.ramirez2943@example.com,Argentina,B2,1,Bookkeeping,LinkedIn,2026-05-09,1400
K02944,Diego,Ramirez,diego.ramirez2944@example.com,Colombia,B2,2,Bookkeeping,Facebook Group,2025-01-28,1400
K02945,Luis,Cruz,luis.cruz2945@example.com,Peru,C2,7,Marketing VA,Facebook Group,2025-03-06,700
K02946,Ricardo,Santos,ricardo.santos2946@example.com,Mexico,B2,5,Sales VA,Referral,2026-01-10,700
K02947,Valentina,Gomez,valentina.gomez2947@example.com,Peru,B2,3,Executive VA,Website,2026-01-08,1700
K02948,Ricardo,Rojas,ricardo.rojas2948@example.com,Mexico,C1,4,Bookkeeping,LinkedIn,2026-05-15,1400
K02949,Isabella,Martinez,isabella.martinez2949@example.com,Colombia,C1,7,Technical,Facebook Group,2026-04-21,900
K02950,Ana,Gomez,ana.gomez2950@example.com,Colombia,C1,6,Technical,Website,2026-03-16,1700
K02951,Angelica,Cruz,angelica.cruz2951@example.com,Argentina,C2,9,Marketing VA,Job Board,2025-06-01,2000
K02952,Maria,Ramirez,maria.ramirez2952@example.com,Colombia,B2,5,Customer Support,Facebook Group,2025-01-25,1400
K02953,Sofia,Castillo,sofia.castillo2953@example.com,Colombia,B2,5,Executive VA,Job Board,2025-04-04,900
K02954,Daniela,Rodriguez,daniela.rodriguez2954@example.com,Venezuela,B2,6,Sales VA,Facebook Group,2026-03-16,1100
K02955,Laura,Ramirez,laura.ramirez2955@example.com,Dominican Republic,B2,10,Marketing VA,LinkedIn,2026-05-14,1100
K02956,Laura,Castillo,laura.castillo2956@example.com,Colombia,B1,10,Executive VA,Website,2025-09-04,1400
K02957,Fernando,Flores,fernando.flores2957@example.com,Philippines,B2,9,Technical,LinkedIn,2025-03-07,1700
K02958,Maria,Castillo,maria.castillo2958@example.com,Guatemala,C1,4,Technical,LinkedIn,2025-06-30,2000
K02959,Juan,Mendoza,juan.mendoza2959@example.com,Mexico,C2,4,Bookkeeping,Facebook Group,2026-02-25,900
K02960,Daniela,Mendoza,daniela.mendoza2960@example.com,Haiti,B2,4,Executive VA,Job Board,2025-10-04,1700
K02961,Daniela,Rodriguez,daniela.rodriguez2961@example.com,Peru,C1,7,Customer Support,Job Board,2025-07-03,1700
K02962,Fernando,Vargas,fernando.vargas2962@example.com,Argentina,C2,7,Bookkeeping,Facebook Group,2025-12-23,1400
K02963,Jose,Castillo,jose.castillo2963@example.com,Argentina,B2,3,Bookkeeping,Job Board,2026-02-13,2000
K02964,Maria,Rojas,maria.rojas2964@example.com,Venezuela,B1,4,Technical,Facebook Group,2026-04-24,2000
K02965,Sofia,Rojas,sofia.rojas2965@example.com,Argentina,C2,5,Customer Support,Referral,2025-07-21,2000
K02966,Andres,Mendoza,andres.mendoza2966@example.com,Guatemala,B2,5,Bookkeeping,Referral,2026-04-24,900
K02967,Juan,Gomez,juan.gomez2967@example.com,Colombia,B2,1,Marketing VA,Website,2025-09-09,900
K02968,Juan,Rodriguez,juan.rodriguez2968@example.com,Colombia,B2,8,Marketing VA,Referral,2025-10-18,1400
K02969,Sofia,Rojas,sofia.rojas2969@example.com,Venezuela,B2,4,Customer Support,LinkedIn,2026-03-14,900
K02970,Fernando,Mendoza,fernando.mendoza2970@example.com,Brazil,B2,6,Bookkeeping,Facebook Group,2025-02-16,1100
K02971,Carlos,Mendoza,carlos.mendoza2971@example.com,Argentina,C1,3,Technical,Facebook Group,2025-09-23,700
K02972,Fernando,Rodriguez,fernando.rodriguez2972@example.com,Philippines,B2,2,Marketing VA,LinkedIn,2025-04-04,1400
K02973,Sofia,Santos,sofia.santos2973@example.com,Haiti,C1,10,Sales VA,Referral,2025-04-21,1700
K02974,Ricardo,Delgado,ricardo.delgado2974@example.com,Philippines,C1,3,Executive VA,Website,2026-02-15,1700
K02975,Sofia,Gomez,sofia.gomez2975@example.com,Mexico,B2,6,Sales VA,Referral,2026-03-23,1400
K02976,Ricardo,Santos,ricardo.santos2976@example.com,Argentina,C1,7,Customer Support,Website,2025-06-08,900
K02977,Ricardo,Mendoza,ricardo.mendoza2977@example.com,Mexico,C1,0,Bookkeeping,Job Board,2026-01-30,2000
K02978,Fernando,Torres,fernando.torres2978@example.com,Philippines,C1,5,Technical,Website,2025-10-01,1100
K02979,Sofia,Gomez,sofia.gomez2979@example.com,Colombia,B1,2,Customer Support,Facebook Group,2025-02-13,2000
K02980,Isabella,Santos,isabella.santos2980@example.com,Venezuela,B1,7,Executive VA,Website,2026-06-05,1700
K02981,Angelica,Santos,angelica.santos2981@example.com,Colombia,B1,7,Customer Support,Referral,2025-06-01,2000
K02982,Sofia,Ramirez,sofia.ramirez2982@example.com,Dominican Republic,B2,6,Customer Support,Website,2025-07-27,1400
K02983,Miguel,Rojas,miguel.rojas2983@example.com,Peru,B2,2,Technical,LinkedIn,2025-02-05,1400
K02984,Isabella,Vargas,isabella.vargas2984@example.com,Venezuela,C1,3,Sales VA,LinkedIn,2025-10-07,1700
K02985,Sofia,Vargas,sofia.vargas2985@example.com,Argentina,B1,4,Marketing VA,Facebook Group,2026-07-03,1700
K02986,Jorge,Rojas,jorge.rojas2986@example.com,Colombia,B2,0,Sales VA,Facebook Group,2026-04-21,2000
K02987,Ana,Mendoza,ana.mendoza2987@example.com,Mexico,C1,6,Executive VA,LinkedIn,2026-02-23,700
K02988,Luis,Vargas,luis.vargas2988@example.com,Venezuela,B1,5,Executive VA,Facebook Group,2025-12-22,1400
K02989,Valentina,Rodriguez,valentina.rodriguez2989@example.com,Philippines,B1,7,Executive VA,LinkedIn,2025-04-17,1100
K02990,Sofia,Cruz,sofia.cruz2990@example.com,Mexico,C1,1,Marketing VA,Job Board,2025-08-30,1700
K02991,Sofia,Castillo,sofia.castillo2991@example.com,Mexico,B2,3,Sales VA,Facebook Group,2025-04-26,1700
K02992,Ricardo,Castillo,ricardo.castillo2992@example.com,Colombia,C1,11,Sales VA,Referral,2025-12-20,2000
K02993,Ana,Rojas,ana.rojas2993@example.com,Philippines,B2,8,Technical,Job Board,2025-12-23,1100
K02994,Daniela,Delgado,daniela.delgado2994@example.com,Mexico,B2,3,Customer Support,Job Board,2025-01-06,700
K02995,Miguel,Rodriguez,miguel.rodriguez2995@example.com,Peru,C1,4,Marketing VA,Job Board,2025-10-01,900
K02996,Paula,Gomez,paula.gomez2996@example.com,Philippines,C2,5,Sales VA,Referral,2025-04-14,2000
K02997,Carlos,Rojas,carlos.rojas2997@example.com,Peru,B2,0,Marketing VA,Job Board,2025-11-02,1100
K02998,Carlos,Flores,carlos.flores2998@example.com,Peru,B1,3,Bookkeeping,Website,2025-02-01,900
K02999,Juan,Rodriguez,juan.rodriguez2999@example.com,Peru,B2,2,Executive VA,Facebook Group,2026-07-19,1700
K03000,Paula,Delgado,paula.delgado3000@example.com,Colombia,B1,0,Bookkeeping,Facebook Group,2025-10-20,700
K03001,Jorge,Cruz,jorge.cruz3001@example.com,Dominican Republic,C1,4,Customer Support,Job Board,2026-01-20,1700
K03002,Jorge,Reyes,jorge.reyes3002@example.com,Venezuela,B1,4,Sales VA,Website,2025-12-24,2000
K03003,Camila,Castillo,camila.castillo3003@example.com,Mexico,C1,2,Sales VA,LinkedIn,2025-01-03,2000
K03004,Sofia,Castillo,sofia.castillo3004@example.com,Haiti,C1,2,Customer Support,Website,2026-07-05,1400
K03005,Ana,Rodriguez,ana.rodriguez3005@example.com,Peru,B2,4,Executive VA,Website,2025-08-09,1100
K03006,Valentina,Santos,valentina.santos3006@example.com,Haiti,C1,3,Technical,LinkedIn,2025-02-13,1400
K03007,Maria,Rodriguez,maria.rodriguez3007@example.com,Colombia,B1,4,Executive VA,Referral,2025-08-14,1400
K03008,Camila,Gomez,camila.gomez3008@example.com,Peru,B2,10,Bookkeeping,Referral,2025-05-24,1400
K03009,Daniela,Cruz,daniela.cruz3009@example.com,Argentina,B1,7,Customer Support,Facebook Group,2025-12-31,2000
K03010,Ricardo,Ramirez,ricardo.ramirez3010@example.com,Colombia,B2,6,Customer Support,Referral,2026-06-05,1100
K03011,Daniela,Castillo,daniela.castillo3011@example.com,Mexico,C1,4,Technical,Referral,2026-02-22,1700
K03012,Diego,Santos,diego.santos3012@example.com,Philippines,C2,10,Bookkeeping,Facebook Group,2026-05-24,900
K03013,Maria,Martinez,maria.martinez3013@example.com,Colombia,C1,0,Customer Support,Job Board,2026-07-26,1100
K03014,Fernando,Mendoza,fernando.mendoza3014@example.com,Mexico,C1,5,Bookkeeping,Job Board,2026-04-23,2000
K03015,Jorge,Cruz,jorge.cruz3015@example.com,Colombia,C1,1,Sales VA,LinkedIn,2025-04-02,1700
K03016,Luis,Vargas,luis.vargas3016@example.com,Mexico,B2,2,Technical,Referral,2025-04-19,900
K03017,Ana,Torres,ana.torres3017@example.com,Philippines,B2,4,Marketing VA,Referral,2025-03-27,1400
K03018,Paula,Vargas,paula.vargas3018@example.com,Colombia,C1,7,Marketing VA,LinkedIn,2026-04-10,1100
K03019,Paula,Martinez,paula.martinez3019@example.com,Mexico,C1,1,Technical,Facebook Group,2026-01-19,1400
K03020,Sofia,Gomez,sofia.gomez3020@example.com,Venezuela,B1,6,Marketing VA,LinkedIn,2025-11-23,1400
K03021,Sofia,Gomez,sofia.gomez3021@example.com,Venezuela,B2,2,Sales VA,Job Board,2026-04-10,700
K03022,Miguel,Cruz,miguel.cruz3022@example.com,Philippines,C2,3,Sales VA,Job Board,2026-04-03,1100
K03023,Sofia,Castillo,sofia.castillo3023@example.com,Mexico,C1,7,Customer Support,Referral,2026-03-24,1100
K03024,Maria,Delgado,maria.delgado3024@example.com,Peru,B2,4,Sales VA,Referral,2025-09-12,2000
K03025,Fernando,Santos,fernando.santos3025@example.com,Mexico,B1,0,Sales VA,Facebook Group,2026-04-06,2000
K03026,Ana,Rodriguez,ana.rodriguez3026@example.com,Philippines,B2,7,Customer Support,Job Board,2026-04-26,900
K03027,Miguel,Torres,miguel.torres3027@example.com,Venezuela,C1,12,Marketing VA,Website,2025-12-26,700
K03028,Juan,Martinez,juan.martinez3028@example.com,Philippines,B2,0,Bookkeeping,Website,2026-07-07,1400
K03029,Daniela,Delgado,daniela.delgado3029@example.com,Colombia,B2,3,Sales VA,Website,2025-12-16,2000
K03030,Sofia,Martinez,sofia.martinez3030@example.com,Philippines,C1,5,Technical,Website,2025-02-09,900
K03031,Jose,Rodriguez,jose.rodriguez3031@example.com,Venezuela,C1,0,Marketing VA,Website,2026-03-16,1400
K03032,Laura,Ramirez,laura.ramirez3032@example.com,Argentina,B2,3,Sales VA,Referral,2026-01-26,900
K03033,Daniela,Ramirez,daniela.ramirez3033@example.com,Philippines,B1,3,Customer Support,LinkedIn,2025-10-02,1400
K03034,Jorge,Vargas,jorge.vargas3034@example.com,Colombia,B1,3,Sales VA,Facebook Group,2025-06-18,1100
K03035,Fernando,Gomez,fernando.gomez3035@example.com,Colombia,B2,2,Technical,Job Board,2026-05-19,1100
K03036,Angelica,Flores,angelica.flores3036@example.com,Colombia,B2,7,Executive VA,Facebook Group,2025-06-26,700
K03037,Laura,Martinez,laura.martinez3037@example.com,Venezuela,C1,2,Customer Support,Facebook Group,2026-03-11,1700
K03038,Jorge,Ramirez,jorge.ramirez3038@example.com,Colombia,B2,8,Technical,Website,2025-06-08,1400
K03039,Juan,Castillo,juan.castillo3039@example.com,Philippines,B2,6,Sales VA,Job Board,2026-07-17,900
K03040,Juan,Torres,juan.torres3040@example.com,Venezuela,B2,4,Customer Support,Job Board,2026-01-14,700
K03041,Jorge,Torres,jorge.torres3041@example.com,Argentina,C1,6,Bookkeeping,Facebook Group,2025-04-10,700
K03042,Jorge,Torres,jorge.torres3042@example.com,Colombia,B1,0,Marketing VA,Job Board,2026-03-13,900
K03043,Luis,Delgado,luis.delgado3043@example.com,Colombia,B2,8,Marketing VA,LinkedIn,2026-07-14,700
K03044,Diego,Castillo,diego.castillo3044@example.com,Mexico,B1,2,Technical,Job Board,2025-05-12,1700
K03045,Fernando,Mendoza,fernando.mendoza3045@example.com,Peru,C2,5,Sales VA,LinkedIn,2025-05-01,1100
K03046,Ricardo,Torres,ricardo.torres3046@example.com,Philippines,C2,5,Marketing VA,Job Board,2025-05-23,1700
K03047,Ricardo,Cruz,ricardo.cruz3047@example.com,Mexico,B1,3,Customer Support,LinkedIn,2025-11-10,1400
K03048,Miguel,Martinez,miguel.martinez3048@example.com,Dominican Republic,B2,3,Sales VA,Website,2025-04-23,1100
K03049,Jorge,Mendoza,jorge.mendoza3049@example.com,Colombia,C1,4,Sales VA,Job Board,2025-07-01,1700
K03050,Paula,Santos,paula.santos3050@example.com,Philippines,B2,5,Technical,Facebook Group,2026-01-04,1700
K03051,Ricardo,Ramirez,ricardo.ramirez3051@example.com,Haiti,C1,5,Marketing VA,Referral,2026-02-08,700
K03052,Juan,Flores,juan.flores3052@example.com,Mexico,B2,3,Sales VA,Referral,2026-04-07,900
K03053,Fernando,Rodriguez,fernando.rodriguez3053@example.com,Philippines,B1,9,Customer Support,LinkedIn,2025-12-09,900
K03054,Paula,Martinez,paula.martinez3054@example.com,Colombia,B2,6,Bookkeeping,Job Board,2025-05-02,900
K03055,Laura,Martinez,laura.martinez3055@example.com,Brazil,C1,2,Bookkeeping,Facebook Group,2025-02-26,2000
K03056,Juan,Delgado,juan.delgado3056@example.com,Mexico,B1,4,Sales VA,Referral,2026-02-24,1100
K03057,Miguel,Torres,miguel.torres3057@example.com,Brazil,C2,3,Sales VA,Website,2025-05-07,900
K03058,Valentina,Rodriguez,valentina.rodriguez3058@example.com,Dominican Republic,C2,2,Bookkeeping,LinkedIn,2026-05-14,2000
K03059,Laura,Rojas,laura.rojas3059@example.com,Mexico,B2,7,Customer Support,LinkedIn,2025-11-04,2000
K03060,Jorge,Cruz,jorge.cruz3060@example.com,Argentina,B2,2,Customer Support,Referral,2025-12-06,700
K03061,Valentina,Gomez,valentina.gomez3061@example.com,Colombia,C2,0,Marketing VA,Facebook Group,2026-07-06,1400
K03062,Sofia,Reyes,sofia.reyes3062@example.com,Colombia,B1,3,Technical,LinkedIn,2025-03-01,1700
K03063,Ricardo,Santos,ricardo.santos3063@example.com,Argentina,B2,3,Customer Support,Job Board,2025-03-26,900
K03064,Paula,Vargas,paula.vargas3064@example.com,Brazil,C1,1,Sales VA,Referral,2025-05-27,2000
K03065,Laura,Flores,laura.flores3065@example.com,Colombia,B2,2,Customer Support,Job Board,2026-02-05,1100
K03066,Andres,Torres,andres.torres3066@example.com,Colombia,B2,8,Customer Support,LinkedIn,2025-11-17,1700
K03067,Miguel,Ramirez,miguel.ramirez3067@example.com,Colombia,B2,4,Sales VA,Facebook Group,2025-08-05,1700
K03068,Valentina,Flores,valentina.flores3068@example.com,Philippines,B1,2,Sales VA,LinkedIn,2025-10-06,1400
K03069,Jose,Rojas,jose.rojas3069@example.com,Argentina,C2,7,Executive VA,Referral,2026-06-08,2000
K03070,Ricardo,Reyes,ricardo.reyes3070@example.com,Colombia,B2,4,Technical,LinkedIn,2026-01-30,900
K03071,Valentina,Castillo,valentina.castillo3071@example.com,Colombia,B1,7,Customer Support,Referral,2025-02-12,900
K03072,Camila,Rodriguez,camila.rodriguez3072@example.com,Venezuela,B1,3,Sales VA,Website,2026-01-07,2000
K03073,Laura,Gomez,laura.gomez3073@example.com,Argentina,B2,4,Executive VA,LinkedIn,2025-05-01,2000
K03074,Diego,Mendoza,diego.mendoza3074@example.com,Philippines,B2,9,Technical,Referral,2025-02-18,1100
K03075,Laura,Delgado,laura.delgado3075@example.com,Venezuela,B2,7,Technical,Facebook Group,2026-06-14,1400
K03076,Ana,Flores,ana.flores3076@example.com,Colombia,C2,6,Technical,Job Board,2026-03-17,900
K03077,Paula,Martinez,paula.martinez3077@example.com,Peru,B2,1,Bookkeeping,Facebook Group,2025-08-17,700
K03078,Juan,Flores,juan.flores3078@example.com,Mexico,B2,6,Customer Support,Job Board,2026-05-03,1700
K03079,Carlos,Castillo,carlos.castillo3079@example.com,Peru,C1,0,Technical,Facebook Group,2025-03-23,2000
K03080,Diego,Reyes,diego.reyes3080@example.com,Mexico,C1,6,Marketing VA,Referral,2025-12-24,700
K03081,Jose,Cruz,jose.cruz3081@example.com,Guatemala,B2,8,Bookkeeping,Job Board,2025-04-09,1700
K03082,Jose,Ramirez,jose.ramirez3082@example.com,Colombia,B1,6,Customer Support,Referral,2026-06-04,700
K03083,Jose,Mendoza,jose.mendoza3083@example.com,Mexico,B2,4,Marketing VA,Referral,2025-04-05,1700
K03084,Paula,Torres,paula.torres3084@example.com,Peru,B1,2,Executive VA,Job Board,2025-10-04,2000
K03085,Paula,Ramirez,paula.ramirez3085@example.com,Mexico,C2,1,Bookkeeping,LinkedIn,2025-07-04,900
K03086,Fernando,Ramirez,fernando.ramirez3086@example.com,Philippines,B2,3,Customer Support,Referral,2025-03-08,1100
K03087,Isabella,Delgado,isabella.delgado3087@example.com,Colombia,C1,2,Executive VA,Facebook Group,2025-06-16,1100
K03088,Miguel,Reyes,miguel.reyes3088@example.com,Philippines,B2,1,Sales VA,Facebook Group,2026-01-11,2000
K03089,Valentina,Martinez,valentina.martinez3089@example.com,Argentina,B2,2,Technical,Website,2025-02-13,900
K03090,Carlos,Reyes,carlos.reyes3090@example.com,Philippines,C1,4,Marketing VA,Facebook Group,2025-12-30,1100
K03091,Carlos,Rojas,carlos.rojas3091@example.com,Mexico,B1,6,Technical,Job Board,2025-06-16,2000
K03092,Diego,Ramirez,diego.ramirez3092@example.com,Mexico,B2,2,Customer Support,Job Board,2025-03-03,1100
K03093,Laura,Cruz,laura.cruz3093@example.com,Colombia,B1,0,Marketing VA,LinkedIn,2025-02-23,1100
K03094,Carlos,Delgado,carlos.delgado3094@example.com,Argentina,B2,3,Customer Support,Website,2025-10-06,2000
K03095,Maria,Flores,maria.flores3095@example.com,Colombia,C1,7,Marketing VA,Facebook Group,2025-04-07,900
K03096,Luis,Delgado,luis.delgado3096@example.com,Philippines,B2,0,Marketing VA,Website,2026-03-21,900
K03097,Valentina,Torres,valentina.torres3097@example.com,Mexico,C1,10,Marketing VA,LinkedIn,2026-02-24,1100
K03098,Maria,Santos,maria.santos3098@example.com,Colombia,B2,3,Bookkeeping,LinkedIn,2025-10-01,900
K03099,Maria,Vargas,maria.vargas3099@example.com,Peru,B2,4,Marketing VA,LinkedIn,2026-04-06,1700
K03100,Miguel,Delgado,miguel.delgado3100@example.com,Peru,C1,1,Sales VA,LinkedIn,2025-04-25,700
K03101,Juan,Cruz,juan.cruz3101@example.com,Dominican Republic,C2,5,Bookkeeping,Website,2025-07-14,1400
K03102,Ana,Torres,ana.torres3102@example.com,Brazil,B2,2,Marketing VA,Website,2025-05-30,700
K03103,Jorge,Rodriguez,jorge.rodriguez3103@example.com,Mexico,B2,5,Bookkeeping,Referral,2025-01-22,1100
K03104,Daniela,Rodriguez,daniela.rodriguez3104@example.com,Philippines,B2,6,Executive VA,Website,2026-03-01,2000
K03105,Isabella,Santos,isabella.santos3105@example.com,Dominican Republic,C1,1,Executive VA,Facebook Group,2025-12-16,2000
K03106,Ana,Ramirez,ana.ramirez3106@example.com,Colombia,C1,6,Technical,Referral,2026-01-15,1100
K03107,Valentina,Rojas,valentina.rojas3107@example.com,Guatemala,C1,2,Technical,Job Board,2026-07-03,1700
K03108,Andres,Castillo,andres.castillo3108@example.com,Colombia,C1,4,Technical,Job Board,2026-04-05,1400
K03109,Angelica,Gomez,angelica.gomez3109@example.com,Philippines,B2,6,Marketing VA,Facebook Group,2026-02-25,900
K03110,Andres,Castillo,andres.castillo3110@example.com,Mexico,B2,6,Executive VA,Referral,2026-05-10,900
K03111,Angelica,Ramirez,angelica.ramirez3111@example.com,Peru,C1,0,Marketing VA,Website,2025-04-22,1700
K03112,Jose,Mendoza,jose.mendoza3112@example.com,Philippines,B2,4,Sales VA,LinkedIn,2025-06-12,1400
K03113,Miguel,Rodriguez,miguel.rodriguez3113@example.com,Colombia,B2,2,Marketing VA,Facebook Group,2026-07-16,1400
K03114,Fernando,Vargas,fernando.vargas3114@example.com,Peru,C1,5,Sales VA,LinkedIn,2025-01-01,1100
K03115,Jorge,Mendoza,jorge.mendoza3115@example.com,Philippines,B2,6,Technical,Website,2026-02-19,700
K03116,Paula,Vargas,paula.vargas3116@example.com,Argentina,B2,7,Marketing VA,Referral,2026-05-11,700
K03117,Jorge,Mendoza,jorge.mendoza3117@example.com,Philippines,C2,6,Executive VA,Referral,2025-10-15,1700
K03118,Fernando,Santos,fernando.santos3118@example.com,Mexico,B2,4,Executive VA,LinkedIn,2026-01-09,700
K03119,Paula,Ramirez,paula.ramirez3119@example.com,Colombia,C1,5,Sales VA,Website,2025-08-25,1700
K03120,Luis,Delgado,luis.delgado3120@example.com,Mexico,B1,4,Executive VA,Facebook Group,2026-06-02,1700
K03121,Ana,Ramirez,ana.ramirez3121@example.com,Haiti,C1,3,Marketing VA,Job Board,2025-04-11,700
K03122,Isabella,Gomez,isabella.gomez3122@example.com,Mexico,B2,4,Executive VA,Job Board,2026-04-07,2000
K03123,Valentina,Cruz,valentina.cruz3123@example.com,Colombia,C1,6,Executive VA,Website,2026-03-23,900
K03124,Juan,Martinez,juan.martinez3124@example.com,Philippines,B1,4,Bookkeeping,Website,2025-10-14,700
K03125,Paula,Cruz,paula.cruz3125@example.com,Dominican Republic,C1,7,Marketing VA,Job Board,2026-02-10,1100
K03126,Andres,Castillo,andres.castillo3126@example.com,Dominican Republic,B2,2,Executive VA,Facebook Group,2025-11-08,900
K03127,Jose,Rojas,jose.rojas3127@example.com,Dominican Republic,C1,7,Sales VA,Facebook Group,2025-07-23,1100
K03128,Jose,Castillo,jose.castillo3128@example.com,Argentina,B1,3,Technical,LinkedIn,2025-03-21,1100
K03129,Fernando,Rodriguez,fernando.rodriguez3129@example.com,Colombia,B2,0,Technical,Job Board,2025-05-01,1100
K03130,Luis,Cruz,luis.cruz3130@example.com,Philippines,B2,8,Marketing VA,Website,2026-02-19,900
K03131,Fernando,Torres,fernando.torres3131@example.com,Philippines,C1,1,Bookkeeping,Referral,2026-05-30,1100
K03132,Maria,Santos,maria.santos3132@example.com,Peru,B2,2,Customer Support,Job Board,2025-01-01,1100
K03133,Ana,Gomez,ana.gomez3133@example.com,Philippines,B2,4,Marketing VA,LinkedIn,2025-06-26,900
K03134,Paula,Rodriguez,paula.rodriguez3134@example.com,Colombia,B2,4,Marketing VA,Job Board,2026-04-29,2000
K03135,Jose,Delgado,jose.delgado3135@example.com,Venezuela,C2,0,Sales VA,Job Board,2025-08-19,1100
K03136,Maria,Cruz,maria.cruz3136@example.com,Peru,B2,5,Technical,LinkedIn,2025-08-01,1400
K03137,Paula,Torres,paula.torres3137@example.com,Dominican Republic,B2,2,Customer Support,Job Board,2025-08-22,900
K03138,Miguel,Castillo,miguel.castillo3138@example.com,Mexico,C1,0,Marketing VA,Website,2025-10-19,1700
K03139,Juan,Gomez,juan.gomez3139@example.com,Colombia,B1,4,Customer Support,Facebook Group,2025-06-03,1400
K03140,Miguel,Vargas,miguel.vargas3140@example.com,Colombia,B2,3,Marketing VA,Referral,2026-04-19,1400
K03141,Maria,Cruz,maria.cruz3141@example.com,Haiti,B2,1,Technical,LinkedIn,2025-02-09,2000
K03142,Jose,Rodriguez,jose.rodriguez3142@example.com,Dominican Republic,C1,9,Technical,Website,2026-06-26,1400
K03143,Diego,Ramirez,diego.ramirez3143@example.com,Venezuela,B1,0,Sales VA,LinkedIn,2025-12-04,1700
K03144,Sofia,Santos,sofia.santos3144@example.com,Peru,B1,5,Executive VA,Job Board,2025-01-14,1100
K03145,Jose,Santos,jose.santos3145@example.com,Mexico,B2,3,Marketing VA,Job Board,2025-07-22,1400
K03146,Andres,Ramirez,andres.ramirez3146@example.com,Venezuela,B2,2,Customer Support,Job Board,2025-09-19,2000
K03147,Laura,Flores,laura.flores3147@example.com,Philippines,B2,4,Customer Support,Facebook Group,2025-03-20,1700
K03148,Jorge,Martinez,jorge.martinez3148@example.com,Peru,B2,0,Marketing VA,LinkedIn,2026-03-13,1400
K03149,Isabella,Gomez,isabella.gomez3149@example.com,Mexico,C1,4,Bookkeeping,Facebook Group,2026-04-19,1400
K03150,Isabella,Gomez,isabella.gomez3150@example.com,Haiti,B2,2,Bookkeeping,Referral,2025-03-15,700
K03151,Paula,Cruz,paula.cruz3151@example.com,Mexico,B1,1,Marketing VA,Referral,2025-06-02,1700
K03152,Diego,Delgado,diego.delgado3152@example.com,Colombia,C2,4,Sales VA,Website,2025-02-28,900
K03153,Jose,Santos,jose.santos3153@example.com,Philippines,B2,2,Executive VA,LinkedIn,2026-03-09,700
K03154,Fernando,Gomez,fernando.gomez3154@example.com,Argentina,C1,7,Technical,LinkedIn,2025-11-10,1400
K03155,Fernando,Martinez,fernando.martinez3155@example.com,Peru,C1,6,Executive VA,Facebook Group,2025-04-23,700
K03156,Luis,Reyes,luis.reyes3156@example.com,Philippines,B1,1,Technical,Facebook Group,2025-05-16,1100
K03157,Angelica,Reyes,angelica.reyes3157@example.com,Peru,C1,1,Technical,Job Board,2025-06-05,1100
K03158,Paula,Gomez,paula.gomez3158@example.com,Philippines,B2,6,Customer Support,Referral,2025-05-19,900
K03159,Jorge,Mendoza,jorge.mendoza3159@example.com,Venezuela,C1,6,Bookkeeping,Facebook Group,2026-04-24,1400
K03160,Isabella,Gomez,isabella.gomez3160@example.com,Argentina,C1,2,Customer Support,LinkedIn,2025-07-27,2000
K03161,Miguel,Vargas,miguel.vargas3161@example.com,Philippines,C1,4,Bookkeeping,Job Board,2025-02-18,1700
K03162,Carlos,Santos,carlos.santos3162@example.com,Colombia,B2,6,Executive VA,Referral,2025-06-24,1700
K03163,Sofia,Flores,sofia.flores3163@example.com,Venezuela,B1,8,Sales VA,LinkedIn,2025-06-13,1100
K03164,Luis,Torres,luis.torres3164@example.com,Colombia,C1,2,Customer Support,LinkedIn,2026-07-04,900
K03165,Laura,Rojas,laura.rojas3165@example.com,Brazil,C1,4,Marketing VA,LinkedIn,2026-03-09,1100
K03166,Luis,Ramirez,luis.ramirez3166@example.com,Peru,B1,3,Marketing VA,Website,2025-06-07,1700
K03167,Valentina,Castillo,valentina.castillo3167@example.com,Argentina,C2,8,Bookkeeping,LinkedIn,2025-11-29,1100
K03168,Angelica,Delgado,angelica.delgado3168@example.com,Dominican Republic,C1,0,Executive VA,Referral,2025-10-25,1400
K03169,Sofia,Santos,sofia.santos3169@example.com,Dominican Republic,C1,0,Technical,LinkedIn,2026-06-27,1700
K03170,Jose,Vargas,jose.vargas3170@example.com,Mexico,B1,8,Customer Support,Facebook Group,2025-08-02,1100
K03171,Daniela,Cruz,daniela.cruz3171@example.com,Colombia,C1,3,Technical,Job Board,2025-09-28,1100
K03172,Juan,Torres,juan.torres3172@example.com,Venezuela,C2,5,Marketing VA,Referral,2026-03-20,1100
K03173,Sofia,Gomez,sofia.gomez3173@example.com,Argentina,B2,5,Bookkeeping,LinkedIn,2025-08-10,2000
K03174,Paula,Mendoza,paula.mendoza3174@example.com,Mexico,C1,2,Customer Support,Job Board,2025-06-05,1100
K03175,Jose,Rojas,jose.rojas3175@example.com,Philippines,C2,4,Sales VA,Referral,2025-10-21,1700
K03176,Ricardo,Cruz,ricardo.cruz3176@example.com,Argentina,C1,0,Executive VA,Website,2025-09-06,900
K03177,Maria,Santos,maria.santos3177@example.com,Dominican Republic,B1,8,Bookkeeping,Referral,2025-08-19,700
K03178,Jose,Rodriguez,jose.rodriguez3178@example.com,Colombia,B2,0,Bookkeeping,Facebook Group,2026-03-21,900
K03179,Juan,Castillo,juan.castillo3179@example.com,Guatemala,C1,4,Customer Support,Facebook Group,2025-04-03,900
K03180,Jorge,Flores,jorge.flores3180@example.com,Colombia,B2,5,Executive VA,Facebook Group,2025-12-18,1400
K03181,Fernando,Gomez,fernando.gomez3181@example.com,Argentina,C1,5,Bookkeeping,Referral,2026-05-17,1400
K03182,Maria,Vargas,maria.vargas3182@example.com,Haiti,B2,11,Technical,Website,2025-02-06,900
K03183,Carlos,Delgado,carlos.delgado3183@example.com,Guatemala,B2,0,Technical,Website,2026-06-22,1700
K03184,Miguel,Cruz,miguel.cruz3184@example.com,Argentina,C1,4,Bookkeeping,Website,2025-02-28,1400
K03185,Paula,Vargas,paula.vargas3185@example.com,Colombia,C1,0,Sales VA,Referral,2025-01-10,700
K03186,Angelica,Rodriguez,angelica.rodriguez3186@example.com,Dominican Republic,C1,4,Marketing VA,Facebook Group,2025-11-13,700
K03187,Luis,Rojas,luis.rojas3187@example.com,Philippines,C1,2,Executive VA,Referral,2026-04-20,2000
K03188,Carlos,Ramirez,carlos.ramirez3188@example.com,Philippines,B2,1,Marketing VA,Website,2026-01-26,2000
K03189,Daniela,Ramirez,daniela.ramirez3189@example.com,Philippines,C1,1,Technical,LinkedIn,2025-07-26,1400
K03190,Diego,Santos,diego.santos3190@example.com,Dominican Republic,B1,5,Executive VA,Referral,2025-04-26,1700
K03191,Carlos,Castillo,carlos.castillo3191@example.com,Philippines,B2,6,Technical,LinkedIn,2026-05-24,1400
K03192,Andres,Cruz,andres.cruz3192@example.com,Mexico,B2,6,Executive VA,LinkedIn,2025-11-22,1100
K03193,Ricardo,Reyes,ricardo.reyes3193@example.com,Peru,C2,4,Marketing VA,Facebook Group,2026-02-05,1100
K03194,Jorge,Flores,jorge.flores3194@example.com,Colombia,C2,2,Technical,LinkedIn,2025-07-25,1700
K03195,Isabella,Cruz,isabella.cruz3195@example.com,Venezuela,C1,5,Executive VA,Job Board,2026-03-07,1700
K03196,Carlos,Torres,carlos.torres3196@example.com,Philippines,B2,2,Technical,Referral,2025-11-01,1400
K03197,Isabella,Delgado,isabella.delgado3197@example.com,Venezuela,B1,3,Marketing VA,LinkedIn,2025-01-11,1400
K03198,Luis,Santos,luis.santos3198@example.com,Dominican Republic,B2,5,Sales VA,Website,2025-06-23,900
K03199,Ana,Reyes,ana.reyes3199@example.com,Brazil,B2,5,Marketing VA,Job Board,2026-01-03,1100
K03200,Sofia,Rojas,sofia.rojas3200@example.com,Argentina,C2,0,Executive VA,Referral,2025-04-05,2000
K03201,Jorge,Reyes,jorge.reyes3201@example.com,Philippines,C1,1,Technical,Website,2026-03-23,1400
K03202,Maria,Vargas,maria.vargas3202@example.com,Philippines,C1,4,Customer Support,LinkedIn,2025-05-10,1700
K03203,Laura,Cruz,laura.cruz3203@example.com,Guatemala,C2,3,Executive VA,Facebook Group,2026-04-17,700
K03204,Valentina,Rojas,valentina.rojas3204@example.com,Colombia,C1,1,Bookkeeping,Facebook Group,2025-10-13,1700
K03205,Isabella,Reyes,isabella.reyes3205@example.com,Colombia,C1,6,Customer Support,Website,2025-10-14,1400
K03206,Carlos,Rodriguez,carlos.rodriguez3206@example.com,Argentina,C1,2,Technical,LinkedIn,2025-07-13,2000
K03207,Angelica,Torres,angelica.torres3207@example.com,Mexico,C1,7,Marketing VA,Website,2025-05-22,700
K03208,Daniela,Rodriguez,daniela.rodriguez3208@example.com,Haiti,C1,3,Marketing VA,Website,2025-12-08,900
K03209,Miguel,Cruz,miguel.cruz3209@example.com,Dominican Republic,B2,9,Marketing VA,Facebook Group,2026-01-31,700
K03210,Luis,Delgado,luis.delgado3210@example.com,Philippines,B1,0,Sales VA,LinkedIn,2026-04-24,1100
K03211,Diego,Reyes,diego.reyes3211@example.com,Peru,B2,6,Bookkeeping,Website,2026-05-24,700
K03212,Diego,Ramirez,diego.ramirez3212@example.com,Colombia,B2,5,Sales VA,LinkedIn,2026-02-08,2000
K03213,Paula,Martinez,paula.martinez3213@example.com,Argentina,C2,7,Sales VA,Website,2026-01-31,1100
K03214,Angelica,Delgado,angelica.delgado3214@example.com,Mexico,C1,6,Sales VA,Referral,2026-07-22,1400
K03215,Luis,Torres,luis.torres3215@example.com,Venezuela,B1,6,Bookkeeping,Facebook Group,2025-03-20,2000
K03216,Paula,Rojas,paula.rojas3216@example.com,Mexico,C2,2,Customer Support,Facebook Group,2026-06-21,900
K03217,Luis,Rojas,luis.rojas3217@example.com,Brazil,C1,3,Marketing VA,Website,2026-03-23,1700
K03218,Miguel,Reyes,miguel.reyes3218@example.com,Philippines,B2,6,Executive VA,Website,2025-12-22,1400
K03219,Jorge,Ramirez,jorge.ramirez3219@example.com,Guatemala,C1,5,Bookkeeping,Website,2025-11-14,1400
K03220,Luis,Flores,luis.flores3220@example.com,Colombia,B2,5,Marketing VA,Referral,2025-09-11,700
K03221,Carlos,Delgado,carlos.delgado3221@example.com,Philippines,B2,3,Marketing VA,Referral,2026-07-20,1400
K03222,Juan,Vargas,juan.vargas3222@example.com,Brazil,B2,6,Bookkeeping,LinkedIn,2025-01-26,700
K03223,Ricardo,Reyes,ricardo.reyes3223@example.com,Venezuela,B2,1,Technical,Referral,2025-08-31,1400
K03224,Fernando,Martinez,fernando.martinez3224@example.com,Colombia,B2,8,Technical,Website,2025-09-09,1700
K03225,Luis,Reyes,luis.reyes3225@example.com,Brazil,B2,2,Customer Support,Facebook Group,2026-04-02,900
K03226,Jorge,Rojas,jorge.rojas3226@example.com,Philippines,C1,6,Bookkeeping,Referral,2026-04-21,1400
K03227,Sofia,Cruz,sofia.cruz3227@example.com,Peru,B2,6,Executive VA,Facebook Group,2025-05-14,1700
K03228,Carlos,Rojas,carlos.rojas3228@example.com,Venezuela,B2,3,Executive VA,Facebook Group,2026-03-17,2000
K03229,Ricardo,Reyes,ricardo.reyes3229@example.com,Philippines,B2,4,Technical,Referral,2026-06-08,2000
K03230,Daniela,Mendoza,daniela.mendoza3230@example.com,Peru,B2,4,Bookkeeping,LinkedIn,2026-02-03,1400
K03231,Isabella,Ramirez,isabella.ramirez3231@example.com,Dominican Republic,B2,6,Sales VA,Facebook Group,2026-06-27,900
K03232,Isabella,Delgado,isabella.delgado3232@example.com,Philippines,C1,3,Technical,Referral,2026-02-01,700
K03233,Ana,Ramirez,ana.ramirez3233@example.com,Colombia,B1,1,Marketing VA,LinkedIn,2026-06-28,1700
K03234,Camila,Mendoza,camila.mendoza3234@example.com,Argentina,C2,6,Marketing VA,Job Board,2026-05-15,1100
K03235,Valentina,Mendoza,valentina.mendoza3235@example.com,Colombia,B2,6,Customer Support,Job Board,2025-12-19,700
K03236,Maria,Mendoza,maria.mendoza3236@example.com,Colombia,B1,5,Marketing VA,Referral,2025-12-20,700
K03237,Sofia,Gomez,sofia.gomez3237@example.com,Peru,C1,0,Executive VA,Facebook Group,2025-06-13,1700
K03238,Valentina,Flores,valentina.flores3238@example.com,Mexico,C1,5,Bookkeeping,Job Board,2025-08-12,1100
K03239,Fernando,Delgado,fernando.delgado3239@example.com,Peru,C1,2,Technical,Website,2025-01-04,1700
K03240,Ricardo,Delgado,ricardo.delgado3240@example.com,Mexico,B1,4,Marketing VA,Facebook Group,2025-08-22,2000
K03241,Paula,Martinez,paula.martinez3241@example.com,Philippines,B1,7,Bookkeeping,LinkedIn,2026-06-27,1700
K03242,Diego,Cruz,diego.cruz3242@example.com,Argentina,B2,6,Executive VA,Website,2025-02-21,700
K03243,Ana,Cruz,ana.cruz3243@example.com,Colombia,B2,1,Sales VA,Referral,2025-08-13,1400
K03244,Paula,Gomez,paula.gomez3244@example.com,Philippines,B1,2,Marketing VA,Facebook Group,2026-07-17,1400
K03245,Jorge,Vargas,jorge.vargas3245@example.com,Venezuela,B2,1,Sales VA,Referral,2025-07-13,2000
K03246,Jorge,Flores,jorge.flores3246@example.com,Brazil,B2,3,Sales VA,Website,2025-02-09,700
K03247,Paula,Santos,paula.santos3247@example.com,Colombia,B2,1,Sales VA,Referral,2026-02-22,1700
K03248,Andres,Delgado,andres.delgado3248@example.com,Argentina,B1,4,Sales VA,Website,2025-09-02,2000
K03249,Carlos,Cruz,carlos.cruz3249@example.com,Colombia,C1,0,Executive VA,Facebook Group,2025-03-07,900
K03250,Miguel,Gomez,miguel.gomez3250@example.com,Colombia,B2,4,Technical,Website,2025-09-25,2000
K03251,Diego,Martinez,diego.martinez3251@example.com,Peru,B2,6,Sales VA,Website,2026-01-25,700
K03252,Juan,Cruz,juan.cruz3252@example.com,Argentina,C1,4,Sales VA,Referral,2025-12-03,700
K03253,Maria,Torres,maria.torres3253@example.com,Colombia,B2,2,Sales VA,Job Board,2025-02-24,1700
K03254,Fernando,Flores,fernando.flores3254@example.com,Colombia,B2,3,Customer Support,Facebook Group,2025-01-03,1400
K03255,Daniela,Torres,daniela.torres3255@example.com,Philippines,C2,6,Executive VA,Referral,2025-05-08,1700
K03256,Jorge,Flores,jorge.flores3256@example.com,Venezuela,B2,4,Bookkeeping,Job Board,2025-04-18,1100
K03257,Isabella,Reyes,isabella.reyes3257@example.com,Venezuela,B2,4,Marketing VA,Website,2025-05-16,1700
K03258,Jose,Reyes,jose.reyes3258@example.com,Mexico,C1,2,Technical,Job Board,2025-09-11,1400
K03259,Jorge,Cruz,jorge.cruz3259@example.com,Mexico,B2,2,Sales VA,Job Board,2026-06-06,1100
K03260,Camila,Reyes,camila.reyes3260@example.com,Colombia,C2,7,Bookkeeping,Referral,2026-03-05,900
K03261,Carlos,Reyes,carlos.reyes3261@example.com,Colombia,B2,3,Marketing VA,Job Board,2025-03-28,1400
K03262,Juan,Ramirez,juan.ramirez3262@example.com,Argentina,B2,4,Bookkeeping,LinkedIn,2026-01-12,1400
K03263,Maria,Cruz,maria.cruz3263@example.com,Peru,C1,4,Executive VA,LinkedIn,2025-12-26,1700
K03264,Jorge,Flores,jorge.flores3264@example.com,Philippines,B2,5,Technical,Referral,2025-02-13,1700
K03265,Andres,Santos,andres.santos3265@example.com,Philippines,B1,0,Marketing VA,Referral,2025-09-01,1700
K03266,Maria,Castillo,maria.castillo3266@example.com,Colombia,C1,8,Executive VA,Website,2025-08-16,2000
K03267,Laura,Flores,laura.flores3267@example.com,Argentina,B2,4,Customer Support,Job Board,2026-03-25,700
K03268,Daniela,Delgado,daniela.delgado3268@example.com,Colombia,C1,3,Bookkeeping,Facebook Group,2025-05-26,2000
K03269,Carlos,Torres,carlos.torres3269@example.com,Argentina,B2,5,Executive VA,Referral,2026-05-27,1400
K03270,Jorge,Gomez,jorge.gomez3270@example.com,Philippines,C1,2,Customer Support,Website,2025-07-06,900
K03271,Jorge,Cruz,jorge.cruz3271@example.com,Colombia,B1,5,Marketing VA,Website,2026-04-04,1700
K03272,Sofia,Martinez,sofia.martinez3272@example.com,Venezuela,C1,3,Executive VA,Facebook Group,2025-07-28,2000
K03273,Jose,Ramirez,jose.ramirez3273@example.com,Colombia,B1,1,Executive VA,LinkedIn,2025-06-04,1700
K03274,Andres,Castillo,andres.castillo3274@example.com,Colombia,B2,2,Sales VA,Facebook Group,2025-12-13,1100
K03275,Ricardo,Vargas,ricardo.vargas3275@example.com,Philippines,C2,2,Customer Support,Website,2026-05-14,900
K03276,Valentina,Santos,valentina.santos3276@example.com,Brazil,B1,5,Bookkeeping,Facebook Group,2026-01-21,700
K03277,Jose,Santos,jose.santos3277@example.com,Mexico,B1,6,Executive VA,LinkedIn,2026-06-30,1100
K03278,Camila,Castillo,camila.castillo3278@example.com,Brazil,B1,4,Bookkeeping,Facebook Group,2026-06-22,1700
K03279,Diego,Flores,diego.flores3279@example.com,Colombia,B2,7,Executive VA,Job Board,2025-02-23,700
K03280,Fernando,Rojas,fernando.rojas3280@example.com,Colombia,B1,3,Executive VA,Facebook Group,2026-06-04,1400
K03281,Juan,Vargas,juan.vargas3281@example.com,Colombia,B2,2,Bookkeeping,Job Board,2026-01-25,1700
K03282,Paula,Delgado,paula.delgado3282@example.com,Philippines,B2,8,Marketing VA,Job Board,2025-11-21,700
K03283,Daniela,Santos,daniela.santos3283@example.com,Mexico,B2,0,Technical,Referral,2025-01-18,1700
K03284,Daniela,Castillo,daniela.castillo3284@example.com,Mexico,C1,3,Bookkeeping,Facebook Group,2026-03-13,700
K03285,Miguel,Delgado,miguel.delgado3285@example.com,Colombia,B2,3,Executive VA,Referral,2026-06-13,1700
K03286,Andres,Rodriguez,andres.rodriguez3286@example.com,Colombia,C2,2,Sales VA,Website,2025-10-29,1700
K03287,Angelica,Cruz,angelica.cruz3287@example.com,Philippines,B2,2,Bookkeeping,Referral,2025-02-12,1100
K03288,Luis,Martinez,luis.martinez3288@example.com,Colombia,B2,2,Technical,Facebook Group,2025-08-19,1700
K03289,Camila,Flores,camila.flores3289@example.com,Philippines,C1,7,Customer Support,Website,2025-09-11,900
K03290,Jorge,Rojas,jorge.rojas3290@example.com,Dominican Republic,C1,3,Technical,Job Board,2026-03-19,2000
K03291,Ricardo,Reyes,ricardo.reyes3291@example.com,Philippines,C1,4,Marketing VA,Referral,2025-05-30,700
K03292,Camila,Torres,camila.torres3292@example.com,Philippines,B2,5,Executive VA,LinkedIn,2026-01-19,1100
K03293,Maria,Castillo,maria.castillo3293@example.com,Mexico,B2,9,Executive VA,Referral,2026-07-19,700
K03294,Maria,Santos,maria.santos3294@example.com,Mexico,B2,4,Customer Support,LinkedIn,2025-09-26,700
K03295,Jorge,Gomez,jorge.gomez3295@example.com,Colombia,C1,6,Customer Support,Referral,2025-12-10,1700
K03296,Juan,Ramirez,juan.ramirez3296@example.com,Dominican Republic,C1,2,Technical,Website,2026-07-16,1100
K03297,Camila,Rodriguez,camila.rodriguez3297@example.com,Peru,C1,3,Marketing VA,Website,2026-03-26,1700
K03298,Sofia,Delgado,sofia.delgado3298@example.com,Philippines,C1,8,Customer Support,LinkedIn,2026-02-14,1100
K03299,Camila,Cruz,camila.cruz3299@example.com,Mexico,C1,8,Executive VA,Job Board,2025-04-28,1100
K03300,Sofia,Martinez,sofia.martinez3300@example.com,Dominican Republic,B2,4,Customer Support,LinkedIn,2026-01-05,1400
K03301,Juan,Gomez,juan.gomez3301@example.com,Peru,B1,4,Customer Support,Facebook Group,2025-05-13,1700
K03302,Laura,Delgado,laura.delgado3302@example.com,Philippines,B2,6,Executive VA,Job Board,2025-01-29,2000
K03303,Paula,Flores,paula.flores3303@example.com,Peru,B1,5,Sales VA,Referral,2026-03-17,700
K03304,Angelica,Martinez,angelica.martinez3304@example.com,Mexico,B1,4,Bookkeeping,Job Board,2025-10-31,700
K03305,Luis,Gomez,luis.gomez3305@example.com,Mexico,B2,6,Sales VA,Job Board,2025-01-08,1100
K03306,Juan,Delgado,juan.delgado3306@example.com,Mexico,C1,6,Bookkeeping,Referral,2025-06-08,1400
K03307,Ana,Gomez,ana.gomez3307@example.com,Guatemala,B2,1,Customer Support,Facebook Group,2026-06-05,2000
K03308,Jorge,Cruz,jorge.cruz3308@example.com,Philippines,B2,6,Technical,Referral,2025-09-01,2000
K03309,Paula,Flores,paula.flores3309@example.com,Venezuela,B2,3,Sales VA,Referral,2026-06-18,1700
K03310,Isabella,Reyes,isabella.reyes3310@example.com,Venezuela,C1,3,Marketing VA,Website,2025-02-04,700
K03311,Sofia,Flores,sofia.flores3311@example.com,Colombia,C1,5,Customer Support,Website,2025-10-27,900
K03312,Laura,Rojas,laura.rojas3312@example.com,Colombia,C2,0,Sales VA,LinkedIn,2025-05-04,900
K03313,Camila,Delgado,camila.delgado3313@example.com,Philippines,C1,6,Sales VA,Referral,2025-04-26,700
K03314,Valentina,Ramirez,valentina.ramirez3314@example.com,Mexico,C1,6,Sales VA,Referral,2025-06-03,900
K03315,Diego,Flores,diego.flores3315@example.com,Venezuela,C1,7,Marketing VA,LinkedIn,2025-11-25,1400
K03316,Carlos,Torres,carlos.torres3316@example.com,Venezuela,B1,0,Technical,Facebook Group,2026-06-14,1700
K03317,Ana,Flores,ana.flores3317@example.com,Philippines,C1,5,Technical,LinkedIn,2025-09-19,1400
K03318,Maria,Mendoza,maria.mendoza3318@example.com,Argentina,C1,8,Marketing VA,Website,2025-01-09,900
K03319,Isabella,Rojas,isabella.rojas3319@example.com,Argentina,B2,2,Executive VA,Website,2025-05-27,2000
K03320,Isabella,Vargas,isabella.vargas3320@example.com,Colombia,B2,5,Technical,Website,2025-08-01,2000
K03321,Juan,Cruz,juan.cruz3321@example.com,Colombia,B2,5,Sales VA,Website,2025-02-03,2000
K03322,Andres,Cruz,andres.cruz3322@example.com,Colombia,B2,3,Customer Support,Job Board,2026-02-17,1100
K03323,Juan,Rojas,juan.rojas3323@example.com,Guatemala,C2,8,Bookkeeping,Referral,2025-02-23,700
K03324,Jorge,Reyes,jorge.reyes3324@example.com,Philippines,C1,7,Marketing VA,Website,2025-06-03,1700
K03325,Miguel,Gomez,miguel.gomez3325@example.com,Colombia,C1,1,Technical,Job Board,2025-02-18,1100
K03326,Diego,Rojas,diego.rojas3326@example.com,Mexico,C1,7,Marketing VA,Referral,2026-02-20,1700
K03327,Andres,Delgado,andres.delgado3327@example.com,Colombia,C1,6,Sales VA,Website,2025-01-26,1400
K03328,Angelica,Flores,angelica.flores3328@example.com,Haiti,B1,3,Executive VA,Website,2026-02-12,2000
K03329,Luis,Flores,luis.flores3329@example.com,Mexico,C1,7,Technical,Website,2026-06-22,900
K03330,Miguel,Reyes,miguel.reyes3330@example.com,Colombia,C2,9,Customer Support,Referral,2025-02-26,2000
K03331,Sofia,Reyes,sofia.reyes3331@example.com,Mexico,C1,8,Bookkeeping,Facebook Group,2025-05-14,1700
K03332,Paula,Torres,paula.torres3332@example.com,Argentina,C1,1,Marketing VA,Job Board,2026-06-05,1400
K03333,Isabella,Ramirez,isabella.ramirez3333@example.com,Philippines,B2,0,Executive VA,Referral,2025-11-30,900
K03334,Sofia,Gomez,sofia.gomez3334@example.com,Argentina,B2,6,Bookkeeping,Website,2025-12-29,1400
K03335,Diego,Castillo,diego.castillo3335@example.com,Guatemala,B1,4,Sales VA,Facebook Group,2025-10-24,900
K03336,Maria,Gomez,maria.gomez3336@example.com,Philippines,B1,3,Bookkeeping,Website,2026-04-25,1700
K03337,Juan,Martinez,juan.martinez3337@example.com,Peru,B2,6,Sales VA,LinkedIn,2025-07-15,1700
K03338,Andres,Gomez,andres.gomez3338@example.com,Colombia,B2,4,Marketing VA,Website,2026-02-14,1100
K03339,Ana,Martinez,ana.martinez3339@example.com,Colombia,C1,2,Sales VA,Job Board,2025-10-30,1400
K03340,Luis,Ramirez,luis.ramirez3340@example.com,Philippines,B2,5,Customer Support,Website,2025-10-24,1100
K03341,Ana,Mendoza,ana.mendoza3341@example.com,Haiti,B2,4,Customer Support,Facebook Group,2025-06-04,900
K03342,Ana,Martinez,ana.martinez3342@example.com,Colombia,B1,4,Marketing VA,Referral,2025-01-07,900
K03343,Juan,Santos,juan.santos3343@example.com,Guatemala,B1,2,Technical,Referral,2025-07-21,2000
K03344,Daniela,Vargas,daniela.vargas3344@example.com,Colombia,C1,6,Technical,Facebook Group,2025-05-27,900
K03345,Daniela,Rodriguez,daniela.rodriguez3345@example.com,Colombia,C2,2,Bookkeeping,LinkedIn,2026-03-06,1100
K03346,Angelica,Torres,angelica.torres3346@example.com,Philippines,B2,3,Marketing VA,Website,2025-07-29,2000
K03347,Ricardo,Gomez,ricardo.gomez3347@example.com,Mexico,B1,7,Bookkeeping,LinkedIn,2025-12-23,900
K03348,Angelica,Rodriguez,angelica.rodriguez3348@example.com,Argentina,B1,1,Marketing VA,LinkedIn,2025-04-05,900
K03349,Valentina,Rodriguez,valentina.rodriguez3349@example.com,Brazil,C1,4,Marketing VA,Facebook Group,2026-07-17,1100
K03350,Angelica,Martinez,angelica.martinez3350@example.com,Venezuela,B1,7,Sales VA,Website,2025-11-13,2000
K03351,Juan,Reyes,juan.reyes3351@example.com,Colombia,C1,4,Bookkeeping,Website,2025-06-07,1400
K03352,Fernando,Flores,fernando.flores3352@example.com,Venezuela,B1,8,Bookkeeping,LinkedIn,2025-12-01,900
K03353,Fernando,Martinez,fernando.martinez3353@example.com,Venezuela,B2,7,Technical,Job Board,2025-05-28,1400
K03354,Ana,Reyes,ana.reyes3354@example.com,Argentina,C1,5,Bookkeeping,Job Board,2026-02-26,1700
K03355,Ana,Santos,ana.santos3355@example.com,Philippines,B1,7,Technical,Job Board,2025-07-28,1700
K03356,Fernando,Santos,fernando.santos3356@example.com,Argentina,B1,1,Sales VA,Referral,2026-04-21,2000
K03357,Valentina,Flores,valentina.flores3357@example.com,Dominican Republic,B2,1,Sales VA,Referral,2026-05-16,1700
K03358,Daniela,Torres,daniela.torres3358@example.com,Philippines,B2,3,Sales VA,Website,2025-09-26,1100
K03359,Daniela,Vargas,daniela.vargas3359@example.com,Venezuela,C1,4,Bookkeeping,LinkedIn,2025-11-28,700
K03360,Jorge,Delgado,jorge.delgado3360@example.com,Argentina,B2,3,Sales VA,LinkedIn,2026-03-18,1100
K03361,Fernando,Martinez,fernando.martinez3361@example.com,Philippines,B2,4,Executive VA,Referral,2025-09-05,1400
K03362,Valentina,Reyes,valentina.reyes3362@example.com,Guatemala,B1,2,Sales VA,LinkedIn,2026-04-07,1400
K03363,Miguel,Martinez,miguel.martinez3363@example.com,Philippines,B2,8,Bookkeeping,Job Board,2025-05-08,2000
K03364,Paula,Flores,paula.flores3364@example.com,Peru,B2,1,Bookkeeping,LinkedIn,2025-05-29,1400
K03365,Jose,Rodriguez,jose.rodriguez3365@example.com,Philippines,B1,5,Marketing VA,Website,2026-05-14,1700
K03366,Laura,Mendoza,laura.mendoza3366@example.com,Mexico,C2,3,Marketing VA,Job Board,2025-09-30,700
K03367,Jorge,Ramirez,jorge.ramirez3367@example.com,Dominican Republic,B2,2,Bookkeeping,Job Board,2025-09-08,1700
K03368,Juan,Santos,juan.santos3368@example.com,Philippines,B2,4,Technical,LinkedIn,2025-03-28,1700
K03369,Camila,Vargas,camila.vargas3369@example.com,Mexico,B2,8,Sales VA,Website,2025-06-02,700
K03370,Sofia,Mendoza,sofia.mendoza3370@example.com,Mexico,B2,5,Executive VA,Website,2026-06-17,1700
K03371,Ana,Gomez,ana.gomez3371@example.com,Colombia,B2,7,Executive VA,LinkedIn,2026-04-29,1700
K03372,Sofia,Reyes,sofia.reyes3372@example.com,Philippines,C2,3,Executive VA,Referral,2026-06-24,900
K03373,Laura,Reyes,laura.reyes3373@example.com,Philippines,B1,1,Sales VA,Website,2026-02-07,1400
K03374,Fernando,Vargas,fernando.vargas3374@example.com,Argentina,C2,0,Sales VA,Website,2025-03-23,1700
K03375,Paula,Torres,paula.torres3375@example.com,Peru,C2,5,Bookkeeping,Facebook Group,2025-12-02,700
K03376,Maria,Martinez,maria.martinez3376@example.com,Colombia,C1,6,Bookkeeping,Website,2026-07-05,2000
K03377,Daniela,Delgado,daniela.delgado3377@example.com,Mexico,C2,4,Customer Support,LinkedIn,2025-10-04,900
K03378,Diego,Santos,diego.santos3378@example.com,Argentina,B2,11,Executive VA,Website,2025-01-14,1700
K03379,Camila,Delgado,camila.delgado3379@example.com,Argentina,B2,2,Marketing VA,LinkedIn,2025-04-23,1700
K03380,Miguel,Vargas,miguel.vargas3380@example.com,Philippines,B2,2,Customer Support,Referral,2026-04-10,1100
K03381,Fernando,Delgado,fernando.delgado3381@example.com,Colombia,C1,3,Customer Support,Website,2026-02-25,1400
K03382,Ricardo,Rodriguez,ricardo.rodriguez3382@example.com,Argentina,C2,0,Bookkeeping,Referral,2025-07-25,1700
K03383,Miguel,Rojas,miguel.rojas3383@example.com,Philippines,C1,5,Customer Support,Referral,2025-12-26,700
K03384,Valentina,Santos,valentina.santos3384@example.com,Peru,C1,7,Sales VA,LinkedIn,2026-06-09,1100
K03385,Sofia,Ramirez,sofia.ramirez3385@example.com,Peru,B2,5,Bookkeeping,LinkedIn,2025-10-05,1400
K03386,Isabella,Delgado,isabella.delgado3386@example.com,Philippines,B2,2,Bookkeeping,Website,2025-09-02,900
K03387,Maria,Ramirez,maria.ramirez3387@example.com,Colombia,B2,2,Sales VA,LinkedIn,2026-06-27,1700
K03388,Ricardo,Flores,ricardo.flores3388@example.com,Brazil,C2,0,Technical,Website,2025-12-22,900
K03389,Angelica,Mendoza,angelica.mendoza3389@example.com,Colombia,B1,6,Marketing VA,Facebook Group,2026-04-17,1700
K03390,Camila,Cruz,camila.cruz3390@example.com,Colombia,B1,5,Technical,Website,2025-10-21,1400
K03391,Carlos,Flores,carlos.flores3391@example.com,Brazil,B1,1,Marketing VA,Facebook Group,2025-10-04,700
K03392,Luis,Reyes,luis.reyes3392@example.com,Mexico,C1,6,Bookkeeping,Website,2026-04-15,1700
K03393,Paula,Castillo,paula.castillo3393@example.com,Peru,C2,2,Executive VA,Job Board,2025-04-17,1700
K03394,Ana,Vargas,ana.vargas3394@example.com,Mexico,B2,5,Sales VA,Referral,2026-01-09,1400
K03395,Jorge,Castillo,jorge.castillo3395@example.com,Philippines,C1,3,Bookkeeping,Job Board,2026-03-20,1700
K03396,Luis,Rojas,luis.rojas3396@example.com,Colombia,B1,3,Bookkeeping,Website,2025-03-27,700
K03397,Ricardo,Rodriguez,ricardo.rodriguez3397@example.com,Dominican Republic,B2,4,Customer Support,Website,2025-10-23,1100
K03398,Daniela,Ramirez,daniela.ramirez3398@example.com,Mexico,C2,3,Sales VA,Website,2026-04-03,700
K03399,Sofia,Flores,sofia.flores3399@example.com,Mexico,C1,4,Customer Support,Job Board,2025-06-11,1400
K03400,Ana,Delgado,ana.delgado3400@example.com,Mexico,C1,0,Executive VA,LinkedIn,2025-07-05,700
K03401,Isabella,Rodriguez,isabella.rodriguez3401@example.com,Argentina,B2,3,Sales VA,LinkedIn,2025-06-30,1700
K03402,Valentina,Torres,valentina.torres3402@example.com,Argentina,C1,7,Customer Support,Facebook Group,2025-05-23,2000
K03403,Miguel,Rodriguez,miguel.rodriguez3403@example.com,Philippines,B1,1,Bookkeeping,Facebook Group,2026-07-15,700
K03404,Luis,Reyes,luis.reyes3404@example.com,Dominican Republic,B2,2,Technical,Job Board,2025-02-06,2000
K03405,Ana,Ramirez,ana.ramirez3405@example.com,Philippines,B2,3,Sales VA,LinkedIn,2026-07-22,2000
K03406,Diego,Rodriguez,diego.rodriguez3406@example.com,Brazil,B2,5,Bookkeeping,Website,2026-04-26,1400
K03407,Juan,Reyes,juan.reyes3407@example.com,Guatemala,B2,2,Bookkeeping,Referral,2026-02-25,1700
K03408,Carlos,Flores,carlos.flores3408@example.com,Argentina,B2,7,Executive VA,Facebook Group,2025-04-20,1100
K03409,Luis,Reyes,luis.reyes3409@example.com,Argentina,B1,2,Customer Support,Facebook Group,2025-05-18,1700
K03410,Laura,Delgado,laura.delgado3410@example.com,Colombia,B1,3,Bookkeeping,Facebook Group,2026-02-22,2000
K03411,Daniela,Torres,daniela.torres3411@example.com,Philippines,B1,8,Bookkeeping,Referral,2025-07-02,900
K03412,Fernando,Martinez,fernando.martinez3412@example.com,Dominican Republic,C1,2,Customer Support,Website,2025-01-25,1400
K03413,Daniela,Mendoza,daniela.mendoza3413@example.com,Venezuela,B2,1,Technical,Referral,2025-11-14,2000
K03414,Ricardo,Santos,ricardo.santos3414@example.com,Philippines,B2,6,Customer Support,LinkedIn,2026-05-18,1100
K03415,Valentina,Santos,valentina.santos3415@example.com,Argentina,B1,1,Customer Support,LinkedIn,2025-05-15,700
K03416,Paula,Flores,paula.flores3416@example.com,Guatemala,C1,4,Executive VA,LinkedIn,2025-12-13,1100
K03417,Ana,Santos,ana.santos3417@example.com,Mexico,B2,3,Customer Support,Job Board,2026-01-03,900
K03418,Ana,Mendoza,ana.mendoza3418@example.com,Guatemala,B2,0,Bookkeeping,LinkedIn,2026-03-28,700
K03419,Camila,Reyes,camila.reyes3419@example.com,Venezuela,C1,2,Bookkeeping,Referral,2025-08-30,1100
K03420,Ricardo,Santos,ricardo.santos3420@example.com,Mexico,B2,0,Technical,LinkedIn,2025-12-10,900
K03421,Jose,Gomez,jose.gomez3421@example.com,Dominican Republic,B2,2,Executive VA,LinkedIn,2025-05-28,1400
K03422,Paula,Vargas,paula.vargas3422@example.com,Colombia,B2,5,Executive VA,Referral,2025-09-19,900
K03423,Jose,Gomez,jose.gomez3423@example.com,Brazil,C1,5,Bookkeeping,Facebook Group,2025-05-15,1100
K03424,Angelica,Delgado,angelica.delgado3424@example.com,Venezuela,B2,0,Executive VA,LinkedIn,2025-11-30,900
K03425,Carlos,Flores,carlos.flores3425@example.com,Philippines,C2,4,Customer Support,Website,2025-10-17,900
K03426,Jorge,Mendoza,jorge.mendoza3426@example.com,Colombia,C1,0,Marketing VA,LinkedIn,2025-06-03,2000
K03427,Laura,Cruz,laura.cruz3427@example.com,Argentina,B1,0,Marketing VA,Website,2025-09-30,1700
K03428,Andres,Torres,andres.torres3428@example.com,Colombia,C2,3,Customer Support,Facebook Group,2026-01-29,1700
K03429,Laura,Mendoza,laura.mendoza3429@example.com,Peru,C1,1,Executive VA,Facebook Group,2026-06-24,700
K03430,Diego,Rojas,diego.rojas3430@example.com,Colombia,C1,5,Technical,Referral,2025-03-09,1100
K03431,Angelica,Reyes,angelica.reyes3431@example.com,Argentina,B2,3,Bookkeeping,Job Board,2025-12-15,1700
K03432,Laura,Santos,laura.santos3432@example.com,Colombia,C1,0,Bookkeeping,Facebook Group,2025-09-11,1400
K03433,Isabella,Martinez,isabella.martinez3433@example.com,Argentina,B1,8,Customer Support,Website,2025-11-09,700
K03434,Valentina,Martinez,valentina.martinez3434@example.com,Philippines,B1,2,Bookkeeping,Job Board,2025-09-25,1400
K03435,Ricardo,Castillo,ricardo.castillo3435@example.com,Colombia,B2,5,Bookkeeping,Referral,2025-09-29,700
K03436,Laura,Mendoza,laura.mendoza3436@example.com,Colombia,B2,2,Sales VA,Referral,2025-02-15,1400
K03437,Sofia,Castillo,sofia.castillo3437@example.com,Brazil,B1,6,Customer Support,Facebook Group,2026-05-23,2000
K03438,Camila,Vargas,camila.vargas3438@example.com,Colombia,B2,1,Customer Support,LinkedIn,2025-02-03,1700
K03439,Valentina,Rojas,valentina.rojas3439@example.com,Brazil,C2,8,Sales VA,Job Board,2025-05-12,1700
K03440,Laura,Delgado,laura.delgado3440@example.com,Guatemala,B1,4,Executive VA,Job Board,2025-07-23,700
K03441,Andres,Vargas,andres.vargas3441@example.com,Haiti,B1,1,Marketing VA,LinkedIn,2025-05-15,1700
K03442,Maria,Flores,maria.flores3442@example.com,Mexico,B1,5,Executive VA,Referral,2026-02-02,1100
K03443,Juan,Vargas,juan.vargas3443@example.com,Peru,B2,4,Technical,LinkedIn,2025-01-30,1100
K03444,Isabella,Rojas,isabella.rojas3444@example.com,Colombia,B2,1,Bookkeeping,Facebook Group,2026-01-24,1100
K03445,Camila,Rodriguez,camila.rodriguez3445@example.com,Venezuela,C1,2,Marketing VA,LinkedIn,2025-03-27,1700
K03446,Laura,Castillo,laura.castillo3446@example.com,Philippines,C1,3,Customer Support,LinkedIn,2026-04-28,1400
K03447,Fernando,Gomez,fernando.gomez3447@example.com,Mexico,B2,0,Technical,LinkedIn,2025-03-05,900
K03448,Juan,Flores,juan.flores3448@example.com,Argentina,B2,5,Bookkeeping,Website,2026-05-30,2000
K03449,Sofia,Delgado,sofia.delgado3449@example.com,Haiti,B2,5,Sales VA,LinkedIn,2025-01-23,1400
K03450,Ana,Cruz,ana.cruz3450@example.com,Guatemala,C2,6,Executive VA,Website,2025-12-29,700
K03451,Carlos,Ramirez,carlos.ramirez3451@example.com,Brazil,C1,6,Bookkeeping,Job Board,2026-03-02,2000
K03452,Isabella,Vargas,isabella.vargas3452@example.com,Argentina,C1,4,Bookkeeping,LinkedIn,2025-01-25,1700
K03453,Valentina,Flores,valentina.flores3453@example.com,Venezuela,C1,2,Technical,Job Board,2025-08-05,2000
K03454,Diego,Cruz,diego.cruz3454@example.com,Philippines,B2,4,Sales VA,LinkedIn,2025-09-21,1100
K03455,Diego,Flores,diego.flores3455@example.com,Philippines,C1,6,Technical,Website,2025-02-26,2000
K03456,Valentina,Castillo,valentina.castillo3456@example.com,Philippines,C1,2,Customer Support,LinkedIn,2025-01-23,1700
K03457,Ana,Gomez,ana.gomez3457@example.com,Guatemala,B1,3,Bookkeeping,Facebook Group,2025-01-30,1400
K03458,Ricardo,Martinez,ricardo.martinez3458@example.com,Guatemala,C1,6,Technical,LinkedIn,2025-05-31,1100
K03459,Angelica,Gomez,angelica.gomez3459@example.com,Mexico,B2,3,Bookkeeping,Job Board,2026-06-24,900
K03460,Ricardo,Delgado,ricardo.delgado3460@example.com,Colombia,B1,6,Bookkeeping,LinkedIn,2026-06-11,2000
K03461,Ana,Cruz,ana.cruz3461@example.com,Philippines,B1,6,Executive VA,LinkedIn,2025-01-15,2000
K03462,Ricardo,Rojas,ricardo.rojas3462@example.com,Peru,C2,5,Marketing VA,Job Board,2025-03-10,700
K03463,Sofia,Ramirez,sofia.ramirez3463@example.com,Argentina,B2,2,Customer Support,LinkedIn,2025-06-09,1100
K03464,Maria,Cruz,maria.cruz3464@example.com,Venezuela,B2,5,Technical,Job Board,2025-02-08,1100
K03465,Fernando,Vargas,fernando.vargas3465@example.com,Brazil,B2,3,Sales VA,Referral,2026-05-05,1400
K03466,Jose,Reyes,jose.reyes3466@example.com,Philippines,B2,5,Technical,Facebook Group,2026-03-28,1100
K03467,Isabella,Flores,isabella.flores3467@example.com,Philippines,B2,3,Bookkeeping,Job Board,2025-09-03,1700
K03468,Juan,Cruz,juan.cruz3468@example.com,Mexico,B1,5,Technical,LinkedIn,2025-03-29,1100
K03469,Fernando,Rodriguez,fernando.rodriguez3469@example.com,Peru,B2,9,Marketing VA,Referral,2026-02-21,700
K03470,Maria,Cruz,maria.cruz3470@example.com,Colombia,B1,6,Marketing VA,LinkedIn,2025-01-04,2000
K03471,Paula,Delgado,paula.delgado3471@example.com,Peru,B1,3,Bookkeeping,Facebook Group,2025-09-07,700
K03472,Sofia,Rodriguez,sofia.rodriguez3472@example.com,Philippines,B2,8,Executive VA,Job Board,2026-04-01,1700
K03473,Fernando,Cruz,fernando.cruz3473@example.com,Philippines,B2,2,Marketing VA,LinkedIn,2026-06-07,2000
K03474,Angelica,Torres,angelica.torres3474@example.com,Haiti,B2,4,Bookkeeping,Website,2026-05-25,700
K03475,Andres,Delgado,andres.delgado3475@example.com,Colombia,B1,5,Marketing VA,Facebook Group,2025-08-28,1100
K03476,Camila,Vargas,camila.vargas3476@example.com,Argentina,B2,6,Executive VA,LinkedIn,2026-02-04,1700
K03477,Andres,Ramirez,andres.ramirez3477@example.com,Mexico,C2,1,Customer Support,Website,2026-01-05,1400
K03478,Luis,Cruz,luis.cruz3478@example.com,Colombia,B2,4,Technical,Facebook Group,2025-12-04,1100
K03479,Camila,Castillo,camila.castillo3479@example.com,Colombia,B2,7,Sales VA,Website,2026-03-22,1100
K03480,Ricardo,Flores,ricardo.flores3480@example.com,Colombia,C1,4,Marketing VA,Website,2025-10-16,2000
K03481,Sofia,Martinez,sofia.martinez3481@example.com,Colombia,C1,3,Customer Support,Referral,2026-01-02,1400
K03482,Sofia,Vargas,sofia.vargas3482@example.com,Peru,C1,6,Customer Support,Referral,2025-04-30,2000
K03483,Camila,Ramirez,camila.ramirez3483@example.com,Mexico,C2,3,Customer Support,Website,2025-10-05,1700
K03484,Sofia,Rodriguez,sofia.rodriguez3484@example.com,Haiti,C2,1,Technical,Website,2025-03-13,900
K03485,Carlos,Flores,carlos.flores3485@example.com,Guatemala,B2,2,Customer Support,Facebook Group,2026-07-09,1100
K03486,Ana,Vargas,ana.vargas3486@example.com,Philippines,C1,5,Customer Support,Job Board,2026-03-27,2000
K03487,Valentina,Rojas,valentina.rojas3487@example.com,Philippines,C1,0,Sales VA,Website,2025-11-09,700
K03488,Camila,Santos,camila.santos3488@example.com,Mexico,C1,10,Customer Support,Referral,2025-07-19,700
K03489,Jose,Flores,jose.flores3489@example.com,Argentina,B1,7,Customer Support,Job Board,2026-05-30,900
K03490,Miguel,Gomez,miguel.gomez3490@example.com,Peru,B2,3,Technical,Referral,2026-05-21,1700
K03491,Andres,Martinez,andres.martinez3491@example.com,Mexico,C2,8,Marketing VA,LinkedIn,2026-04-22,900
K03492,Miguel,Castillo,miguel.castillo3492@example.com,Colombia,B1,4,Sales VA,Referral,2025-07-06,1100
K03493,Valentina,Ramirez,valentina.ramirez3493@example.com,Argentina,B2,2,Bookkeeping,Website,2025-04-13,1100
K03494,Angelica,Vargas,angelica.vargas3494@example.com,Brazil,B2,6,Technical,Facebook Group,2025-06-10,1700
K03495,Ricardo,Reyes,ricardo.reyes3495@example.com,Dominican Republic,C2,5,Sales VA,Job Board,2026-03-18,2000
K03496,Luis,Cruz,luis.cruz3496@example.com,Philippines,B2,5,Technical,Referral,2026-02-11,1100
K03497,Ricardo,Torres,ricardo.torres3497@example.com,Colombia,B2,2,Executive VA,Job Board,2026-03-01,1100
K03498,Luis,Martinez,luis.martinez3498@example.com,Guatemala,B2,1,Marketing VA,Website,2025-04-19,900
K03499,Juan,Gomez,juan.gomez3499@example.com,Mexico,C1,4,Customer Support,LinkedIn,2025-07-31,1400
K03500,Jorge,Gomez,jorge.gomez3500@example.com,Colombia,C2,5,Bookkeeping,Job Board,2026-05-23,1700
K03501,Maria,Ramirez,maria.ramirez3501@example.com,Philippines,C2,2,Technical,Website,2026-01-05,900
K03502,Sofia,Torres,sofia.torres3502@example.com,Philippines,B2,2,Technical,Facebook Group,2025-01-17,900
K03503,Juan,Gomez,juan.gomez3503@example.com,Peru,C2,3,Executive VA,Job Board,2026-06-14,1100
K03504,Jose,Vargas,jose.vargas3504@example.com,Philippines,B2,2,Sales VA,LinkedIn,2026-02-27,1700
K03505,Juan,Gomez,juan.gomez3505@example.com,Venezuela,B2,5,Customer Support,Website,2026-01-12,1400
K03506,Carlos,Gomez,carlos.gomez3506@example.com,Argentina,C1,4,Marketing VA,Job Board,2025-12-16,1700
K03507,Ricardo,Martinez,ricardo.martinez3507@example.com,Colombia,B2,7,Marketing VA,Facebook Group,2026-07-10,1700
K03508,Laura,Mendoza,laura.mendoza3508@example.com,Peru,B2,8,Customer Support,Facebook Group,2026-02-21,1700
K03509,Luis,Vargas,luis.vargas3509@example.com,Venezuela,B2,2,Marketing VA,Job Board,2026-02-21,700
K03510,Camila,Flores,camila.flores3510@example.com,Peru,C1,9,Bookkeeping,Facebook Group,2025-06-18,900
K03511,Jose,Cruz,jose.cruz3511@example.com,Argentina,C2,6,Marketing VA,LinkedIn,2025-05-12,900
K03512,Carlos,Rodriguez,carlos.rodriguez3512@example.com,Argentina,B2,5,Bookkeeping,Referral,2026-05-27,1400
K03513,Isabella,Santos,isabella.santos3513@example.com,Mexico,C2,9,Sales VA,Facebook Group,2025-11-16,900
K03514,Jorge,Mendoza,jorge.mendoza3514@example.com,Philippines,B2,1,Executive VA,LinkedIn,2025-02-09,900
K03515,Ricardo,Ramirez,ricardo.ramirez3515@example.com,Dominican Republic,B2,5,Customer Support,Facebook Group,2025-01-12,2000
K03516,Diego,Martinez,diego.martinez3516@example.com,Colombia,B1,4,Customer Support,Referral,2025-11-20,1700
K03517,Miguel,Reyes,miguel.reyes3517@example.com,Mexico,C1,3,Customer Support,LinkedIn,2025-12-27,2000
K03518,Juan,Vargas,juan.vargas3518@example.com,Argentina,B1,3,Bookkeeping,Facebook Group,2025-02-05,900
K03519,Paula,Ramirez,paula.ramirez3519@example.com,Colombia,B2,2,Customer Support,Referral,2025-11-03,1700
K03520,Diego,Mendoza,diego.mendoza3520@example.com,Haiti,C2,1,Technical,LinkedIn,2026-05-08,700
K03521,Diego,Santos,diego.santos3521@example.com,Venezuela,B2,6,Bookkeeping,Referral,2025-07-09,1100
K03522,Daniela,Flores,daniela.flores3522@example.com,Colombia,B2,0,Technical,Facebook Group,2025-08-20,2000
K03523,Isabella,Martinez,isabella.martinez3523@example.com,Venezuela,C1,1,Bookkeeping,Facebook Group,2025-10-15,2000
K03524,Juan,Flores,juan.flores3524@example.com,Colombia,C2,4,Customer Support,Referral,2026-07-08,2000
K03525,Ana,Flores,ana.flores3525@example.com,Philippines,B2,4,Sales VA,Website,2025-06-21,2000
K03526,Angelica,Reyes,angelica.reyes3526@example.com,Mexico,C1,3,Marketing VA,LinkedIn,2026-01-18,1400
K03527,Luis,Rojas,luis.rojas3527@example.com,Venezuela,C1,5,Bookkeeping,LinkedIn,2025-03-20,1400
K03528,Ricardo,Castillo,ricardo.castillo3528@example.com,Mexico,C1,2,Sales VA,Facebook Group,2025-12-01,1100
K03529,Andres,Santos,andres.santos3529@example.com,Venezuela,B1,7,Executive VA,Facebook Group,2025-09-10,700
K03530,Maria,Flores,maria.flores3530@example.com,Colombia,B2,8,Sales VA,Job Board,2026-03-09,1400
K03531,Daniela,Gomez,daniela.gomez3531@example.com,Argentina,B2,6,Bookkeeping,LinkedIn,2025-03-13,700
K03532,Valentina,Gomez,valentina.gomez3532@example.com,Argentina,B1,3,Technical,Job Board,2025-10-13,1100
K03533,Miguel,Flores,miguel.flores3533@example.com,Mexico,C1,1,Bookkeeping,Job Board,2026-03-10,700
K03534,Angelica,Rojas,angelica.rojas3534@example.com,Peru,B2,2,Technical,LinkedIn,2025-09-28,1400
K03535,Valentina,Rodriguez,valentina.rodriguez3535@example.com,Colombia,C1,1,Customer Support,Facebook Group,2026-05-14,1400
K03536,Ricardo,Mendoza,ricardo.mendoza3536@example.com,Philippines,C1,2,Bookkeeping,Job Board,2026-03-21,700
K03537,Isabella,Vargas,isabella.vargas3537@example.com,Philippines,C2,1,Executive VA,LinkedIn,2025-10-16,1700
K03538,Camila,Reyes,camila.reyes3538@example.com,Colombia,B1,4,Customer Support,Referral,2026-05-27,2000
K03539,Paula,Cruz,paula.cruz3539@example.com,Colombia,C1,6,Customer Support,Website,2025-12-15,900
K03540,Jorge,Reyes,jorge.reyes3540@example.com,Colombia,B2,3,Customer Support,LinkedIn,2025-01-13,700
K03541,Paula,Rodriguez,paula.rodriguez3541@example.com,Peru,B1,1,Executive VA,LinkedIn,2025-03-15,900
K03542,Jose,Cruz,jose.cruz3542@example.com,Mexico,C2,11,Customer Support,Job Board,2026-03-20,700
K03543,Daniela,Santos,daniela.santos3543@example.com,Colombia,B2,7,Marketing VA,Referral,2025-11-11,1100
K03544,Carlos,Reyes,carlos.reyes3544@example.com,Colombia,B2,4,Bookkeeping,LinkedIn,2026-04-22,1400
K03545,Daniela,Rojas,daniela.rojas3545@example.com,Philippines,B2,5,Sales VA,Referral,2025-05-28,2000
K03546,Valentina,Castillo,valentina.castillo3546@example.com,Philippines,C1,0,Marketing VA,Facebook Group,2025-02-12,900
K03547,Miguel,Mendoza,miguel.mendoza3547@example.com,Peru,C1,3,Bookkeeping,LinkedIn,2025-10-23,1100
K03548,Ricardo,Mendoza,ricardo.mendoza3548@example.com,Peru,B2,7,Technical,LinkedIn,2026-05-03,2000
K03549,Fernando,Mendoza,fernando.mendoza3549@example.com,Colombia,C1,4,Technical,Job Board,2025-07-04,1100
K03550,Jorge,Cruz,jorge.cruz3550@example.com,Peru,C1,3,Bookkeeping,Job Board,2025-09-11,2000
K03551,Carlos,Torres,carlos.torres3551@example.com,Dominican Republic,B2,2,Technical,Referral,2025-10-09,1400
K03552,Valentina,Mendoza,valentina.mendoza3552@example.com,Philippines,C2,8,Technical,Job Board,2026-04-01,2000
K03553,Diego,Gomez,diego.gomez3553@example.com,Argentina,B2,3,Sales VA,Facebook Group,2025-04-22,1100
K03554,Fernando,Castillo,fernando.castillo3554@example.com,Philippines,B2,4,Executive VA,LinkedIn,2025-07-17,900
K03555,Maria,Castillo,maria.castillo3555@example.com,Argentina,B2,6,Technical,Facebook Group,2025-04-28,1100
K03556,Ana,Cruz,ana.cruz3556@example.com,Colombia,C1,2,Technical,Facebook Group,2025-02-27,700
K03557,Andres,Delgado,andres.delgado3557@example.com,Philippines,B2,10,Marketing VA,Website,2026-05-12,900
K03558,Luis,Mendoza,luis.mendoza3558@example.com,Dominican Republic,C2,3,Marketing VA,Referral,2025-02-17,2000
K03559,Jorge,Rodriguez,jorge.rodriguez3559@example.com,Mexico,B2,0,Bookkeeping,Referral,2025-09-10,2000
K03560,Laura,Flores,laura.flores3560@example.com,Mexico,B2,4,Technical,Referral,2026-04-09,700
K03561,Jorge,Ramirez,jorge.ramirez3561@example.com,Philippines,B2,5,Technical,Facebook Group,2025-06-21,2000
K03562,Angelica,Mendoza,angelica.mendoza3562@example.com,Colombia,B2,4,Executive VA,Facebook Group,2025-03-31,700
K03563,Fernando,Santos,fernando.santos3563@example.com,Colombia,C1,1,Customer Support,Website,2026-06-17,1100
K03564,Jorge,Mendoza,jorge.mendoza3564@example.com,Colombia,B1,1,Executive VA,Job Board,2026-05-26,1700
K03565,Diego,Torres,diego.torres3565@example.com,Venezuela,C1,1,Bookkeeping,LinkedIn,2025-10-12,2000
K03566,Camila,Rodriguez,camila.rodriguez3566@example.com,Guatemala,B1,0,Bookkeeping,Website,2025-10-14,700
K03567,Ricardo,Santos,ricardo.santos3567@example.com,Mexico,C2,6,Bookkeeping,Job Board,2025-09-05,1400
K03568,Jose,Rojas,jose.rojas3568@example.com,Colombia,C1,4,Technical,LinkedIn,2025-07-09,900
K03569,Camila,Castillo,camila.castillo3569@example.com,Colombia,C1,0,Bookkeeping,LinkedIn,2025-07-16,1700
K03570,Jose,Castillo,jose.castillo3570@example.com,Peru,B1,3,Sales VA,Referral,2025-11-25,1100
K03571,Juan,Castillo,juan.castillo3571@example.com,Colombia,B2,5,Technical,Referral,2025-05-13,2000
K03572,Carlos,Santos,carlos.santos3572@example.com,Peru,C2,4,Sales VA,Job Board,2025-04-29,1400
K03573,Luis,Cruz,luis.cruz3573@example.com,Mexico,B2,2,Technical,Job Board,2026-02-11,900
K03574,Laura,Ramirez,laura.ramirez3574@example.com,Mexico,B2,5,Technical,LinkedIn,2025-02-07,900
K03575,Valentina,Vargas,valentina.vargas3575@example.com,Venezuela,B2,3,Customer Support,Referral,2026-06-10,900
K03576,Jose,Santos,jose.santos3576@example.com,Dominican Republic,B2,10,Bookkeeping,Job Board,2025-11-11,700
K03577,Jorge,Castillo,jorge.castillo3577@example.com,Philippines,B2,11,Technical,Referral,2026-06-17,1400
K03578,Laura,Cruz,laura.cruz3578@example.com,Colombia,B1,6,Customer Support,Referral,2025-11-23,1700
K03579,Daniela,Cruz,daniela.cruz3579@example.com,Mexico,B2,5,Sales VA,LinkedIn,2026-01-30,700
K03580,Laura,Torres,laura.torres3580@example.com,Argentina,C1,4,Sales VA,Referral,2025-06-18,2000
K03581,Camila,Mendoza,camila.mendoza3581@example.com,Colombia,C1,5,Sales VA,Facebook Group,2025-09-10,900
K03582,Angelica,Mendoza,angelica.mendoza3582@example.com,Philippines,B1,4,Bookkeeping,Website,2026-01-14,700
K03583,Sofia,Rojas,sofia.rojas3583@example.com,Philippines,B2,5,Marketing VA,Website,2026-03-30,1400
K03584,Luis,Torres,luis.torres3584@example.com,Colombia,B1,1,Sales VA,Website,2025-12-19,2000
K03585,Sofia,Torres,sofia.torres3585@example.com,Haiti,C1,8,Bookkeeping,LinkedIn,2026-05-21,700
K03586,Angelica,Santos,angelica.santos3586@example.com,Argentina,C1,6,Customer Support,Job Board,2026-02-10,1400
K03587,Carlos,Flores,carlos.flores3587@example.com,Colombia,B2,5,Executive VA,Facebook Group,2026-07-19,900
K03588,Diego,Cruz,diego.cruz3588@example.com,Mexico,B2,4,Bookkeeping,Facebook Group,2025-10-13,700
K03589,Paula,Reyes,paula.reyes3589@example.com,Mexico,C2,2,Executive VA,LinkedIn,2025-07-11,1400
K03590,Maria,Reyes,maria.reyes3590@example.com,Colombia,B2,8,Marketing VA,LinkedIn,2026-06-30,1700
K03591,Jorge,Rodriguez,jorge.rodriguez3591@example.com,Haiti,C2,7,Customer Support,Website,2026-07-07,700
K03592,Valentina,Flores,valentina.flores3592@example.com,Brazil,B2,0,Technical,Facebook Group,2026-04-14,700
K03593,Jorge,Flores,jorge.flores3593@example.com,Colombia,C1,6,Executive VA,LinkedIn,2025-09-03,900
K03594,Juan,Martinez,juan.martinez3594@example.com,Mexico,C2,7,Customer Support,LinkedIn,2026-02-25,900
K03595,Juan,Rodriguez,juan.rodriguez3595@example.com,Colombia,C1,0,Marketing VA,Facebook Group,2025-12-15,2000
K03596,Carlos,Ramirez,carlos.ramirez3596@example.com,Mexico,C1,6,Bookkeeping,Website,2026-02-16,2000
K03597,Jorge,Santos,jorge.santos3597@example.com,Venezuela,B2,5,Marketing VA,Website,2025-09-04,1400
K03598,Ricardo,Castillo,ricardo.castillo3598@example.com,Colombia,C1,0,Marketing VA,Referral,2025-09-19,1100
K03599,Sofia,Gomez,sofia.gomez3599@example.com,Philippines,B2,2,Bookkeeping,Job Board,2026-04-25,2000
K03600,Daniela,Rojas,daniela.rojas3600@example.com,Guatemala,C2,7,Executive VA,Website,2026-02-23,900
K03601,Paula,Delgado,paula.delgado3601@example.com,Peru,B2,4,Bookkeeping,Referral,2026-06-21,700
K03602,Carlos,Reyes,carlos.reyes3602@example.com,Argentina,B2,3,Technical,Job Board,2025-04-30,1400
K03603,Jorge,Ramirez,jorge.ramirez3603@example.com,Argentina,B1,5,Marketing VA,Facebook Group,2026-02-13,1700
K03604,Jorge,Cruz,jorge.cruz3604@example.com,Venezuela,B2,2,Executive VA,LinkedIn,2026-02-07,1700
K03605,Andres,Delgado,andres.delgado3605@example.com,Philippines,C2,6,Technical,Facebook Group,2025-01-20,1400
K03606,Ana,Castillo,ana.castillo3606@example.com,Philippines,B1,0,Sales VA,Job Board,2025-06-22,2000
K03607,Paula,Flores,paula.flores3607@example.com,Philippines,B2,3,Marketing VA,Website,2026-06-01,1100
K03608,Luis,Vargas,luis.vargas3608@example.com,Philippines,B1,4,Technical,Referral,2025-10-28,2000
K03609,Maria,Rodriguez,maria.rodriguez3609@example.com,Mexico,B1,3,Sales VA,LinkedIn,2025-06-06,900
K03610,Paula,Gomez,paula.gomez3610@example.com,Colombia,C1,3,Sales VA,Website,2025-03-14,2000
K03611,Sofia,Flores,sofia.flores3611@example.com,Argentina,C1,1,Technical,Facebook Group,2025-11-11,1400
K03612,Luis,Castillo,luis.castillo3612@example.com,Philippines,C1,3,Technical,Job Board,2026-02-07,2000
K03613,Ricardo,Castillo,ricardo.castillo3613@example.com,Argentina,C1,8,Technical,Website,2026-02-20,900
K03614,Juan,Ramirez,juan.ramirez3614@example.com,Mexico,B2,7,Executive VA,Referral,2026-07-13,1700
K03615,Maria,Mendoza,maria.mendoza3615@example.com,Mexico,B1,5,Customer Support,Referral,2025-03-11,1400
K03616,Juan,Castillo,juan.castillo3616@example.com,Brazil,B2,2,Bookkeeping,Job Board,2026-01-05,900
K03617,Sofia,Torres,sofia.torres3617@example.com,Peru,B2,2,Executive VA,Job Board,2025-12-13,1400
K03618,Diego,Delgado,diego.delgado3618@example.com,Dominican Republic,B2,11,Bookkeeping,Job Board,2025-11-04,1700
K03619,Valentina,Vargas,valentina.vargas3619@example.com,Brazil,B2,6,Executive VA,Facebook Group,2025-04-04,700
K03620,Angelica,Cruz,angelica.cruz3620@example.com,Dominican Republic,B2,4,Technical,Referral,2026-02-08,1100
K03621,Diego,Mendoza,diego.mendoza3621@example.com,Colombia,B2,4,Executive VA,Website,2025-01-29,1700
K03622,Daniela,Gomez,daniela.gomez3622@example.com,Philippines,B2,7,Sales VA,Facebook Group,2025-08-20,1100
K03623,Daniela,Reyes,daniela.reyes3623@example.com,Philippines,B2,2,Sales VA,Referral,2025-09-07,900
K03624,Isabella,Cruz,isabella.cruz3624@example.com,Philippines,B2,5,Sales VA,LinkedIn,2025-06-01,1100
K03625,Isabella,Castillo,isabella.castillo3625@example.com,Dominican Republic,C1,8,Executive VA,LinkedIn,2025-04-26,900
K03626,Ana,Gomez,ana.gomez3626@example.com,Philippines,B2,7,Marketing VA,Job Board,2025-06-04,1700
K03627,Luis,Ramirez,luis.ramirez3627@example.com,Colombia,B2,7,Sales VA,Website,2025-02-13,700
K03628,Andres,Vargas,andres.vargas3628@example.com,Dominican Republic,B1,3,Technical,Facebook Group,2026-05-27,1700
K03629,Sofia,Rodriguez,sofia.rodriguez3629@example.com,Mexico,C2,5,Marketing VA,LinkedIn,2026-06-06,1100
K03630,Maria,Cruz,maria.cruz3630@example.com,Philippines,C1,5,Sales VA,LinkedIn,2025-11-30,1400
K03631,Daniela,Flores,daniela.flores3631@example.com,Argentina,C2,8,Customer Support,Website,2026-03-09,700
K03632,Camila,Mendoza,camila.mendoza3632@example.com,Argentina,B2,6,Marketing VA,Referral,2025-11-03,1400
K03633,Diego,Reyes,diego.reyes3633@example.com,Peru,C2,1,Bookkeeping,Website,2025-01-01,700
K03634,Daniela,Rojas,daniela.rojas3634@example.com,Colombia,B2,8,Marketing VA,Website,2025-07-22,1700
K03635,Carlos,Delgado,carlos.delgado3635@example.com,Philippines,C2,2,Sales VA,Website,2025-05-30,700
K03636,Laura,Gomez,laura.gomez3636@example.com,Haiti,B2,4,Marketing VA,LinkedIn,2026-06-02,2000
K03637,Ricardo,Delgado,ricardo.delgado3637@example.com,Colombia,C1,8,Technical,Website,2026-03-25,1400
K03638,Paula,Cruz,paula.cruz3638@example.com,Dominican Republic,B1,6,Bookkeeping,Job Board,2026-01-16,1400
K03639,Miguel,Rodriguez,miguel.rodriguez3639@example.com,Venezuela,B2,3,Customer Support,Referral,2025-02-12,1700
K03640,Laura,Delgado,laura.delgado3640@example.com,Argentina,C2,2,Executive VA,Facebook Group,2026-07-21,900
K03641,Valentina,Ramirez,valentina.ramirez3641@example.com,Venezuela,B2,2,Customer Support,Website,2025-03-22,1100
K03642,Carlos,Gomez,carlos.gomez3642@example.com,Peru,C1,5,Bookkeeping,Website,2026-03-24,2000
K03643,Jorge,Mendoza,jorge.mendoza3643@example.com,Peru,B2,4,Marketing VA,Facebook Group,2026-04-24,700
K03644,Sofia,Vargas,sofia.vargas3644@example.com,Peru,C1,3,Technical,Referral,2025-10-24,900
K03645,Maria,Delgado,maria.delgado3645@example.com,Argentina,B2,6,Bookkeeping,Job Board,2025-08-13,1400
K03646,Jose,Rodriguez,jose.rodriguez3646@example.com,Mexico,B2,2,Customer Support,Facebook Group,2025-04-06,1700
K03647,Maria,Mendoza,maria.mendoza3647@example.com,Haiti,B1,1,Technical,LinkedIn,2026-07-04,1400
K03648,Diego,Cruz,diego.cruz3648@example.com,Mexico,B2,3,Sales VA,Facebook Group,2025-10-16,1700
K03649,Luis,Ramirez,luis.ramirez3649@example.com,Philippines,B2,3,Bookkeeping,Referral,2025-04-03,700
K03650,Carlos,Cruz,carlos.cruz3650@example.com,Argentina,B2,6,Sales VA,Job Board,2025-02-20,1700
K03651,Ana,Cruz,ana.cruz3651@example.com,Dominican Republic,C1,4,Sales VA,LinkedIn,2026-03-01,700
K03652,Ana,Reyes,ana.reyes3652@example.com,Colombia,B2,3,Marketing VA,LinkedIn,2026-05-20,1400
K03653,Paula,Castillo,paula.castillo3653@example.com,Peru,C2,8,Sales VA,Job Board,2025-09-07,1400
K03654,Daniela,Vargas,daniela.vargas3654@example.com,Venezuela,B2,4,Sales VA,Facebook Group,2026-02-26,1700
K03655,Ricardo,Santos,ricardo.santos3655@example.com,Philippines,B1,2,Executive VA,Website,2026-03-09,1700
K03656,Ana,Cruz,ana.cruz3656@example.com,Mexico,B1,5,Customer Support,Job Board,2026-05-05,1700
K03657,Paula,Martinez,paula.martinez3657@example.com,Argentina,C1,9,Customer Support,Referral,2025-11-08,2000
K03658,Paula,Reyes,paula.reyes3658@example.com,Colombia,B2,3,Marketing VA,LinkedIn,2026-02-08,2000
K03659,Laura,Castillo,laura.castillo3659@example.com,Argentina,B2,7,Bookkeeping,LinkedIn,2025-01-04,900
K03660,Paula,Mendoza,paula.mendoza3660@example.com,Argentina,C2,3,Technical,Website,2025-01-22,1400
K03661,Valentina,Reyes,valentina.reyes3661@example.com,Philippines,C2,2,Customer Support,LinkedIn,2026-07-11,2000
K03662,Sofia,Santos,sofia.santos3662@example.com,Philippines,B2,4,Sales VA,LinkedIn,2026-06-16,1100
K03663,Juan,Flores,juan.flores3663@example.com,Colombia,B2,4,Marketing VA,Website,2025-02-05,2000
K03664,Ricardo,Ramirez,ricardo.ramirez3664@example.com,Philippines,C2,3,Customer Support,Referral,2025-02-21,1700
K03665,Ricardo,Torres,ricardo.torres3665@example.com,Mexico,B2,6,Sales VA,Website,2026-02-15,700
K03666,Camila,Torres,camila.torres3666@example.com,Guatemala,B2,7,Marketing VA,Job Board,2025-05-19,1400
K03667,Valentina,Flores,valentina.flores3667@example.com,Philippines,C1,2,Technical,Job Board,2026-05-13,700
K03668,Isabella,Martinez,isabella.martinez3668@example.com,Colombia,B2,3,Bookkeeping,LinkedIn,2026-06-12,2000
K03669,Ricardo,Flores,ricardo.flores3669@example.com,Philippines,B2,5,Sales VA,Referral,2025-06-19,1700
K03670,Maria,Gomez,maria.gomez3670@example.com,Mexico,C2,1,Sales VA,Referral,2025-01-17,700
K03671,Valentina,Reyes,valentina.reyes3671@example.com,Colombia,B2,1,Executive VA,LinkedIn,2025-01-20,2000
K03672,Miguel,Flores,miguel.flores3672@example.com,Colombia,B1,8,Sales VA,Referral,2025-10-21,900
K03673,Andres,Vargas,andres.vargas3673@example.com,Peru,B2,7,Sales VA,Facebook Group,2025-09-18,900
K03674,Ricardo,Torres,ricardo.torres3674@example.com,Venezuela,B2,8,Technical,Job Board,2025-10-24,700
K03675,Laura,Rodriguez,laura.rodriguez3675@example.com,Colombia,B2,7,Bookkeeping,Facebook Group,2025-12-08,900
K03676,Carlos,Santos,carlos.santos3676@example.com,Peru,B2,5,Executive VA,LinkedIn,2025-12-20,1100
K03677,Ana,Cruz,ana.cruz3677@example.com,Guatemala,B1,9,Marketing VA,LinkedIn,2025-01-18,700
K03678,Isabella,Flores,isabella.flores3678@example.com,Mexico,B2,6,Technical,Facebook Group,2025-10-31,1100
K03679,Fernando,Flores,fernando.flores3679@example.com,Venezuela,C2,5,Bookkeeping,Referral,2026-01-15,1700
K03680,Camila,Martinez,camila.martinez3680@example.com,Dominican Republic,B2,0,Marketing VA,Referral,2025-05-28,1100
K03681,Luis,Mendoza,luis.mendoza3681@example.com,Philippines,B1,4,Customer Support,Job Board,2026-05-02,1100
K03682,Angelica,Reyes,angelica.reyes3682@example.com,Dominican Republic,C1,5,Executive VA,Website,2025-11-12,900
K03683,Ricardo,Santos,ricardo.santos3683@example.com,Colombia,C1,3,Executive VA,LinkedIn,2026-01-29,2000
K03684,Daniela,Vargas,daniela.vargas3684@example.com,Venezuela,C1,5,Sales VA,Facebook Group,2025-04-16,1100
K03685,Ana,Reyes,ana.reyes3685@example.com,Colombia,C1,5,Sales VA,Job Board,2025-08-05,2000
K03686,Laura,Vargas,laura.vargas3686@example.com,Guatemala,C1,3,Bookkeeping,LinkedIn,2025-08-30,1400
K03687,Daniela,Delgado,daniela.delgado3687@example.com,Guatemala,B2,4,Technical,LinkedIn,2026-06-10,700
K03688,Ricardo,Castillo,ricardo.castillo3688@example.com,Mexico,B1,6,Bookkeeping,Facebook Group,2026-03-10,2000
K03689,Juan,Rodriguez,juan.rodriguez3689@example.com,Philippines,C1,5,Technical,Facebook Group,2026-01-18,900
K03690,Jorge,Vargas,jorge.vargas3690@example.com,Dominican Republic,C2,4,Sales VA,LinkedIn,2025-03-04,1400
K03691,Ricardo,Reyes,ricardo.reyes3691@example.com,Argentina,B2,6,Bookkeeping,Job Board,2025-04-30,1400
K03692,Andres,Castillo,andres.castillo3692@example.com,Colombia,B2,5,Executive VA,Referral,2025-02-28,1400
K03693,Fernando,Vargas,fernando.vargas3693@example.com,Philippines,B1,3,Technical,LinkedIn,2026-04-09,1700
K03694,Fernando,Cruz,fernando.cruz3694@example.com,Venezuela,C1,5,Executive VA,Referral,2025-09-04,1100
K03695,Juan,Flores,juan.flores3695@example.com,Colombia,C1,3,Marketing VA,Job Board,2026-03-05,2000
K03696,Miguel,Castillo,miguel.castillo3696@example.com,Philippines,B2,2,Marketing VA,Facebook Group,2025-11-16,2000
K03697,Jorge,Torres,jorge.torres3697@example.com,Colombia,B1,8,Sales VA,Facebook Group,2025-06-30,900
K03698,Diego,Vargas,diego.vargas3698@example.com,Argentina,B2,7,Customer Support,LinkedIn,2026-04-08,1400
K03699,Miguel,Santos,miguel.santos3699@example.com,Haiti,C1,7,Technical,Job Board,2026-01-20,900
K03700,Sofia,Mendoza,sofia.mendoza3700@example.com,Dominican Republic,B1,2,Sales VA,Job Board,2025-08-16,1700
K03701,Isabella,Reyes,isabella.reyes3701@example.com,Peru,B2,7,Technical,Facebook Group,2026-06-10,1700
K03702,Juan,Flores,juan.flores3702@example.com,Argentina,C1,6,Bookkeeping,Facebook Group,2026-03-23,1700
K03703,Juan,Martinez,juan.martinez3703@example.com,Mexico,C2,6,Executive VA,Website,2026-05-01,900
K03704,Daniela,Cruz,daniela.cruz3704@example.com,Haiti,C1,4,Executive VA,Referral,2025-01-11,900
K03705,Maria,Delgado,maria.delgado3705@example.com,Haiti,C1,3,Customer Support,Referral,2025-10-01,900
K03706,Juan,Flores,juan.flores3706@example.com,Peru,C1,3,Sales VA,Facebook Group,2025-12-21,700
K03707,Daniela,Gomez,daniela.gomez3707@example.com,Colombia,B2,2,Executive VA,LinkedIn,2025-01-31,1100
K03708,Sofia,Flores,sofia.flores3708@example.com,Argentina,B1,3,Executive VA,LinkedIn,2025-02-24,900
K03709,Luis,Flores,luis.flores3709@example.com,Guatemala,C1,1,Sales VA,Referral,2025-06-04,1400
K03710,Andres,Flores,andres.flores3710@example.com,Colombia,B2,1,Bookkeeping,Referral,2025-05-31,1400
K03711,Jose,Flores,jose.flores3711@example.com,Peru,B2,3,Sales VA,Facebook Group,2025-04-17,1400
K03712,Isabella,Gomez,isabella.gomez3712@example.com,Colombia,B1,0,Marketing VA,Facebook Group,2025-04-10,2000
K03713,Sofia,Reyes,sofia.reyes3713@example.com,Colombia,C2,2,Customer Support,Website,2026-07-19,700
K03714,Laura,Martinez,laura.martinez3714@example.com,Peru,B1,3,Executive VA,Facebook Group,2025-01-04,1400
K03715,Jose,Reyes,jose.reyes3715@example.com,Argentina,C1,4,Technical,Website,2026-05-24,700
K03716,Camila,Martinez,camila.martinez3716@example.com,Philippines,B2,6,Customer Support,LinkedIn,2025-01-24,1100
K03717,Carlos,Reyes,carlos.reyes3717@example.com,Dominican Republic,B2,7,Technical,Referral,2026-03-10,1700
K03718,Jose,Flores,jose.flores3718@example.com,Mexico,C2,5,Customer Support,Facebook Group,2025-11-21,1700
K03719,Ana,Delgado,ana.delgado3719@example.com,Colombia,C1,7,Technical,Referral,2026-05-26,1700
K03720,Paula,Ramirez,paula.ramirez3720@example.com,Philippines,B2,5,Technical,Website,2026-07-02,2000
K03721,Sofia,Rodriguez,sofia.rodriguez3721@example.com,Peru,C1,8,Technical,Website,2026-03-14,1400
K03722,Carlos,Vargas,carlos.vargas3722@example.com,Philippines,C1,6,Customer Support,Job Board,2026-01-25,700
K03723,Paula,Santos,paula.santos3723@example.com,Argentina,C1,7,Bookkeeping,Facebook Group,2025-10-30,1400
K03724,Paula,Reyes,paula.reyes3724@example.com,Philippines,C1,5,Marketing VA,Website,2026-04-08,900
K03725,Sofia,Vargas,sofia.vargas3725@example.com,Philippines,B2,0,Sales VA,Referral,2026-03-22,900
K03726,Juan,Delgado,juan.delgado3726@example.com,Guatemala,C1,5,Technical,Website,2026-05-06,1700
K03727,Valentina,Mendoza,valentina.mendoza3727@example.com,Philippines,B2,6,Sales VA,LinkedIn,2026-04-22,1700
K03728,Jose,Martinez,jose.martinez3728@example.com,Peru,C1,7,Executive VA,Website,2026-03-09,1100
K03729,Diego,Reyes,diego.reyes3729@example.com,Colombia,B2,4,Customer Support,Facebook Group,2025-05-31,1700
K03730,Maria,Delgado,maria.delgado3730@example.com,Argentina,C1,5,Executive VA,Website,2025-02-26,1100
K03731,Isabella,Rojas,isabella.rojas3731@example.com,Mexico,B1,4,Marketing VA,Facebook Group,2025-03-31,900
K03732,Paula,Rodriguez,paula.rodriguez3732@example.com,Philippines,B2,2,Executive VA,Job Board,2025-11-10,1700
K03733,Jose,Castillo,jose.castillo3733@example.com,Philippines,B1,2,Technical,Job Board,2025-12-22,1100
K03734,Jose,Santos,jose.santos3734@example.com,Argentina,B2,3,Bookkeeping,LinkedIn,2025-03-14,1700
K03735,Jose,Mendoza,jose.mendoza3735@example.com,Argentina,C2,6,Sales VA,Referral,2026-02-17,1700
K03736,Paula,Reyes,paula.reyes3736@example.com,Venezuela,B2,4,Sales VA,LinkedIn,2025-08-20,700
K03737,Camila,Delgado,camila.delgado3737@example.com,Argentina,B1,2,Technical,LinkedIn,2025-10-26,1700
K03738,Ana,Flores,ana.flores3738@example.com,Philippines,B1,6,Executive VA,Referral,2025-03-10,1400
K03739,Diego,Martinez,diego.martinez3739@example.com,Mexico,B2,3,Technical,LinkedIn,2025-01-08,700
K03740,Angelica,Ramirez,angelica.ramirez3740@example.com,Philippines,C2,6,Technical,LinkedIn,2025-06-30,900
K03741,Diego,Reyes,diego.reyes3741@example.com,Mexico,B2,4,Bookkeeping,Job Board,2026-06-20,900
K03742,Camila,Vargas,camila.vargas3742@example.com,Colombia,B1,6,Technical,Website,2026-07-20,700
K03743,Juan,Gomez,juan.gomez3743@example.com,Philippines,B2,7,Technical,Referral,2025-02-15,1700
K03744,Angelica,Mendoza,angelica.mendoza3744@example.com,Colombia,B2,6,Bookkeeping,Website,2025-06-02,1700
K03745,Paula,Castillo,paula.castillo3745@example.com,Philippines,B2,9,Bookkeeping,Referral,2025-01-05,700
K03746,Juan,Rodriguez,juan.rodriguez3746@example.com,Venezuela,B1,0,Marketing VA,Facebook Group,2025-01-14,2000
K03747,Valentina,Martinez,valentina.martinez3747@example.com,Philippines,C1,3,Customer Support,LinkedIn,2026-07-16,1700
K03748,Maria,Castillo,maria.castillo3748@example.com,Dominican Republic,C1,7,Technical,Job Board,2026-04-08,1400
K03749,Laura,Martinez,laura.martinez3749@example.com,Colombia,B2,6,Customer Support,Facebook Group,2025-06-04,700
K03750,Ana,Santos,ana.santos3750@example.com,Colombia,B2,4,Bookkeeping,LinkedIn,2025-05-02,900
K03751,Paula,Cruz,paula.cruz3751@example.com,Dominican Republic,B2,8,Sales VA,Website,2026-01-25,2000
K03752,Angelica,Flores,angelica.flores3752@example.com,Peru,B2,6,Bookkeeping,Referral,2026-06-24,1700
K03753,Ricardo,Martinez,ricardo.martinez3753@example.com,Venezuela,B2,9,Sales VA,LinkedIn,2026-06-24,2000
K03754,Daniela,Martinez,daniela.martinez3754@example.com,Dominican Republic,C2,5,Marketing VA,Job Board,2026-02-05,1400
K03755,Ricardo,Reyes,ricardo.reyes3755@example.com,Peru,B1,1,Bookkeeping,Facebook Group,2025-02-20,700
K03756,Jose,Castillo,jose.castillo3756@example.com,Colombia,B2,3,Customer Support,LinkedIn,2025-06-14,700
K03757,Paula,Ramirez,paula.ramirez3757@example.com,Venezuela,B1,5,Sales VA,Website,2026-06-04,2000
K03758,Juan,Reyes,juan.reyes3758@example.com,Colombia,C1,2,Marketing VA,Job Board,2025-03-08,1100
K03759,Ricardo,Torres,ricardo.torres3759@example.com,Mexico,B2,3,Bookkeeping,Facebook Group,2025-06-23,1700
K03760,Daniela,Gomez,daniela.gomez3760@example.com,Philippines,B2,5,Bookkeeping,Job Board,2025-10-12,1400
K03761,Jorge,Gomez,jorge.gomez3761@example.com,Peru,B2,7,Customer Support,Website,2025-09-30,1400
K03762,Ana,Vargas,ana.vargas3762@example.com,Mexico,C1,1,Bookkeeping,LinkedIn,2026-03-18,1400
K03763,Juan,Rojas,juan.rojas3763@example.com,Brazil,C1,7,Technical,Job Board,2025-01-25,2000
K03764,Ana,Santos,ana.santos3764@example.com,Colombia,B2,3,Technical,Referral,2025-08-31,700
K03765,Miguel,Rojas,miguel.rojas3765@example.com,Philippines,B2,0,Bookkeeping,Referral,2026-05-31,700
K03766,Diego,Santos,diego.santos3766@example.com,Argentina,B2,2,Sales VA,LinkedIn,2026-02-15,1400
K03767,Maria,Reyes,maria.reyes3767@example.com,Colombia,C1,5,Executive VA,LinkedIn,2025-05-09,900
K03768,Camila,Santos,camila.santos3768@example.com,Mexico,C1,1,Technical,Website,2026-07-23,700
K03769,Jorge,Castillo,jorge.castillo3769@example.com,Venezuela,C2,8,Executive VA,Job Board,2025-09-28,1400
K03770,Camila,Rodriguez,camila.rodriguez3770@example.com,Mexico,B1,5,Bookkeeping,LinkedIn,2026-04-09,1400
K03771,Jose,Santos,jose.santos3771@example.com,Mexico,B2,4,Technical,LinkedIn,2026-07-20,1700
K03772,Carlos,Vargas,carlos.vargas3772@example.com,Brazil,C1,1,Customer Support,Referral,2026-01-22,1400
K03773,Ricardo,Ramirez,ricardo.ramirez3773@example.com,Colombia,C1,5,Bookkeeping,LinkedIn,2026-03-19,1700
K03774,Luis,Torres,luis.torres3774@example.com,Haiti,B2,8,Sales VA,Referral,2025-06-06,2000
K03775,Ana,Ramirez,ana.ramirez3775@example.com,Philippines,C1,3,Sales VA,LinkedIn,2025-05-29,1700
K03776,Juan,Santos,juan.santos3776@example.com,Argentina,B2,3,Technical,Website,2025-06-17,2000
K03777,Luis,Rodriguez,luis.rodriguez3777@example.com,Colombia,B2,2,Technical,Referral,2025-12-07,1700
K03778,Daniela,Castillo,daniela.castillo3778@example.com,Mexico,B2,3,Bookkeeping,Job Board,2026-05-20,900
K03779,Paula,Reyes,paula.reyes3779@example.com,Guatemala,B1,8,Marketing VA,Facebook Group,2025-10-01,1400
K03780,Luis,Reyes,luis.reyes3780@example.com,Argentina,B1,4,Customer Support,LinkedIn,2025-06-07,1100
K03781,Fernando,Reyes,fernando.reyes3781@example.com,Peru,B2,4,Technical,Website,2025-08-10,700
K03782,Valentina,Torres,valentina.torres3782@example.com,Mexico,B2,3,Bookkeeping,LinkedIn,2025-05-21,1700
K03783,Luis,Gomez,luis.gomez3783@example.com,Philippines,B2,5,Marketing VA,Job Board,2025-05-20,700
K03784,Andres,Vargas,andres.vargas3784@example.com,Argentina,C1,4,Marketing VA,Job Board,2026-03-05,1100
K03785,Jose,Ramirez,jose.ramirez3785@example.com,Guatemala,B2,2,Executive VA,Website,2026-01-28,1700
K03786,Miguel,Torres,miguel.torres3786@example.com,Argentina,B2,4,Sales VA,Facebook Group,2025-11-16,1100
K03787,Jose,Castillo,jose.castillo3787@example.com,Colombia,B1,6,Technical,LinkedIn,2025-04-13,1700
K03788,Luis,Ramirez,luis.ramirez3788@example.com,Guatemala,B2,8,Bookkeeping,Referral,2026-03-30,700
K03789,Valentina,Flores,valentina.flores3789@example.com,Philippines,B2,4,Customer Support,Facebook Group,2026-06-20,900
K03790,Paula,Mendoza,paula.mendoza3790@example.com,Philippines,C1,5,Marketing VA,Referral,2025-11-11,1700
K03791,Ricardo,Gomez,ricardo.gomez3791@example.com,Colombia,C2,2,Marketing VA,Facebook Group,2025-09-09,1100
K03792,Isabella,Vargas,isabella.vargas3792@example.com,Philippines,C2,5,Bookkeeping,Job Board,2025-07-26,1100
K03793,Ricardo,Delgado,ricardo.delgado3793@example.com,Argentina,B2,4,Executive VA,Job Board,2025-08-28,2000
K03794,Juan,Martinez,juan.martinez3794@example.com,Peru,B2,8,Technical,Facebook Group,2025-10-12,1700
K03795,Andres,Castillo,andres.castillo3795@example.com,Venezuela,B1,2,Sales VA,Facebook Group,2026-05-14,1700
K03796,Ana,Santos,ana.santos3796@example.com,Argentina,C1,4,Sales VA,Referral,2026-05-31,1400
K03797,Valentina,Vargas,valentina.vargas3797@example.com,Peru,C1,8,Executive VA,Website,2026-05-21,1400
K03798,Jorge,Castillo,jorge.castillo3798@example.com,Brazil,B2,2,Executive VA,Website,2025-05-04,1400
K03799,Andres,Mendoza,andres.mendoza3799@example.com,Brazil,C1,3,Customer Support,Referral,2026-03-09,1400
K03800,Ana,Reyes,ana.reyes3800@example.com,Argentina,C1,7,Customer Support,Facebook Group,2026-01-30,900
K03801,Ana,Vargas,ana.vargas3801@example.com,Venezuela,B2,3,Marketing VA,Job Board,2025-11-30,1700
K03802,Fernando,Ramirez,fernando.ramirez3802@example.com,Venezuela,B2,4,Customer Support,LinkedIn,2025-08-20,1700
K03803,Jorge,Mendoza,jorge.mendoza3803@example.com,Argentina,B2,4,Executive VA,Referral,2025-01-05,700
K03804,Maria,Gomez,maria.gomez3804@example.com,Philippines,B2,5,Marketing VA,Referral,2025-08-18,1100
K03805,Juan,Flores,juan.flores3805@example.com,Philippines,B2,3,Sales VA,Facebook Group,2025-02-09,1100
K03806,Jorge,Torres,jorge.torres3806@example.com,Colombia,B2,5,Customer Support,Website,2026-07-05,2000
K03807,Sofia,Torres,sofia.torres3807@example.com,Brazil,C1,2,Bookkeeping,Facebook Group,2025-10-14,1100
K03808,Jose,Torres,jose.torres3808@example.com,Venezuela,B2,9,Executive VA,LinkedIn,2025-08-24,900
K03809,Miguel,Vargas,miguel.vargas3809@example.com,Mexico,B2,2,Marketing VA,LinkedIn,2026-02-06,1400
K03810,Angelica,Torres,angelica.torres3810@example.com,Argentina,C1,5,Marketing VA,LinkedIn,2025-10-20,2000
K03811,Andres,Torres,andres.torres3811@example.com,Argentina,C1,7,Bookkeeping,Facebook Group,2025-01-19,1400
K03812,Ana,Reyes,ana.reyes3812@example.com,Peru,B2,0,Bookkeeping,Job Board,2025-10-08,1700
K03813,Andres,Gomez,andres.gomez3813@example.com,Dominican Republic,B1,8,Marketing VA,Job Board,2025-10-20,1100
K03814,Paula,Cruz,paula.cruz3814@example.com,Dominican Republic,C2,7,Sales VA,Facebook Group,2025-01-14,1100
K03815,Maria,Rodriguez,maria.rodriguez3815@example.com,Mexico,B2,1,Technical,Referral,2026-06-29,1400
K03816,Luis,Gomez,luis.gomez3816@example.com,Colombia,C1,1,Executive VA,Facebook Group,2025-12-06,900
K03817,Maria,Castillo,maria.castillo3817@example.com,Argentina,B2,4,Customer Support,Referral,2026-07-12,1400
K03818,Jose,Flores,jose.flores3818@example.com,Haiti,B2,1,Bookkeeping,Website,2025-03-20,2000
K03819,Isabella,Flores,isabella.flores3819@example.com,Peru,B1,9,Marketing VA,Referral,2025-02-28,1700
K03820,Angelica,Mendoza,angelica.mendoza3820@example.com,Brazil,C2,5,Executive VA,LinkedIn,2025-12-02,1700
K03821,Valentina,Cruz,valentina.cruz3821@example.com,Philippines,B2,3,Technical,Website,2025-10-27,1400
K03822,Miguel,Castillo,miguel.castillo3822@example.com,Guatemala,C1,7,Technical,Facebook Group,2025-02-24,1700
K03823,Valentina,Reyes,valentina.reyes3823@example.com,Dominican Republic,B2,4,Marketing VA,Job Board,2025-10-11,900
K03824,Isabella,Castillo,isabella.castillo3824@example.com,Venezuela,B2,7,Executive VA,Website,2025-06-21,1700
K03825,Jose,Mendoza,jose.mendoza3825@example.com,Philippines,B2,1,Marketing VA,Website,2026-02-11,900
K03826,Ana,Flores,ana.flores3826@example.com,Venezuela,B2,5,Technical,Job Board,2025-03-12,2000
K03827,Angelica,Gomez,angelica.gomez3827@example.com,Mexico,B2,0,Marketing VA,Facebook Group,2026-05-07,700
K03828,Fernando,Gomez,fernando.gomez3828@example.com,Argentina,C2,1,Sales VA,LinkedIn,2026-07-03,1400
K03829,Sofia,Castillo,sofia.castillo3829@example.com,Philippines,B1,1,Executive VA,LinkedIn,2025-02-14,2000
K03830,Angelica,Santos,angelica.santos3830@example.com,Venezuela,C1,5,Bookkeeping,Referral,2025-12-08,1700
K03831,Paula,Santos,paula.santos3831@example.com,Guatemala,C1,6,Marketing VA,Website,2025-07-05,1700
K03832,Camila,Rojas,camila.rojas3832@example.com,Mexico,C1,3,Bookkeeping,Referral,2026-02-02,1100
K03833,Andres,Reyes,andres.reyes3833@example.com,Argentina,B2,6,Customer Support,Facebook Group,2025-06-29,1100
K03834,Valentina,Delgado,valentina.delgado3834@example.com,Peru,B1,7,Bookkeeping,LinkedIn,2026-01-06,1700
K03835,Camila,Castillo,camila.castillo3835@example.com,Brazil,B2,1,Sales VA,Facebook Group,2025-01-05,2000
K03836,Juan,Flores,juan.flores3836@example.com,Philippines,B2,5,Marketing VA,Job Board,2025-01-23,700
K03837,Paula,Rojas,paula.rojas3837@example.com,Mexico,B2,6,Marketing VA,Website,2026-06-23,1100
K03838,Andres,Torres,andres.torres3838@example.com,Philippines,C1,6,Technical,Job Board,2025-05-28,900
K03839,Angelica,Santos,angelica.santos3839@example.com,Philippines,C2,6,Sales VA,LinkedIn,2025-11-19,1100
K03840,Fernando,Martinez,fernando.martinez3840@example.com,Colombia,B1,5,Customer Support,Facebook Group,2025-05-13,900
K03841,Diego,Reyes,diego.reyes3841@example.com,Philippines,C1,3,Executive VA,Website,2025-11-08,900
K03842,Paula,Castillo,paula.castillo3842@example.com,Mexico,C1,0,Customer Support,Website,2025-02-26,1400
K03843,Valentina,Rodriguez,valentina.rodriguez3843@example.com,Peru,C1,1,Sales VA,Website,2025-11-26,2000
K03844,Isabella,Rojas,isabella.rojas3844@example.com,Colombia,B1,9,Technical,Facebook Group,2025-08-23,1100
K03845,Carlos,Mendoza,carlos.mendoza3845@example.com,Argentina,C2,5,Customer Support,LinkedIn,2025-11-12,700
K03846,Daniela,Ramirez,daniela.ramirez3846@example.com,Philippines,B2,5,Customer Support,Facebook Group,2026-05-08,1100
K03847,Isabella,Flores,isabella.flores3847@example.com,Mexico,C2,1,Marketing VA,LinkedIn,2025-10-24,900
K03848,Jose,Cruz,jose.cruz3848@example.com,Philippines,C1,5,Sales VA,Facebook Group,2025-08-15,1700
K03849,Paula,Santos,paula.santos3849@example.com,Peru,B2,4,Marketing VA,Job Board,2026-01-29,2000
K03850,Jorge,Martinez,jorge.martinez3850@example.com,Colombia,C1,5,Bookkeeping,Facebook Group,2025-03-12,2000
K03851,Carlos,Vargas,carlos.vargas3851@example.com,Argentina,C1,4,Bookkeeping,Referral,2026-02-16,700
K03852,Diego,Rojas,diego.rojas3852@example.com,Argentina,B1,3,Sales VA,Facebook Group,2025-08-12,1700
K03853,Daniela,Cruz,daniela.cruz3853@example.com,Colombia,B2,3,Bookkeeping,Job Board,2025-06-19,1100
K03854,Valentina,Mendoza,valentina.mendoza3854@example.com,Argentina,B1,4,Customer Support,LinkedIn,2026-05-06,2000
K03855,Ana,Santos,ana.santos3855@example.com,Mexico,B2,6,Technical,LinkedIn,2026-07-09,700
K03856,Jose,Rojas,jose.rojas3856@example.com,Mexico,B2,1,Bookkeeping,Job Board,2025-03-09,900
K03857,Maria,Santos,maria.santos3857@example.com,Colombia,C2,8,Customer Support,Referral,2025-07-23,900
K03858,Miguel,Gomez,miguel.gomez3858@example.com,Mexico,B1,5,Technical,Facebook Group,2025-08-24,1700
K03859,Maria,Torres,maria.torres3859@example.com,Colombia,C1,5,Marketing VA,Job Board,2025-11-22,1700
K03860,Ricardo,Santos,ricardo.santos3860@example.com,Colombia,C1,4,Marketing VA,Referral,2025-01-04,1700
K03861,Juan,Rodriguez,juan.rodriguez3861@example.com,Colombia,B1,3,Marketing VA,Job Board,2025-04-04,700
K03862,Miguel,Castillo,miguel.castillo3862@example.com,Peru,C1,6,Executive VA,Facebook Group,2026-04-19,1700
K03863,Carlos,Rojas,carlos.rojas3863@example.com,Colombia,B2,1,Technical,LinkedIn,2025-09-05,2000
K03864,Ricardo,Gomez,ricardo.gomez3864@example.com,Philippines,B2,4,Bookkeeping,LinkedIn,2026-07-06,1700
K03865,Ana,Martinez,ana.martinez3865@example.com,Philippines,B1,3,Customer Support,Website,2026-02-28,1100
K03866,Sofia,Ramirez,sofia.ramirez3866@example.com,Brazil,B2,5,Bookkeeping,Facebook Group,2025-03-25,1400
K03867,Luis,Cruz,luis.cruz3867@example.com,Colombia,C2,5,Marketing VA,LinkedIn,2025-08-01,1700
K03868,Ana,Santos,ana.santos3868@example.com,Mexico,C1,3,Customer Support,Website,2025-06-13,1400
K03869,Angelica,Rojas,angelica.rojas3869@example.com,Mexico,B2,5,Customer Support,Facebook Group,2026-02-08,1100
K03870,Carlos,Castillo,carlos.castillo3870@example.com,Colombia,C1,0,Marketing VA,Job Board,2025-10-09,2000
K03871,Sofia,Santos,sofia.santos3871@example.com,Colombia,B1,8,Bookkeeping,Referral,2025-07-22,900
K03872,Carlos,Rojas,carlos.rojas3872@example.com,Mexico,B2,4,Sales VA,Facebook Group,2025-04-30,1400
K03873,Daniela,Cruz,daniela.cruz3873@example.com,Mexico,B2,5,Customer Support,Facebook Group,2025-02-16,700
K03874,Paula,Torres,paula.torres3874@example.com,Dominican Republic,C2,4,Executive VA,Referral,2026-05-27,1100
K03875,Paula,Castillo,paula.castillo3875@example.com,Colombia,B2,1,Customer Support,Facebook Group,2025-12-30,900
K03876,Ricardo,Rojas,ricardo.rojas3876@example.com,Mexico,C1,3,Marketing VA,Website,2025-10-25,1100
K03877,Juan,Mendoza,juan.mendoza3877@example.com,Philippines,B1,6,Marketing VA,Facebook Group,2025-03-29,700
K03878,Laura,Vargas,laura.vargas3878@example.com,Philippines,B2,5,Bookkeeping,LinkedIn,2025-11-28,1700
K03879,Sofia,Flores,sofia.flores3879@example.com,Mexico,C1,4,Customer Support,Job Board,2025-06-04,1700
K03880,Ricardo,Vargas,ricardo.vargas3880@example.com,Mexico,C1,6,Technical,LinkedIn,2025-12-14,1400
K03881,Jorge,Cruz,jorge.cruz3881@example.com,Dominican Republic,B1,7,Bookkeeping,Job Board,2025-06-11,900
K03882,Diego,Castillo,diego.castillo3882@example.com,Peru,B1,2,Technical,LinkedIn,2026-06-28,1700
K03883,Luis,Torres,luis.torres3883@example.com,Philippines,B2,3,Sales VA,Website,2025-06-09,1700
K03884,Luis,Cruz,luis.cruz3884@example.com,Colombia,B2,5,Bookkeeping,Referral,2025-07-02,2000
K03885,Miguel,Rodriguez,miguel.rodriguez3885@example.com,Philippines,C2,1,Bookkeeping,Website,2025-09-29,1700
K03886,Valentina,Delgado,valentina.delgado3886@example.com,Colombia,B1,1,Technical,Referral,2026-06-28,2000
K03887,Ana,Rodriguez,ana.rodriguez3887@example.com,Mexico,B2,5,Marketing VA,Job Board,2025-08-02,1400
K03888,Ricardo,Vargas,ricardo.vargas3888@example.com,Mexico,B1,0,Marketing VA,Facebook Group,2025-10-31,2000
K03889,Paula,Martinez,paula.martinez3889@example.com,Brazil,B2,9,Executive VA,Facebook Group,2025-01-29,1100
K03890,Isabella,Reyes,isabella.reyes3890@example.com,Argentina,B2,8,Technical,Website,2026-06-27,1100
K03891,Miguel,Castillo,miguel.castillo3891@example.com,Peru,B2,2,Bookkeeping,Facebook Group,2026-05-06,1400
K03892,Fernando,Ramirez,fernando.ramirez3892@example.com,Colombia,C2,6,Technical,Referral,2026-04-07,1700
K03893,Miguel,Mendoza,miguel.mendoza3893@example.com,Philippines,B2,2,Sales VA,Referral,2025-08-10,700
K03894,Fernando,Delgado,fernando.delgado3894@example.com,Philippines,B1,0,Executive VA,Referral,2025-10-26,2000
K03895,Ana,Gomez,ana.gomez3895@example.com,Argentina,C1,3,Technical,Job Board,2026-01-15,700
K03896,Diego,Santos,diego.santos3896@example.com,Colombia,B2,1,Customer Support,Referral,2026-02-08,2000
K03897,Jose,Reyes,jose.reyes3897@example.com,Haiti,B2,5,Sales VA,Facebook Group,2025-08-22,700
K03898,Daniela,Ramirez,daniela.ramirez3898@example.com,Philippines,B2,2,Bookkeeping,Job Board,2026-02-17,1400
K03899,Diego,Ramirez,diego.ramirez3899@example.com,Philippines,B1,8,Bookkeeping,Website,2025-02-26,1700
K03900,Andres,Delgado,andres.delgado3900@example.com,Colombia,B2,0,Technical,LinkedIn,2026-01-24,900
K03901,Juan,Mendoza,juan.mendoza3901@example.com,Mexico,B2,2,Technical,Facebook Group,2026-05-08,900
K03902,Paula,Castillo,paula.castillo3902@example.com,Philippines,C2,4,Sales VA,Website,2026-06-13,700
K03903,Isabella,Martinez,isabella.martinez3903@example.com,Philippines,C1,1,Sales VA,Facebook Group,2026-05-07,1400
K03904,Paula,Reyes,paula.reyes3904@example.com,Mexico,B2,8,Executive VA,Website,2026-03-20,2000
K03905,Andres,Cruz,andres.cruz3905@example.com,Brazil,B1,6,Technical,LinkedIn,2026-03-21,900
K03906,Camila,Cruz,camila.cruz3906@example.com,Mexico,B2,8,Sales VA,Job Board,2025-05-12,900
K03907,Ricardo,Vargas,ricardo.vargas3907@example.com,Venezuela,C1,4,Bookkeeping,Job Board,2025-08-08,1700
K03908,Camila,Vargas,camila.vargas3908@example.com,Mexico,B2,1,Marketing VA,Referral,2025-08-18,700
K03909,Isabella,Torres,isabella.torres3909@example.com,Philippines,C1,8,Technical,Website,2025-03-27,2000
K03910,Isabella,Flores,isabella.flores3910@example.com,Colombia,B1,4,Customer Support,Facebook Group,2026-04-25,1700
K03911,Jose,Castillo,jose.castillo3911@example.com,Mexico,B1,6,Customer Support,Website,2025-05-16,700
K03912,Laura,Santos,laura.santos3912@example.com,Colombia,B2,3,Customer Support,Referral,2025-06-07,2000
K03913,Camila,Castillo,camila.castillo3913@example.com,Colombia,C1,5,Bookkeeping,Website,2025-12-29,1400
K03914,Ana,Reyes,ana.reyes3914@example.com,Philippines,B1,5,Marketing VA,Referral,2025-06-30,1700
K03915,Fernando,Vargas,fernando.vargas3915@example.com,Venezuela,B2,6,Bookkeeping,Referral,2026-07-19,1100
K03916,Angelica,Mendoza,angelica.mendoza3916@example.com,Philippines,B1,1,Marketing VA,Facebook Group,2026-06-11,1100
K03917,Ana,Rodriguez,ana.rodriguez3917@example.com,Colombia,B2,5,Bookkeeping,Website,2025-01-30,2000
K03918,Angelica,Martinez,angelica.martinez3918@example.com,Mexico,B1,2,Sales VA,Job Board,2025-12-31,2000
K03919,Carlos,Gomez,carlos.gomez3919@example.com,Brazil,B1,6,Sales VA,Referral,2026-04-27,900
K03920,Valentina,Vargas,valentina.vargas3920@example.com,Mexico,B2,3,Customer Support,Job Board,2025-12-16,700
K03921,Angelica,Rojas,angelica.rojas3921@example.com,Guatemala,C1,8,Executive VA,Job Board,2025-04-05,1100
K03922,Paula,Gomez,paula.gomez3922@example.com,Mexico,C2,2,Executive VA,Referral,2026-05-23,900
K03923,Fernando,Gomez,fernando.gomez3923@example.com,Colombia,C1,8,Technical,Facebook Group,2025-01-08,700
K03924,Camila,Reyes,camila.reyes3924@example.com,Colombia,C1,3,Executive VA,Facebook Group,2026-04-18,900
K03925,Ana,Cruz,ana.cruz3925@example.com,Philippines,B2,0,Customer Support,Referral,2026-02-25,700
K03926,Ana,Cruz,ana.cruz3926@example.com,Haiti,B2,1,Customer Support,Website,2025-03-13,1700
K03927,Paula,Reyes,paula.reyes3927@example.com,Mexico,C1,2,Executive VA,Referral,2025-08-06,1700
K03928,Daniela,Rodriguez,daniela.rodriguez3928@example.com,Mexico,B2,4,Executive VA,Referral,2025-05-11,1400
K03929,Laura,Vargas,laura.vargas3929@example.com,Philippines,B2,5,Bookkeeping,LinkedIn,2025-09-10,900
K03930,Laura,Castillo,laura.castillo3930@example.com,Colombia,C1,0,Sales VA,Website,2026-03-21,700
K03931,Andres,Santos,andres.santos3931@example.com,Colombia,C1,3,Marketing VA,Website,2026-01-23,1400
K03932,Luis,Flores,luis.flores3932@example.com,Dominican Republic,C1,6,Executive VA,LinkedIn,2026-05-21,700
K03933,Isabella,Reyes,isabella.reyes3933@example.com,Guatemala,C1,2,Bookkeeping,Facebook Group,2025-05-16,2000
K03934,Ricardo,Martinez,ricardo.martinez3934@example.com,Colombia,B1,1,Customer Support,Job Board,2026-06-08,1700
K03935,Diego,Mendoza,diego.mendoza3935@example.com,Philippines,B1,7,Technical,Job Board,2026-01-02,1400
K03936,Ricardo,Santos,ricardo.santos3936@example.com,Colombia,C1,7,Technical,Referral,2025-03-01,700
K03937,Luis,Castillo,luis.castillo3937@example.com,Mexico,B2,1,Marketing VA,Job Board,2025-07-30,1400
K03938,Ricardo,Santos,ricardo.santos3938@example.com,Dominican Republic,C1,2,Customer Support,LinkedIn,2026-04-25,1100
K03939,Sofia,Cruz,sofia.cruz3939@example.com,Guatemala,B2,0,Executive VA,Referral,2026-03-06,700
K03940,Diego,Gomez,diego.gomez3940@example.com,Colombia,B2,4,Executive VA,LinkedIn,2025-09-27,1400
K03941,Valentina,Flores,valentina.flores3941@example.com,Guatemala,B2,8,Technical,Facebook Group,2025-10-23,900
K03942,Daniela,Cruz,daniela.cruz3942@example.com,Venezuela,C1,0,Customer Support,Referral,2025-08-23,1700
K03943,Angelica,Santos,angelica.santos3943@example.com,Philippines,C2,0,Sales VA,Referral,2026-04-05,1400
K03944,Camila,Cruz,camila.cruz3944@example.com,Peru,B2,1,Marketing VA,Job Board,2026-03-27,900
K03945,Miguel,Reyes,miguel.reyes3945@example.com,Colombia,C1,6,Technical,Website,2026-03-30,900
K03946,Isabella,Gomez,isabella.gomez3946@example.com,Guatemala,C2,2,Marketing VA,Job Board,2025-12-06,700
K03947,Jorge,Ramirez,jorge.ramirez3947@example.com,Mexico,C1,5,Customer Support,Website,2025-08-28,1400
K03948,Juan,Castillo,juan.castillo3948@example.com,Brazil,B2,6,Bookkeeping,LinkedIn,2025-11-08,1100
K03949,Camila,Torres,camila.torres3949@example.com,Haiti,B1,5,Marketing VA,Referral,2025-09-22,2000
K03950,Isabella,Flores,isabella.flores3950@example.com,Mexico,B2,0,Sales VA,Job Board,2025-04-20,900
K03951,Camila,Mendoza,camila.mendoza3951@example.com,Philippines,C1,2,Technical,Referral,2025-03-22,2000
K03952,Camila,Martinez,camila.martinez3952@example.com,Brazil,B1,1,Technical,Facebook Group,2026-03-29,1100
K03953,Angelica,Torres,angelica.torres3953@example.com,Colombia,B2,7,Marketing VA,Website,2025-02-08,1100
K03954,Andres,Flores,andres.flores3954@example.com,Philippines,B2,5,Sales VA,LinkedIn,2025-02-14,700
K03955,Ana,Cruz,ana.cruz3955@example.com,Philippines,B1,5,Technical,Facebook Group,2025-05-17,900
K03956,Isabella,Ramirez,isabella.ramirez3956@example.com,Philippines,B2,0,Marketing VA,Facebook Group,2025-11-01,900
K03957,Luis,Rodriguez,luis.rodriguez3957@example.com,Philippines,B1,6,Executive VA,Facebook Group,2026-06-22,1700
K03958,Luis,Gomez,luis.gomez3958@example.com,Colombia,C1,3,Executive VA,LinkedIn,2025-01-30,900
K03959,Angelica,Vargas,angelica.vargas3959@example.com,Peru,B1,7,Bookkeeping,Facebook Group,2026-05-26,1700
K03960,Juan,Santos,juan.santos3960@example.com,Colombia,C1,6,Marketing VA,Referral,2025-01-05,1100
K03961,Jose,Cruz,jose.cruz3961@example.com,Philippines,B2,0,Customer Support,Job Board,2026-07-21,700
K03962,Sofia,Torres,sofia.torres3962@example.com,Philippines,B1,1,Bookkeeping,Website,2025-02-22,1400
K03963,Maria,Reyes,maria.reyes3963@example.com,Mexico,B2,0,Bookkeeping,Job Board,2026-01-20,2000
K03964,Jose,Delgado,jose.delgado3964@example.com,Brazil,C1,6,Customer Support,Referral,2025-01-25,900
K03965,Maria,Flores,maria.flores3965@example.com,Colombia,C1,5,Marketing VA,Job Board,2025-10-14,2000
K03966,Juan,Rodriguez,juan.rodriguez3966@example.com,Peru,C2,7,Sales VA,Referral,2026-02-25,1400
K03967,Isabella,Ramirez,isabella.ramirez3967@example.com,Brazil,B2,6,Marketing VA,Facebook Group,2026-04-06,1700
K03968,Daniela,Reyes,daniela.reyes3968@example.com,Philippines,B2,6,Sales VA,Facebook Group,2026-06-12,2000
K03969,Laura,Flores,laura.flores3969@example.com,Mexico,B1,3,Technical,Facebook Group,2025-09-27,1100
K03970,Ricardo,Rojas,ricardo.rojas3970@example.com,Argentina,C2,6,Executive VA,Referral,2026-04-15,2000
K03971,Isabella,Ramirez,isabella.ramirez3971@example.com,Colombia,C1,5,Technical,Website,2026-04-09,1100
K03972,Angelica,Gomez,angelica.gomez3972@example.com,Philippines,B2,6,Technical,Facebook Group,2026-03-18,1400
K03973,Andres,Reyes,andres.reyes3973@example.com,Argentina,C1,4,Bookkeeping,LinkedIn,2026-06-07,1700
K03974,Angelica,Rojas,angelica.rojas3974@example.com,Argentina,B1,5,Technical,Job Board,2025-05-07,900
K03975,Fernando,Delgado,fernando.delgado3975@example.com,Philippines,B2,6,Sales VA,Job Board,2025-08-17,1100
K03976,Jose,Flores,jose.flores3976@example.com,Philippines,C1,7,Executive VA,Website,2025-12-18,1100
K03977,Camila,Flores,camila.flores3977@example.com,Colombia,C1,6,Customer Support,Facebook Group,2025-09-03,1700
K03978,Paula,Gomez,paula.gomez3978@example.com,Dominican Republic,B1,5,Sales VA,Website,2026-07-13,1100
K03979,Fernando,Mendoza,fernando.mendoza3979@example.com,Colombia,C1,3,Technical,Facebook Group,2025-01-09,1100
K03980,Juan,Reyes,juan.reyes3980@example.com,Colombia,C1,6,Technical,LinkedIn,2025-01-19,700
K03981,Miguel,Flores,miguel.flores3981@example.com,Argentina,B2,3,Customer Support,Website,2025-02-24,900
K03982,Laura,Ramirez,laura.ramirez3982@example.com,Haiti,B2,5,Technical,Facebook Group,2025-02-28,2000
K03983,Valentina,Vargas,valentina.vargas3983@example.com,Dominican Republic,B2,6,Bookkeeping,Job Board,2025-08-05,1400
K03984,Angelica,Mendoza,angelica.mendoza3984@example.com,Haiti,C1,6,Bookkeeping,Facebook Group,2025-07-27,700
K03985,Maria,Gomez,maria.gomez3985@example.com,Brazil,B1,2,Executive VA,Referral,2026-06-29,2000
K03986,Diego,Vargas,diego.vargas3986@example.com,Philippines,B2,0,Bookkeeping,Job Board,2025-06-11,1400
K03987,Paula,Mendoza,paula.mendoza3987@example.com,Mexico,C1,4,Sales VA,Job Board,2025-10-21,1400
K03988,Angelica,Rodriguez,angelica.rodriguez3988@example.com,Philippines,C1,4,Sales VA,Facebook Group,2025-04-12,1700
K03989,Valentina,Rodriguez,valentina.rodriguez3989@example.com,Colombia,B2,3,Technical,Website,2026-03-29,1100
K03990,Maria,Ramirez,maria.ramirez3990@example.com,Dominican Republic,B2,2,Sales VA,LinkedIn,2025-08-20,1700
K03991,Diego,Rojas,diego.rojas3991@example.com,Mexico,B1,4,Technical,Website,2026-03-08,2000
K03992,Carlos,Rodriguez,carlos.rodriguez3992@example.com,Guatemala,C2,6,Sales VA,Website,2025-03-07,1100
K03993,Maria,Ramirez,maria.ramirez3993@example.com,Venezuela,C1,6,Customer Support,Job Board,2025-04-17,900
K03994,Laura,Gomez,laura.gomez3994@example.com,Argentina,C1,3,Customer Support,Referral,2025-07-21,1400
K03995,Jose,Reyes,jose.reyes3995@example.com,Argentina,B2,2,Customer Support,Facebook Group,2026-04-17,1400
K03996,Juan,Castillo,juan.castillo3996@example.com,Mexico,B1,2,Executive VA,Website,2025-10-15,700
K03997,Luis,Cruz,luis.cruz3997@example.com,Dominican Republic,B1,6,Marketing VA,Website,2025-09-21,2000
K03998,Paula,Gomez,paula.gomez3998@example.com,Argentina,C1,3,Bookkeeping,Facebook Group,2025-07-06,1400
K03999,Camila,Vargas,camila.vargas3999@example.com,Philippines,B1,4,Sales VA,Referral,2025-10-27,1400
K04000,Juan,Vargas,juan.vargas4000@example.com,Colombia,B2,5,Sales VA,Referral,2026-04-18,1700
K04001,Ricardo,Martinez,ricardo.martinez4001@example.com,Mexico,C1,6,Customer Support,Website,2026-01-08,700
K04002,Jose,Martinez,jose.martinez4002@example.com,Peru,C1,0,Customer Support,Referral,2025-05-02,700
K04003,Diego,Vargas,diego.vargas4003@example.com,Philippines,B2,4,Sales VA,Referral,2025-03-17,700
K04004,Camila,Santos,camila.santos4004@example.com,Mexico,B1,7,Technical,Facebook Group,2025-05-06,1400
K04005,Ricardo,Reyes,ricardo.reyes4005@example.com,Colombia,B2,4,Sales VA,Website,2025-05-19,900
K04006,Andres,Cruz,andres.cruz4006@example.com,Colombia,B1,4,Technical,LinkedIn,2026-06-18,1100
K04007,Ana,Vargas,ana.vargas4007@example.com,Haiti,B2,2,Bookkeeping,LinkedIn,2026-06-08,700
K04008,Diego,Santos,diego.santos4008@example.com,Mexico,B1,7,Sales VA,Job Board,2025-10-25,1100
K04009,Luis,Martinez,luis.martinez4009@example.com,Argentina,B2,5,Sales VA,Referral,2025-03-25,1100
K04010,Sofia,Castillo,sofia.castillo4010@example.com,Colombia,C2,3,Customer Support,Facebook Group,2025-05-14,1700
K04011,Ana,Delgado,ana.delgado4011@example.com,Colombia,B2,5,Customer Support,LinkedIn,2025-09-15,1700
K04012,Jorge,Torres,jorge.torres4012@example.com,Argentina,B1,5,Bookkeeping,Referral,2026-02-25,2000
K04013,Camila,Rodriguez,camila.rodriguez4013@example.com,Mexico,C2,2,Technical,Facebook Group,2025-01-30,2000
K04014,Angelica,Cruz,angelica.cruz4014@example.com,Brazil,C1,4,Bookkeeping,Referral,2025-03-16,1700
K04015,Camila,Santos,camila.santos4015@example.com,Philippines,C2,1,Executive VA,LinkedIn,2025-05-03,2000
K04016,Diego,Reyes,diego.reyes4016@example.com,Philippines,C1,1,Technical,Website,2026-01-06,2000
K04017,Miguel,Gomez,miguel.gomez4017@example.com,Peru,B1,3,Marketing VA,Facebook Group,2026-05-16,2000
K04018,Valentina,Delgado,valentina.delgado4018@example.com,Colombia,B2,7,Executive VA,Website,2025-05-18,700
K04019,Isabella,Mendoza,isabella.mendoza4019@example.com,Mexico,B1,8,Bookkeeping,LinkedIn,2025-09-30,1700
K04020,Diego,Mendoza,diego.mendoza4020@example.com,Colombia,B2,3,Marketing VA,Facebook Group,2025-07-26,1400
K04021,Ana,Castillo,ana.castillo4021@example.com,Venezuela,C1,2,Bookkeeping,Referral,2026-06-22,1700
K04022,Miguel,Torres,miguel.torres4022@example.com,Philippines,C1,2,Customer Support,Job Board,2026-04-20,900
K04023,Carlos,Santos,carlos.santos4023@example.com,Dominican Republic,B2,4,Executive VA,Facebook Group,2025-10-09,1700
K04024,Valentina,Torres,valentina.torres4024@example.com,Dominican Republic,C2,6,Marketing VA,LinkedIn,2026-01-30,1400
K04025,Camila,Torres,camila.torres4025@example.com,Argentina,C1,5,Technical,Website,2025-12-10,1400
K04026,Camila,Mendoza,camila.mendoza4026@example.com,Mexico,B2,3,Executive VA,Referral,2025-07-02,1100
K04027,Andres,Vargas,andres.vargas4027@example.com,Philippines,C1,2,Customer Support,Job Board,2026-06-18,1700
K04028,Daniela,Reyes,daniela.reyes4028@example.com,Mexico,C1,3,Marketing VA,Facebook Group,2025-10-30,1400
K04029,Luis,Reyes,luis.reyes4029@example.com,Colombia,B1,6,Technical,Website,2025-12-30,900
K04030,Ana,Cruz,ana.cruz4030@example.com,Haiti,B2,4,Bookkeeping,Job Board,2025-03-29,900
K04031,Laura,Martinez,laura.martinez4031@example.com,Philippines,C1,1,Marketing VA,LinkedIn,2026-07-21,700
K04032,Ana,Rojas,ana.rojas4032@example.com,Mexico,C1,6,Customer Support,LinkedIn,2025-09-13,900
K04033,Angelica,Delgado,angelica.delgado4033@example.com,Philippines,C2,3,Marketing VA,Job Board,2025-06-22,2000
K04034,Jose,Ramirez,jose.ramirez4034@example.com,Philippines,B2,1,Technical,LinkedIn,2026-03-18,900
K04035,Isabella,Santos,isabella.santos4035@example.com,Peru,B1,8,Bookkeeping,Referral,2025-04-24,1100
K04036,Angelica,Torres,angelica.torres4036@example.com,Mexico,B1,4,Bookkeeping,Website,2025-08-25,700
K04037,Valentina,Santos,valentina.santos4037@example.com,Venezuela,B2,4,Marketing VA,Job Board,2026-06-26,1100
K04038,Ricardo,Delgado,ricardo.delgado4038@example.com,Philippines,B1,4,Marketing VA,Job Board,2025-05-12,1700
K04039,Ana,Martinez,ana.martinez4039@example.com,Guatemala,B2,12,Technical,Job Board,2025-01-25,1100
K04040,Ricardo,Gomez,ricardo.gomez4040@example.com,Guatemala,C1,5,Marketing VA,Facebook Group,2025-10-30,1700
K04041,Juan,Flores,juan.flores4041@example.com,Colombia,B1,2,Bookkeeping,Facebook Group,2025-02-28,1700
K04042,Miguel,Delgado,miguel.delgado4042@example.com,Argentina,B2,3,Technical,Website,2025-08-03,2000
K04043,Diego,Gomez,diego.gomez4043@example.com,Colombia,C1,2,Executive VA,Facebook Group,2025-07-01,700
K04044,Daniela,Torres,daniela.torres4044@example.com,Peru,B1,5,Technical,Website,2025-11-13,1100
K04045,Carlos,Torres,carlos.torres4045@example.com,Philippines,B1,4,Customer Support,Website,2025-10-07,700
K04046,Luis,Reyes,luis.reyes4046@example.com,Philippines,C1,9,Customer Support,LinkedIn,2025-08-06,1700
K04047,Jose,Flores,jose.flores4047@example.com,Philippines,C1,0,Executive VA,Referral,2026-05-20,1700
K04048,Paula,Torres,paula.torres4048@example.com,Colombia,B2,1,Customer Support,LinkedIn,2026-06-12,1400
K04049,Fernando,Martinez,fernando.martinez4049@example.com,Brazil,B2,9,Bookkeeping,Referral,2025-01-15,2000
K04050,Maria,Cruz,maria.cruz4050@example.com,Colombia,C1,6,Executive VA,LinkedIn,2025-08-11,1400
K04051,Valentina,Cruz,valentina.cruz4051@example.com,Mexico,B2,3,Bookkeeping,Website,2025-10-16,1100
K04052,Jorge,Santos,jorge.santos4052@example.com,Guatemala,B2,7,Executive VA,Referral,2025-12-24,2000
K04053,Miguel,Ramirez,miguel.ramirez4053@example.com,Colombia,B2,8,Sales VA,Job Board,2025-12-08,2000
K04054,Jose,Rodriguez,jose.rodriguez4054@example.com,Peru,B2,1,Customer Support,Job Board,2026-07-23,1700
K04055,Paula,Flores,paula.flores4055@example.com,Colombia,C2,6,Customer Support,LinkedIn,2025-07-20,900
K04056,Juan,Ramirez,juan.ramirez4056@example.com,Colombia,C1,2,Executive VA,Referral,2025-09-27,1400
K04057,Juan,Torres,juan.torres4057@example.com,Philippines,B2,7,Customer Support,Website,2026-02-16,1400
K04058,Daniela,Rojas,daniela.rojas4058@example.com,Mexico,C1,2,Technical,Website,2025-07-10,700
K04059,Andres,Ramirez,andres.ramirez4059@example.com,Dominican Republic,C1,5,Sales VA,Referral,2025-08-21,2000
K04060,Paula,Reyes,paula.reyes4060@example.com,Colombia,C2,6,Bookkeeping,Website,2025-03-22,900
K04061,Miguel,Mendoza,miguel.mendoza4061@example.com,Brazil,B2,3,Technical,LinkedIn,2025-11-05,1700
K04062,Camila,Castillo,camila.castillo4062@example.com,Colombia,B1,4,Bookkeeping,Referral,2025-12-28,1400
K04063,Miguel,Martinez,miguel.martinez4063@example.com,Peru,C1,5,Technical,LinkedIn,2026-07-13,1700
K04064,Miguel,Castillo,miguel.castillo4064@example.com,Philippines,C1,6,Sales VA,Website,2026-02-17,2000
K04065,Luis,Santos,luis.santos4065@example.com,Colombia,C1,2,Executive VA,Website,2025-12-09,2000
K04066,Sofia,Delgado,sofia.delgado4066@example.com,Colombia,B1,5,Marketing VA,Referral,2025-02-10,700
K04067,Ricardo,Delgado,ricardo.delgado4067@example.com,Dominican Republic,B1,3,Executive VA,Referral,2026-06-19,1100
K04068,Maria,Mendoza,maria.mendoza4068@example.com,Colombia,B1,1,Customer Support,Referral,2025-11-04,900
K04069,Fernando,Cruz,fernando.cruz4069@example.com,Colombia,B1,6,Marketing VA,LinkedIn,2026-05-22,700
K04070,Ricardo,Rodriguez,ricardo.rodriguez4070@example.com,Argentina,C1,1,Technical,LinkedIn,2025-11-03,700
K04071,Camila,Cruz,camila.cruz4071@example.com,Peru,B2,7,Executive VA,Referral,2026-03-27,1700
K04072,Ricardo,Mendoza,ricardo.mendoza4072@example.com,Colombia,C1,5,Executive VA,Referral,2026-06-28,700
K04073,Maria,Martinez,maria.martinez4073@example.com,Peru,C1,1,Sales VA,Referral,2025-09-25,2000
K04074,Fernando,Vargas,fernando.vargas4074@example.com,Peru,C2,5,Sales VA,Facebook Group,2025-02-10,1400
K04075,Miguel,Reyes,miguel.reyes4075@example.com,Mexico,C2,4,Technical,Job Board,2025-12-03,1400
K04076,Camila,Santos,camila.santos4076@example.com,Mexico,B2,2,Bookkeeping,Job Board,2026-05-07,700
K04077,Laura,Castillo,laura.castillo4077@example.com,Argentina,B2,1,Marketing VA,Website,2025-05-13,900
K04078,Paula,Flores,paula.flores4078@example.com,Argentina,B2,6,Bookkeeping,Referral,2025-11-04,2000
K04079,Jose,Martinez,jose.martinez4079@example.com,Philippines,B2,3,Executive VA,LinkedIn,2025-02-08,700
K04080,Miguel,Ramirez,miguel.ramirez4080@example.com,Mexico,B2,3,Sales VA,Website,2026-04-29,900
K04081,Valentina,Rojas,valentina.rojas4081@example.com,Philippines,B2,2,Executive VA,Facebook Group,2026-04-19,1700
K04082,Jose,Flores,jose.flores4082@example.com,Peru,B2,0,Bookkeeping,Facebook Group,2026-04-04,700
K04083,Miguel,Delgado,miguel.delgado4083@example.com,Mexico,B2,5,Executive VA,Job Board,2026-04-19,2000
K04084,Isabella,Gomez,isabella.gomez4084@example.com,Mexico,B2,5,Customer Support,LinkedIn,2026-06-06,1700
K04085,Jorge,Ramirez,jorge.ramirez4085@example.com,Mexico,B2,6,Sales VA,Referral,2026-03-02,2000
K04086,Ricardo,Martinez,ricardo.martinez4086@example.com,Philippines,C2,4,Customer Support,Referral,2026-03-28,1100
K04087,Jose,Santos,jose.santos4087@example.com,Colombia,B1,4,Technical,Referral,2026-07-12,1100
K04088,Jorge,Flores,jorge.flores4088@example.com,Dominican Republic,B2,0,Customer Support,Job Board,2025-09-10,2000
K04089,Sofia,Ramirez,sofia.ramirez4089@example.com,Philippines,C1,1,Executive VA,Website,2026-07-13,2000
K04090,Jorge,Cruz,jorge.cruz4090@example.com,Mexico,B2,2,Customer Support,Facebook Group,2025-08-15,1400
K04091,Daniela,Flores,daniela.flores4091@example.com,Colombia,C1,4,Technical,LinkedIn,2025-04-09,2000
K04092,Valentina,Martinez,valentina.martinez4092@example.com,Colombia,B1,3,Bookkeeping,Job Board,2025-09-07,900
K04093,Maria,Rojas,maria.rojas4093@example.com,Colombia,B1,5,Bookkeeping,Facebook Group,2025-09-20,700
K04094,Diego,Flores,diego.flores4094@example.com,Argentina,C1,0,Bookkeeping,Referral,2025-06-21,700
K04095,Maria,Martinez,maria.martinez4095@example.com,Philippines,C1,2,Executive VA,LinkedIn,2025-11-30,1100
K04096,Angelica,Reyes,angelica.reyes4096@example.com,Argentina,C1,2,Customer Support,Job Board,2025-06-03,1400
K04097,Daniela,Mendoza,daniela.mendoza4097@example.com,Haiti,C1,9,Executive VA,Website,2025-04-14,900
K04098,Andres,Ramirez,andres.ramirez4098@example.com,Philippines,C1,0,Executive VA,LinkedIn,2026-04-26,700
K04099,Andres,Santos,andres.santos4099@example.com,Philippines,B2,0,Technical,Facebook Group,2026-05-10,700
K04100,Isabella,Flores,isabella.flores4100@example.com,Brazil,B2,6,Customer Support,LinkedIn,2026-03-28,1100
K04101,Luis,Torres,luis.torres4101@example.com,Philippines,C2,1,Executive VA,LinkedIn,2025-10-05,1100
K04102,Daniela,Cruz,daniela.cruz4102@example.com,Peru,B2,5,Technical,LinkedIn,2026-07-19,900
K04103,Angelica,Ramirez,angelica.ramirez4103@example.com,Colombia,B2,5,Marketing VA,Referral,2025-07-04,2000
K04104,Angelica,Castillo,angelica.castillo4104@example.com,Philippines,C2,1,Customer Support,Job Board,2025-01-31,1400
K04105,Valentina,Rodriguez,valentina.rodriguez4105@example.com,Haiti,C1,1,Technical,Facebook Group,2026-05-16,1100
K04106,Juan,Rodriguez,juan.rodriguez4106@example.com,Colombia,C1,3,Customer Support,LinkedIn,2026-06-13,900
K04107,Maria,Rodriguez,maria.rodriguez4107@example.com,Mexico,B2,3,Marketing VA,Website,2026-07-07,1700
K04108,Carlos,Flores,carlos.flores4108@example.com,Mexico,C2,2,Sales VA,Facebook Group,2025-10-06,900
K04109,Valentina,Rodriguez,valentina.rodriguez4109@example.com,Mexico,B1,7,Marketing VA,Website,2025-08-15,700
K04110,Camila,Gomez,camila.gomez4110@example.com,Guatemala,B1,3,Technical,Job Board,2026-05-15,1400
K04111,Ricardo,Martinez,ricardo.martinez4111@example.com,Mexico,B2,1,Customer Support,LinkedIn,2025-12-16,1700
K04112,Luis,Torres,luis.torres4112@example.com,Philippines,B2,4,Sales VA,Facebook Group,2025-10-13,1700
K04113,Ana,Santos,ana.santos4113@example.com,Mexico,B2,0,Marketing VA,Website,2025-06-12,700
K04114,Paula,Delgado,paula.delgado4114@example.com,Colombia,C1,7,Sales VA,Referral,2025-11-25,900
K04115,Paula,Rodriguez,paula.rodriguez4115@example.com,Colombia,B1,0,Technical,LinkedIn,2026-05-14,1400
K04116,Jose,Ramirez,jose.ramirez4116@example.com,Mexico,B2,4,Technical,Referral,2026-02-28,1700
K04117,Paula,Vargas,paula.vargas4117@example.com,Colombia,B2,4,Marketing VA,Referral,2025-09-19,1400
K04118,Valentina,Rojas,valentina.rojas4118@example.com,Guatemala,B2,4,Marketing VA,Website,2025-12-03,1400
K04119,Andres,Ramirez,andres.ramirez4119@example.com,Guatemala,C1,4,Bookkeeping,Website,2026-06-26,1100
K04120,Daniela,Martinez,daniela.martinez4120@example.com,Colombia,B2,4,Customer Support,Facebook Group,2025-04-07,1400
K04121,Ana,Flores,ana.flores4121@example.com,Colombia,B2,6,Customer Support,Referral,2025-07-02,2000
K04122,Paula,Cruz,paula.cruz4122@example.com,Philippines,B2,7,Marketing VA,Referral,2025-12-11,1700
K04123,Andres,Santos,andres.santos4123@example.com,Venezuela,B1,6,Marketing VA,Referral,2025-09-14,900
K04124,Isabella,Reyes,isabella.reyes4124@example.com,Colombia,C1,1,Sales VA,Referral,2026-03-08,900
K04125,Isabella,Rojas,isabella.rojas4125@example.com,Haiti,B2,2,Bookkeeping,Website,2025-12-19,900
K04126,Miguel,Mendoza,miguel.mendoza4126@example.com,Guatemala,C1,7,Customer Support,Website,2025-02-18,2000
K04127,Fernando,Martinez,fernando.martinez4127@example.com,Philippines,B2,5,Bookkeeping,Referral,2025-01-30,1700
K04128,Daniela,Rojas,daniela.rojas4128@example.com,Philippines,B2,3,Sales VA,Website,2025-12-08,900
K04129,Ricardo,Rojas,ricardo.rojas4129@example.com,Argentina,B2,4,Bookkeeping,LinkedIn,2026-02-10,1400
K04130,Luis,Rojas,luis.rojas4130@example.com,Philippines,C1,0,Sales VA,LinkedIn,2026-03-19,700
K04131,Jose,Rojas,jose.rojas4131@example.com,Philippines,B2,2,Bookkeeping,Referral,2026-01-28,900
K04132,Juan,Gomez,juan.gomez4132@example.com,Philippines,C1,7,Customer Support,Facebook Group,2025-06-28,900
K04133,Laura,Delgado,laura.delgado4133@example.com,Argentina,B2,5,Technical,Referral,2026-03-07,1700
K04134,Ricardo,Ramirez,ricardo.ramirez4134@example.com,Colombia,B2,2,Customer Support,Referral,2026-04-10,1700
K04135,Daniela,Reyes,daniela.reyes4135@example.com,Philippines,C1,3,Marketing VA,Referral,2026-07-21,900
K04136,Daniela,Mendoza,daniela.mendoza4136@example.com,Colombia,B2,3,Customer Support,LinkedIn,2025-08-21,2000
K04137,Ana,Cruz,ana.cruz4137@example.com,Venezuela,B2,6,Marketing VA,Job Board,2026-04-08,1100
K04138,Valentina,Rodriguez,valentina.rodriguez4138@example.com,Mexico,C1,0,Sales VA,Website,2026-04-23,1700
K04139,Carlos,Mendoza,carlos.mendoza4139@example.com,Colombia,C1,0,Sales VA,Facebook Group,2026-01-31,900
K04140,Sofia,Martinez,sofia.martinez4140@example.com,Philippines,C2,8,Marketing VA,Website,2026-05-28,1700
K04141,Sofia,Vargas,sofia.vargas4141@example.com,Philippines,B2,5,Bookkeeping,Website,2026-02-15,2000
K04142,Sofia,Delgado,sofia.delgado4142@example.com,Mexico,C1,0,Customer Support,Website,2025-09-16,1700
K04143,Luis,Mendoza,luis.mendoza4143@example.com,Philippines,B2,8,Customer Support,LinkedIn,2025-02-14,1700
K04144,Laura,Flores,laura.flores4144@example.com,Argentina,B1,5,Bookkeeping,Facebook Group,2025-03-04,1700
K04145,Carlos,Flores,carlos.flores4145@example.com,Brazil,B1,0,Sales VA,LinkedIn,2025-06-08,1700
K04146,Luis,Cruz,luis.cruz4146@example.com,Philippines,B1,6,Sales VA,Website,2025-05-30,1100
K04147,Carlos,Delgado,carlos.delgado4147@example.com,Colombia,B2,10,Marketing VA,Job Board,2025-08-03,1100
K04148,Fernando,Rojas,fernando.rojas4148@example.com,Colombia,B1,4,Marketing VA,Referral,2025-05-26,1400
K04149,Juan,Castillo,juan.castillo4149@example.com,Colombia,C1,4,Bookkeeping,Facebook Group,2025-09-04,1700
K04150,Camila,Mendoza,camila.mendoza4150@example.com,Colombia,B2,3,Bookkeeping,Referral,2025-01-21,1100
K04151,Andres,Ramirez,andres.ramirez4151@example.com,Argentina,C1,0,Bookkeeping,LinkedIn,2025-04-06,900
K04152,Miguel,Torres,miguel.torres4152@example.com,Philippines,C1,5,Marketing VA,Job Board,2025-01-17,900
K04153,Laura,Ramirez,laura.ramirez4153@example.com,Colombia,B2,9,Customer Support,Website,2026-05-20,2000
K04154,Juan,Ramirez,juan.ramirez4154@example.com,Colombia,C1,2,Customer Support,LinkedIn,2026-06-08,900
K04155,Sofia,Cruz,sofia.cruz4155@example.com,Dominican Republic,B1,1,Marketing VA,LinkedIn,2025-11-23,1700
K04156,Juan,Vargas,juan.vargas4156@example.com,Colombia,C1,4,Technical,Referral,2025-05-07,700
K04157,Luis,Rodriguez,luis.rodriguez4157@example.com,Argentina,B2,3,Sales VA,Job Board,2026-02-13,1400
K04158,Ana,Delgado,ana.delgado4158@example.com,Mexico,C2,1,Executive VA,Job Board,2025-01-13,900
K04159,Miguel,Flores,miguel.flores4159@example.com,Philippines,B1,4,Bookkeeping,Referral,2025-03-31,900
K04160,Carlos,Reyes,carlos.reyes4160@example.com,Mexico,B2,0,Marketing VA,LinkedIn,2025-08-26,2000
K04161,Isabella,Vargas,isabella.vargas4161@example.com,Philippines,C1,1,Marketing VA,Facebook Group,2025-05-10,1700
K04162,Ana,Santos,ana.santos4162@example.com,Guatemala,C1,6,Sales VA,Facebook Group,2025-01-16,1400
K04163,Isabella,Torres,isabella.torres4163@example.com,Colombia,C2,3,Sales VA,Job Board,2026-02-17,900
K04164,Daniela,Reyes,daniela.reyes4164@example.com,Venezuela,C1,2,Technical,LinkedIn,2026-02-16,900
K04165,Ricardo,Flores,ricardo.flores4165@example.com,Philippines,B2,0,Sales VA,LinkedIn,2025-01-03,2000
K04166,Fernando,Reyes,fernando.reyes4166@example.com,Guatemala,C1,3,Executive VA,Website,2025-09-20,1100
K04167,Maria,Rojas,maria.rojas4167@example.com,Guatemala,C2,4,Executive VA,Facebook Group,2026-01-31,2000
K04168,Juan,Castillo,juan.castillo4168@example.com,Brazil,B2,9,Marketing VA,LinkedIn,2026-05-27,900
K04169,Luis,Rodriguez,luis.rodriguez4169@example.com,Venezuela,C1,4,Technical,Website,2025-07-26,700
K04170,Carlos,Vargas,carlos.vargas4170@example.com,Mexico,C1,3,Executive VA,Facebook Group,2025-08-13,2000
K04171,Angelica,Reyes,angelica.reyes4171@example.com,Mexico,B1,5,Executive VA,Facebook Group,2025-10-20,2000
K04172,Angelica,Vargas,angelica.vargas4172@example.com,Mexico,C1,6,Bookkeeping,Website,2026-06-06,700
K04173,Valentina,Rojas,valentina.rojas4173@example.com,Colombia,B2,9,Sales VA,Job Board,2025-11-21,900
K04174,Angelica,Torres,angelica.torres4174@example.com,Haiti,C1,2,Technical,Job Board,2025-12-22,2000
K04175,Fernando,Ramirez,fernando.ramirez4175@example.com,Argentina,C1,6,Sales VA,Website,2025-02-04,2000
K04176,Daniela,Gomez,daniela.gomez4176@example.com,Dominican Republic,B2,7,Executive VA,Job Board,2025-02-24,1700
K04177,Valentina,Torres,valentina.torres4177@example.com,Colombia,B2,0,Sales VA,Referral,2025-06-08,1400
K04178,Sofia,Rojas,sofia.rojas4178@example.com,Guatemala,B2,7,Executive VA,Job Board,2025-02-03,900
K04179,Jose,Torres,jose.torres4179@example.com,Venezuela,B2,3,Executive VA,Referral,2025-07-24,2000
K04180,Maria,Rodriguez,maria.rodriguez4180@example.com,Guatemala,B2,2,Marketing VA,Website,2025-05-02,1700
K04181,Jorge,Vargas,jorge.vargas4181@example.com,Peru,B2,3,Customer Support,Referral,2026-03-09,900
K04182,Carlos,Rodriguez,carlos.rodriguez4182@example.com,Mexico,B1,5,Customer Support,Facebook Group,2025-10-31,900
K04183,Diego,Delgado,diego.delgado4183@example.com,Mexico,C1,2,Bookkeeping,Referral,2025-07-09,1700
K04184,Andres,Cruz,andres.cruz4184@example.com,Peru,C1,6,Customer Support,Job Board,2026-02-14,700
K04185,Laura,Ramirez,laura.ramirez4185@example.com,Philippines,B2,5,Executive VA,Website,2025-03-18,900
K04186,Miguel,Vargas,miguel.vargas4186@example.com,Mexico,C1,3,Bookkeeping,Referral,2026-01-28,1400
K04187,Sofia,Ramirez,sofia.ramirez4187@example.com,Colombia,B1,3,Sales VA,Website,2025-09-29,1400
K04188,Valentina,Delgado,valentina.delgado4188@example.com,Venezuela,B2,0,Technical,Referral,2025-09-26,2000
K04189,Carlos,Reyes,carlos.reyes4189@example.com,Venezuela,C1,5,Sales VA,Facebook Group,2026-03-22,1100
K04190,Ricardo,Martinez,ricardo.martinez4190@example.com,Peru,C1,5,Technical,LinkedIn,2026-06-17,1400
K04191,Carlos,Rodriguez,carlos.rodriguez4191@example.com,Argentina,B2,9,Bookkeeping,Website,2025-09-22,700
K04192,Laura,Rojas,laura.rojas4192@example.com,Peru,C1,5,Sales VA,Referral,2025-10-21,2000
K04193,Juan,Santos,juan.santos4193@example.com,Mexico,B2,0,Bookkeeping,LinkedIn,2025-02-22,1100
K04194,Angelica,Flores,angelica.flores4194@example.com,Colombia,C1,4,Customer Support,Facebook Group,2025-08-20,2000
K04195,Andres,Mendoza,andres.mendoza4195@example.com,Guatemala,B2,8,Bookkeeping,Job Board,2025-02-11,1100
K04196,Jorge,Rodriguez,jorge.rodriguez4196@example.com,Mexico,B1,7,Customer Support,Facebook Group,2025-09-23,1400
K04197,Carlos,Vargas,carlos.vargas4197@example.com,Colombia,B1,4,Technical,Facebook Group,2025-09-11,900
K04198,Daniela,Vargas,daniela.vargas4198@example.com,Philippines,B2,2,Bookkeeping,Referral,2025-01-22,900
K04199,Angelica,Reyes,angelica.reyes4199@example.com,Mexico,B2,2,Sales VA,LinkedIn,2025-12-04,700
K04200,Luis,Delgado,luis.delgado4200@example.com,Haiti,C1,4,Customer Support,LinkedIn,2025-07-08,700
K04201,Jorge,Castillo,jorge.castillo1352@example.com,Colombia,B2,4,Technical,Referral,2026-04-16,700
K04202,Maria,Rodriguez,maria.rodriguez4180@example.com,Guatemala,B2,2,Marketing VA,Website,2025-11-11,1700
K04203,Laura,Delgado,laura.delgado3302@example.com,Philippines,B2,6,Executive VA,Job Board,2025-06-20,2000
K04204,Miguel,Rojas,miguel.rojas246@example.com,Colombia,B1,3,Executive VA,Referral,2026-02-11,1700
K04205,Fernando,Rojas,fernando.rojas502@example.com,Philippines,B2,5,Executive VA,LinkedIn,2026-08-09,1700
K04206,Maria,Rojas,maria.rojas1207@example.com,Haiti,B2,2,Technical,Referral,2025-08-07,700
K04207,Angelica,Mendoza,angelica.mendoza3582@example.com,Philippines,B1,4,Bookkeeping,Website,2026-06-28,700
K04208,Ricardo,Rodriguez,ricardo.rodriguez4070@example.com,Argentina,C1,1,Technical,LinkedIn,2026-02-01,700
K04209,Daniela,Ramirez,daniela.ramirez997@example.com,Peru,C1,5,Bookkeeping,Facebook Group,2025-11-25,700
K04210,Angelica,Martinez,angelica.martinez924@example.com,Argentina,C1,4,Customer Support,Facebook Group,2026-09-02,2000
K04211,Ricardo,Ramirez,ricardo.ramirez341@example.com,Colombia,C1,6,Sales VA,Website,2025-04-21,2000
K04212,Ana,Santos,ana.santos2388@example.com,Mexico,B1,5,Marketing VA,Referral,2025-08-28,1400
K04213,Fernando,Castillo,fernando.castillo2773@example.com,Philippines,B2,4,Customer Support,LinkedIn,2025-09-28,700
K04214,Valentina,Santos,valentina.santos515@example.com,Colombia,B2,2,Technical,Website,2026-06-08,2000
K04215,Ana,Torres,ana.torres1497@example.com,Philippines,C1,5,Executive VA,LinkedIn,2026-02-15,2000
K04216,Isabella,Rojas,isabella.rojas2102@example.com,Philippines,C1,1,Executive VA,Job Board,2025-06-26,1100
K04217,Valentina,Mendoza,valentina.mendoza2404@example.com,Venezuela,C1,7,Bookkeeping,Website,2025-09-26,1400
K04218,Juan,Gomez,juan.gomez1273@example.com,Philippines,C1,5,Bookkeeping,Job Board,2026-06-22,1700
K04219,Carlos,Reyes,carlos.reyes426@example.com,Guatemala,B2,5,Bookkeeping,Facebook Group,2026-09-15,1700
K04220,Miguel,Rojas,miguel.rojas2277@example.com,Mexico,B1,7,Sales VA,Referral,2026-07-25,1400
K04221,Jose,Ramirez,jose.ramirez3785@example.com,Guatemala,B2,2,Executive VA,Website,2026-08-04,1700
K04222,Daniela,Santos,daniela.santos1501@example.com,Guatemala,C1,3,Bookkeeping,Website,2025-07-31,2000
K04223,Jose,Santos,jose.santos514@example.com,Mexico,B1,1,Executive VA,Facebook Group,2025-08-31,900
K04224,Diego,Torres,diego.torres1595@example.com,Colombia,B2,2,Technical,Facebook Group,2025-11-04,900
K04225,Ana,Santos,ana.santos833@example.com,Colombia,C1,2,Bookkeeping,Website,2025-07-07,1400
K04226,Andres,Reyes,andres.reyes1507@example.com,Argentina,C1,1,Sales VA,Website,2026-10-31,1400
K04227,Paula,Cruz,paula.cruz541@example.com,Argentina,B2,6,Bookkeeping,Job Board,2025-10-01,1700
K04228,Paula,Ramirez,paula.ramirez3757@example.com,Venezuela,B1,5,Sales VA,Website,2026-07-11,2000
K04229,Daniela,Vargas,daniela.vargas3344@example.com,Colombia,C1,6,Technical,Facebook Group,2025-09-25,900
K04230,Sofia,Rodriguez,sofia.rodriguez3484@example.com,Haiti,C2,1,Technical,Website,2025-09-02,900
K04231,Carlos,Santos,carlos.santos3676@example.com,Peru,B2,5,Executive VA,LinkedIn,2026-05-25,1100
K04232,Camila,Castillo,camila.castillo152@example.com,Haiti,C1,5,Customer Support,Facebook Group,2026-07-26,1700
K04233,Ricardo,Rodriguez,ricardo.rodriguez3382@example.com,Argentina,C2,0,Bookkeeping,Referral,2026-01-25,1700
K04234,Diego,Gomez,diego.gomez269@example.com,Colombia,B1,2,Customer Support,Facebook Group,2025-10-10,1100
K04235,Maria,Mendoza,maria.mendoza1237@example.com,Colombia,C2,3,Customer Support,Job Board,2026-05-13,1100
K04236,Juan,Martinez,juan.martinez2791@example.com,Peru,B2,7,Sales VA,Facebook Group,2026-02-12,1700
K04237,Camila,Mendoza,camila.mendoza4150@example.com,Colombia,B2,3,Bookkeeping,Referral,2025-06-28,1100
K04238,Ricardo,Santos,ricardo.santos3414@example.com,Philippines,B2,6,Customer Support,LinkedIn,2026-11-03,1100
K04239,Jose,Vargas,jose.vargas68@example.com,Philippines,C2,5,Executive VA,Facebook Group,2025-11-12,2000
K04240,Sofia,Ramirez,sofia.ramirez3463@example.com,Argentina,B2,2,Customer Support,LinkedIn,2025-08-17,1100
