run_id,pipeline_name,run_date,started_at,status,rows_ingested,duration_seconds,error_message
R000001,ats_submittals,2025-01-01,2025-01-01 04:50:00,success,10484,288,
R000002,ats_vacancies,2025-01-01,2025-01-01 05:36:00,success,16783,249,
R000003,stripe_invoices,2025-01-01,2025-01-01 02:15:00,success,9012,142,
R000004,ga4_sessions,2025-01-01,2025-01-01 03:51:00,success,13202,148,
R000005,ads_spend,2025-01-01,2025-01-01 03:46:00,success,12162,146,
R000006,hubspot_leads,2025-01-01,2025-01-01 04:46:00,success,9247,140,
R000007,ats_submittals,2025-01-02,2025-01-02 04:10:00,success,7799,226,
R000008,ats_vacancies,2025-01-02,2025-01-02 05:52:00,success,11418,158,
R000009,stripe_invoices,2025-01-02,2025-01-02 04:58:00,success,6381,172,
R000010,ga4_sessions,2025-01-02,2025-01-02 03:46:00,success,9900,612,
R000011,ads_spend,2025-01-02,2025-01-02 05:17:00,success,7489,307,
R000012,hubspot_leads,2025-01-02,2025-01-02 05:18:00,success,13460,282,
R000013,ats_submittals,2025-01-03,2025-01-03 02:58:00,success,7601,255,
R000014,ats_vacancies,2025-01-03,2025-01-03 04:55:00,success,12127,257,
R000015,stripe_invoices,2025-01-03,2025-01-03 05:24:00,success,12963,171,
R000016,ga4_sessions,2025-01-03,2025-01-03 04:17:00,success,8676,699,
R000017,ads_spend,2025-01-03,2025-01-03 05:28:00,success,16035,80,
R000018,hubspot_leads,2025-01-03,2025-01-03 03:37:00,success,8281,175,
R000019,ats_submittals,2025-01-04,2025-01-04 03:24:00,success,3922,186,
R000020,ats_vacancies,2025-01-04,2025-01-04 05:23:00,success,2801,379,
R000021,stripe_invoices,2025-01-04,2025-01-04 05:38:00,success,1486,180,
R000022,ga4_sessions,2025-01-04,2025-01-04 05:47:00,success,3000,663,
R000023,ads_spend,2025-01-04,2025-01-04 03:18:00,success,1456,239,
R000024,hubspot_leads,2025-01-04,2025-01-04 02:14:00,success,2387,339,
R000025,ats_submittals,2025-01-05,2025-01-05 05:12:00,success,658,313,
R000026,ats_vacancies,2025-01-05,2025-01-05 02:51:00,success,1923,200,
R000027,stripe_invoices,2025-01-05,2025-01-05 02:12:00,success,2427,203,
R000028,ga4_sessions,2025-01-05,2025-01-05 04:30:00,success,1667,638,
R000029,ads_spend,2025-01-05,2025-01-05 03:47:00,failed,0,307,Source returned 0 rows
R000030,hubspot_leads,2025-01-05,2025-01-05 03:58:00,success,2522,210,
R000031,ats_submittals,2025-01-06,2025-01-06 03:52:00,success,11215,162,
R000032,ats_vacancies,2025-01-06,2025-01-06 04:58:00,success,13382,340,
R000033,stripe_invoices,2025-01-06,2025-01-06 04:18:00,success,7608,190,
R000034,ga4_sessions,2025-01-06,2025-01-06 05:39:00,success,6357,723,
R000035,ads_spend,2025-01-06,2025-01-06 04:26:00,success,11478,340,
R000036,hubspot_leads,2025-01-06,2025-01-06 02:55:00,success,10091,283,
R000037,ats_submittals,2025-01-07,2025-01-07 04:21:00,success,8382,346,
R000038,ats_vacancies,2025-01-07,2025-01-07 04:52:00,success,5655,300,
R000039,stripe_invoices,2025-01-07,2025-01-07 03:41:00,success,12423,134,
R000040,ga4_sessions,2025-01-07,2025-01-07 05:27:00,success,11616,845,
R000041,ads_spend,2025-01-07,2025-01-07 03:50:00,success,11273,119,
R000042,hubspot_leads,2025-01-07,2025-01-07 05:32:00,success,6859,252,
R000043,ats_submittals,2025-01-08,2025-01-08 05:26:00,success,16879,311,
R000044,ats_vacancies,2025-01-08,2025-01-08 05:49:00,success,9176,232,
R000045,stripe_invoices,2025-01-08,2025-01-08 05:40:00,success,7437,114,
R000046,ga4_sessions,2025-01-08,2025-01-08 03:33:00,success,9006,789,
R000047,ads_spend,2025-01-08,2025-01-08 02:59:00,success,10403,211,
R000048,hubspot_leads,2025-01-08,2025-01-08 03:49:00,success,12157,295,
R000049,ats_submittals,2025-01-09,2025-01-09 04:27:00,success,7657,184,
R000050,ats_vacancies,2025-01-09,2025-01-09 04:10:00,success,8168,329,
R000051,stripe_invoices,2025-01-09,2025-01-09 03:49:00,success,15688,238,
R000052,ga4_sessions,2025-01-09,2025-01-09 02:37:00,success,12071,1029,
R000053,ads_spend,2025-01-09,2025-01-09 03:27:00,failed,0,230,Duplicate key on merge
R000054,hubspot_leads,2025-01-09,2025-01-09 03:29:00,success,10093,241,
R000055,ats_submittals,2025-01-10,2025-01-10 03:51:00,success,9682,231,
R000056,ats_vacancies,2025-01-10,2025-01-10 05:46:00,success,10461,235,
R000057,stripe_invoices,2025-01-10,2025-01-10 04:25:00,success,8923,184,
R000058,ga4_sessions,2025-01-10,2025-01-10 04:20:00,success,10245,542,
R000059,ads_spend,2025-01-10,2025-01-10 05:59:00,success,11945,253,
R000060,hubspot_leads,2025-01-10,2025-01-10 04:38:00,success,12420,168,
R000061,ats_submittals,2025-01-11,2025-01-11 05:34:00,success,3192,214,
R000062,ats_vacancies,2025-01-11,2025-01-11 02:49:00,success,2814,158,
R000063,stripe_invoices,2025-01-11,2025-01-11 03:24:00,success,1836,175,
R000064,ga4_sessions,2025-01-11,2025-01-11 02:33:00,success,3984,128,
R000065,ads_spend,2025-01-11,2025-01-11 05:33:00,success,1692,252,
R000066,hubspot_leads,2025-01-11,2025-01-11 05:54:00,failed,0,225,Source returned 0 rows
R000067,ats_submittals,2025-01-12,2025-01-12 04:22:00,success,2857,119,
R000068,ats_vacancies,2025-01-12,2025-01-12 03:17:00,success,1963,310,
R000069,stripe_invoices,2025-01-12,2025-01-12 05:29:00,failed,0,216,Timeout after 900s
R000070,ga4_sessions,2025-01-12,2025-01-12 02:46:00,success,2251,556,
R000071,ads_spend,2025-01-12,2025-01-12 05:22:00,success,938,198,
R000072,hubspot_leads,2025-01-12,2025-01-12 05:58:00,success,2656,226,
R000073,ats_submittals,2025-01-13,2025-01-13 04:38:00,success,7392,229,
R000074,ats_vacancies,2025-01-13,2025-01-13 03:16:00,success,11656,234,
R000075,stripe_invoices,2025-01-13,2025-01-13 04:24:00,success,13150,203,
R000076,ga4_sessions,2025-01-13,2025-01-13 04:49:00,success,11636,724,
R000077,ads_spend,2025-01-13,2025-01-13 05:35:00,success,7635,208,
R000078,hubspot_leads,2025-01-13,2025-01-13 04:45:00,success,10065,169,
R000079,ats_submittals,2025-01-14,2025-01-14 03:15:00,success,10174,352,
R000080,ats_vacancies,2025-01-14,2025-01-14 03:35:00,success,10667,146,
R000081,stripe_invoices,2025-01-14,2025-01-14 04:25:00,success,8940,200,
R000082,ga4_sessions,2025-01-14,2025-01-14 04:20:00,success,10341,367,
R000083,ads_spend,2025-01-14,2025-01-14 05:16:00,success,12628,239,
R000084,hubspot_leads,2025-01-14,2025-01-14 05:13:00,success,8012,113,
R000085,ats_submittals,2025-01-15,2025-01-15 03:47:00,success,11634,125,
R000086,ats_vacancies,2025-01-15,2025-01-15 02:29:00,success,8143,213,
R000087,stripe_invoices,2025-01-15,2025-01-15 05:52:00,success,15668,193,
R000088,ga4_sessions,2025-01-15,2025-01-15 02:37:00,failed,0,888,API rate limit exceeded
R000089,ads_spend,2025-01-15,2025-01-15 03:27:00,success,7070,260,
R000090,hubspot_leads,2025-01-15,2025-01-15 05:33:00,success,9753,208,
R000091,ats_submittals,2025-01-16,2025-01-16 03:58:00,success,7665,205,
R000092,ats_vacancies,2025-01-16,2025-01-16 03:58:00,success,2544,371,
R000093,stripe_invoices,2025-01-16,2025-01-16 04:47:00,success,9706,282,
R000094,ga4_sessions,2025-01-16,2025-01-16 04:19:00,success,4330,515,
R000095,ads_spend,2025-01-16,2025-01-16 03:18:00,success,10503,184,
R000096,hubspot_leads,2025-01-16,2025-01-16 05:41:00,success,13930,189,
R000097,ats_submittals,2025-01-17,2025-01-17 03:29:00,success,11502,196,
R000098,ats_vacancies,2025-01-17,2025-01-17 02:41:00,success,3738,206,
R000099,stripe_invoices,2025-01-17,2025-01-17 02:28:00,success,5291,269,
R000100,ga4_sessions,2025-01-17,2025-01-17 03:45:00,success,7855,752,
R000101,ads_spend,2025-01-17,2025-01-17 03:39:00,success,10038,266,
R000102,hubspot_leads,2025-01-17,2025-01-17 03:45:00,success,12191,183,
R000103,ats_submittals,2025-01-18,2025-01-18 04:53:00,success,3314,239,
R000104,ats_vacancies,2025-01-18,2025-01-18 03:22:00,success,1430,20,
R000105,stripe_invoices,2025-01-18,2025-01-18 05:40:00,success,2916,140,
R000106,ga4_sessions,2025-01-18,2025-01-18 03:46:00,success,3789,845,
R000107,ads_spend,2025-01-18,2025-01-18 02:26:00,success,2616,191,
R000108,hubspot_leads,2025-01-18,2025-01-18 04:47:00,success,1376,248,
R000109,ats_submittals,2025-01-19,2025-01-19 03:26:00,success,3185,205,
R000110,ats_vacancies,2025-01-19,2025-01-19 05:55:00,success,2339,229,
R000111,stripe_invoices,2025-01-19,2025-01-19 02:23:00,success,742,183,
R000112,ga4_sessions,2025-01-19,2025-01-19 02:43:00,success,2510,653,
R000113,ads_spend,2025-01-19,2025-01-19 04:50:00,success,3536,237,
R000114,hubspot_leads,2025-01-19,2025-01-19 05:26:00,success,3115,242,
R000115,ats_submittals,2025-01-20,2025-01-20 02:23:00,success,18162,234,
R000116,ats_vacancies,2025-01-20,2025-01-20 02:59:00,success,14177,193,
R000117,stripe_invoices,2025-01-20,2025-01-20 02:50:00,success,9527,321,
R000118,ga4_sessions,2025-01-20,2025-01-20 02:57:00,success,15450,617,
R000119,ads_spend,2025-01-20,2025-01-20 03:53:00,success,15666,193,
R000120,hubspot_leads,2025-01-20,2025-01-20 05:10:00,success,7402,165,
R000121,ats_submittals,2025-01-21,2025-01-21 05:55:00,success,12249,150,
R000122,ats_vacancies,2025-01-21,2025-01-21 05:11:00,success,13312,161,
R000123,stripe_invoices,2025-01-21,2025-01-21 02:56:00,success,16195,261,
R000124,ga4_sessions,2025-01-21,2025-01-21 03:58:00,success,12076,1245,
R000125,ads_spend,2025-01-21,2025-01-21 03:28:00,success,9558,230,
R000126,hubspot_leads,2025-01-21,2025-01-21 05:37:00,success,12543,214,
R000127,ats_submittals,2025-01-22,2025-01-22 02:52:00,success,13349,242,
R000128,ats_vacancies,2025-01-22,2025-01-22 03:12:00,success,6784,268,
R000129,stripe_invoices,2025-01-22,2025-01-22 02:26:00,success,11557,196,
R000130,ga4_sessions,2025-01-22,2025-01-22 05:30:00,success,15491,453,
R000131,ads_spend,2025-01-22,2025-01-22 04:49:00,failed,0,186,Duplicate key on merge
R000132,hubspot_leads,2025-01-22,2025-01-22 04:55:00,success,10095,222,
R000133,ats_submittals,2025-01-23,2025-01-23 05:19:00,success,10319,238,
R000134,ats_vacancies,2025-01-23,2025-01-23 03:33:00,failed,0,322,Schema drift: new column
R000135,stripe_invoices,2025-01-23,2025-01-23 02:29:00,success,3741,144,
R000136,ga4_sessions,2025-01-23,2025-01-23 04:25:00,success,9404,1117,
R000137,ads_spend,2025-01-23,2025-01-23 04:41:00,success,8889,240,
R000138,hubspot_leads,2025-01-23,2025-01-23 04:46:00,success,5778,228,
R000139,ats_submittals,2025-01-24,2025-01-24 05:36:00,success,12603,243,
R000140,ats_vacancies,2025-01-24,2025-01-24 04:13:00,success,11371,238,
R000141,stripe_invoices,2025-01-24,2025-01-24 05:31:00,success,13280,155,
R000142,ga4_sessions,2025-01-24,2025-01-24 03:20:00,success,13293,654,
R000143,ads_spend,2025-01-24,2025-01-24 04:43:00,success,11381,262,
R000144,hubspot_leads,2025-01-24,2025-01-24 02:46:00,success,12851,192,
R000145,ats_submittals,2025-01-25,2025-01-25 05:46:00,success,3379,268,
R000146,ats_vacancies,2025-01-25,2025-01-25 05:39:00,success,1933,189,
R000147,stripe_invoices,2025-01-25,2025-01-25 02:31:00,success,2173,186,
R000148,ga4_sessions,2025-01-25,2025-01-25 04:24:00,success,2067,870,
R000149,ads_spend,2025-01-25,2025-01-25 02:38:00,success,3577,235,
R000150,hubspot_leads,2025-01-25,2025-01-25 04:35:00,success,2465,64,
R000151,ats_submittals,2025-01-26,2025-01-26 03:27:00,success,2930,299,
R000152,ats_vacancies,2025-01-26,2025-01-26 04:47:00,success,4549,280,
R000153,stripe_invoices,2025-01-26,2025-01-26 04:56:00,success,1042,412,
R000154,ga4_sessions,2025-01-26,2025-01-26 05:49:00,success,2377,464,
R000155,ads_spend,2025-01-26,2025-01-26 04:44:00,success,2322,43,
R000156,hubspot_leads,2025-01-26,2025-01-26 04:34:00,success,1164,176,
R000157,ats_submittals,2025-01-27,2025-01-27 05:56:00,success,6333,167,
R000158,ats_vacancies,2025-01-27,2025-01-27 05:34:00,success,12088,307,
R000159,stripe_invoices,2025-01-27,2025-01-27 04:44:00,success,8684,263,
R000160,ga4_sessions,2025-01-27,2025-01-27 02:50:00,success,11746,535,
R000161,ads_spend,2025-01-27,2025-01-27 03:47:00,failed,0,179,API rate limit exceeded
R000162,hubspot_leads,2025-01-27,2025-01-27 05:15:00,failed,0,254,Source returned 0 rows
R000163,ats_submittals,2025-01-28,2025-01-28 02:46:00,success,11889,194,
R000164,ats_vacancies,2025-01-28,2025-01-28 04:10:00,success,11317,298,
R000165,stripe_invoices,2025-01-28,2025-01-28 04:56:00,success,7436,194,
R000166,ga4_sessions,2025-01-28,2025-01-28 04:37:00,success,8868,128,
R000167,ads_spend,2025-01-28,2025-01-28 03:14:00,success,11064,205,
R000168,hubspot_leads,2025-01-28,2025-01-28 03:23:00,success,10724,159,
R000169,ats_submittals,2025-01-29,2025-01-29 03:14:00,success,10178,288,
R000170,ats_vacancies,2025-01-29,2025-01-29 03:52:00,success,8971,341,
R000171,stripe_invoices,2025-01-29,2025-01-29 03:58:00,success,11357,235,
R000172,ga4_sessions,2025-01-29,2025-01-29 02:43:00,success,9044,638,
R000173,ads_spend,2025-01-29,2025-01-29 04:37:00,success,8882,185,
R000174,hubspot_leads,2025-01-29,2025-01-29 05:44:00,success,10147,268,
R000175,ats_submittals,2025-01-30,2025-01-30 04:19:00,success,11744,122,
R000176,ats_vacancies,2025-01-30,2025-01-30 02:53:00,success,13484,140,
R000177,stripe_invoices,2025-01-30,2025-01-30 04:13:00,success,9798,175,
R000178,ga4_sessions,2025-01-30,2025-01-30 02:34:00,success,8828,925,
R000179,ads_spend,2025-01-30,2025-01-30 04:40:00,success,13200,168,
R000180,hubspot_leads,2025-01-30,2025-01-30 03:21:00,success,15742,75,
R000181,ats_submittals,2025-01-31,2025-01-31 05:55:00,success,12042,204,
R000182,ats_vacancies,2025-01-31,2025-01-31 02:41:00,success,12364,198,
R000183,stripe_invoices,2025-01-31,2025-01-31 05:58:00,success,9515,260,
R000184,ga4_sessions,2025-01-31,2025-01-31 02:27:00,success,12211,864,
R000185,ads_spend,2025-01-31,2025-01-31 03:11:00,success,13493,223,
R000186,hubspot_leads,2025-01-31,2025-01-31 04:24:00,success,9195,331,
R000187,ats_submittals,2025-02-01,2025-02-01 03:48:00,success,3172,263,
R000188,ats_vacancies,2025-02-01,2025-02-01 04:52:00,success,3531,220,
R000189,stripe_invoices,2025-02-01,2025-02-01 02:21:00,success,2821,136,
R000190,ga4_sessions,2025-02-01,2025-02-01 04:36:00,success,1862,663,
R000191,ads_spend,2025-02-01,2025-02-01 02:35:00,success,2879,122,
R000192,hubspot_leads,2025-02-01,2025-02-01 05:12:00,success,3045,243,
R000193,ats_submittals,2025-02-02,2025-02-02 02:43:00,success,2776,313,
R000194,ats_vacancies,2025-02-02,2025-02-02 02:12:00,success,4444,188,
R000195,stripe_invoices,2025-02-02,2025-02-02 02:56:00,success,2503,240,
R000196,ga4_sessions,2025-02-02,2025-02-02 02:39:00,success,3937,695,
R000197,ads_spend,2025-02-02,2025-02-02 04:31:00,success,3283,259,
R000198,hubspot_leads,2025-02-02,2025-02-02 04:43:00,success,2405,343,
R000199,ats_submittals,2025-02-03,2025-02-03 05:28:00,success,13419,197,
R000200,ats_vacancies,2025-02-03,2025-02-03 05:29:00,success,12849,201,
R000201,stripe_invoices,2025-02-03,2025-02-03 03:56:00,success,10651,276,
R000202,ga4_sessions,2025-02-03,2025-02-03 05:25:00,success,14875,203,
R000203,ads_spend,2025-02-03,2025-02-03 05:53:00,failed,0,318,Duplicate key on merge
R000204,hubspot_leads,2025-02-03,2025-02-03 04:31:00,success,7124,187,
R000205,ats_submittals,2025-02-04,2025-02-04 05:28:00,success,8343,255,
R000206,ats_vacancies,2025-02-04,2025-02-04 05:22:00,success,8586,217,
R000207,stripe_invoices,2025-02-04,2025-02-04 02:55:00,success,18093,259,
R000208,ga4_sessions,2025-02-04,2025-02-04 05:17:00,success,8760,690,
R000209,ads_spend,2025-02-04,2025-02-04 03:14:00,success,12925,254,
R000210,hubspot_leads,2025-02-04,2025-02-04 02:37:00,success,6182,226,
R000211,ats_submittals,2025-02-05,2025-02-05 03:26:00,success,8865,207,
R000212,ats_vacancies,2025-02-05,2025-02-05 04:47:00,success,9522,184,
R000213,stripe_invoices,2025-02-05,2025-02-05 03:49:00,success,10747,214,
R000214,ga4_sessions,2025-02-05,2025-02-05 05:28:00,success,18149,676,
R000215,ads_spend,2025-02-05,2025-02-05 02:22:00,success,10647,303,
R000216,hubspot_leads,2025-02-05,2025-02-05 03:52:00,success,14002,166,
R000217,ats_submittals,2025-02-06,2025-02-06 02:16:00,success,14356,176,
R000218,ats_vacancies,2025-02-06,2025-02-06 05:16:00,success,12953,277,
R000219,stripe_invoices,2025-02-06,2025-02-06 02:46:00,success,11835,315,
R000220,ga4_sessions,2025-02-06,2025-02-06 03:45:00,success,9204,817,
R000221,ads_spend,2025-02-06,2025-02-06 03:28:00,success,14384,176,
R000222,hubspot_leads,2025-02-06,2025-02-06 02:22:00,success,6914,110,
R000223,ats_submittals,2025-02-07,2025-02-07 02:35:00,success,11361,181,
R000224,ats_vacancies,2025-02-07,2025-02-07 04:19:00,success,14468,139,
R000225,stripe_invoices,2025-02-07,2025-02-07 02:22:00,success,7722,74,
R000226,ga4_sessions,2025-02-07,2025-02-07 05:27:00,success,15231,638,
R000227,ads_spend,2025-02-07,2025-02-07 03:27:00,success,8152,161,
R000228,hubspot_leads,2025-02-07,2025-02-07 03:57:00,success,9636,224,
R000229,ats_submittals,2025-02-08,2025-02-08 03:20:00,success,3586,331,
R000230,ats_vacancies,2025-02-08,2025-02-08 02:38:00,success,3796,255,
R000231,stripe_invoices,2025-02-08,2025-02-08 04:38:00,success,2451,92,
R000232,ga4_sessions,2025-02-08,2025-02-08 02:20:00,success,2913,867,
R000233,ads_spend,2025-02-08,2025-02-08 03:50:00,success,3669,397,
R000234,hubspot_leads,2025-02-08,2025-02-08 05:16:00,success,3211,145,
R000235,ats_submittals,2025-02-09,2025-02-09 02:10:00,success,1025,197,
R000236,ats_vacancies,2025-02-09,2025-02-09 04:30:00,success,1783,266,
R000237,stripe_invoices,2025-02-09,2025-02-09 03:11:00,success,2643,328,
R000238,ga4_sessions,2025-02-09,2025-02-09 05:24:00,success,3873,233,
R000239,ads_spend,2025-02-09,2025-02-09 04:48:00,success,3509,251,
R000240,hubspot_leads,2025-02-09,2025-02-09 02:27:00,success,1473,151,
R000241,ats_submittals,2025-02-10,2025-02-10 04:56:00,success,15624,102,
R000242,ats_vacancies,2025-02-10,2025-02-10 03:13:00,success,6358,346,
R000243,stripe_invoices,2025-02-10,2025-02-10 05:13:00,success,11189,229,
R000244,ga4_sessions,2025-02-10,2025-02-10 04:46:00,success,22192,619,
R000245,ads_spend,2025-02-10,2025-02-10 04:29:00,success,9624,208,
R000246,hubspot_leads,2025-02-10,2025-02-10 02:38:00,success,9320,142,
R000247,ats_submittals,2025-02-11,2025-02-11 02:34:00,success,8795,103,
R000248,ats_vacancies,2025-02-11,2025-02-11 05:37:00,success,12560,225,
R000249,stripe_invoices,2025-02-11,2025-02-11 05:33:00,success,12349,248,
R000250,ga4_sessions,2025-02-11,2025-02-11 05:23:00,success,20420,615,
R000251,ads_spend,2025-02-11,2025-02-11 02:30:00,success,10486,207,
R000252,hubspot_leads,2025-02-11,2025-02-11 05:17:00,success,12742,231,
R000253,ats_submittals,2025-02-12,2025-02-12 04:48:00,success,15039,160,
R000254,ats_vacancies,2025-02-12,2025-02-12 03:29:00,success,12081,140,
R000255,stripe_invoices,2025-02-12,2025-02-12 03:42:00,success,11972,198,
R000256,ga4_sessions,2025-02-12,2025-02-12 03:13:00,success,10049,425,
R000257,ads_spend,2025-02-12,2025-02-12 05:33:00,success,14226,206,
R000258,hubspot_leads,2025-02-12,2025-02-12 04:27:00,success,15385,266,
R000259,ats_submittals,2025-02-13,2025-02-13 02:28:00,success,10588,158,
R000260,ats_vacancies,2025-02-13,2025-02-13 04:34:00,success,12067,198,
R000261,stripe_invoices,2025-02-13,2025-02-13 03:27:00,success,6728,219,
R000262,ga4_sessions,2025-02-13,2025-02-13 02:29:00,success,8939,898,
R000263,ads_spend,2025-02-13,2025-02-13 02:27:00,failed,0,92,Duplicate key on merge
R000264,hubspot_leads,2025-02-13,2025-02-13 02:14:00,success,12512,149,
R000265,ats_submittals,2025-02-14,2025-02-14 05:43:00,success,12165,180,
R000266,ats_vacancies,2025-02-14,2025-02-14 03:42:00,success,12414,273,
R000267,stripe_invoices,2025-02-14,2025-02-14 05:24:00,success,7375,133,
R000268,ga4_sessions,2025-02-14,2025-02-14 03:43:00,success,7385,916,
R000269,ads_spend,2025-02-14,2025-02-14 03:38:00,success,10884,146,
R000270,hubspot_leads,2025-02-14,2025-02-14 03:38:00,failed,0,102,API rate limit exceeded
R000271,ats_submittals,2025-02-15,2025-02-15 04:19:00,success,3052,226,
R000272,ats_vacancies,2025-02-15,2025-02-15 02:36:00,success,2808,204,
R000273,stripe_invoices,2025-02-15,2025-02-15 04:36:00,success,3248,252,
R000274,ga4_sessions,2025-02-15,2025-02-15 02:16:00,success,2452,1072,
R000275,ads_spend,2025-02-15,2025-02-15 03:45:00,success,2257,248,
R000276,hubspot_leads,2025-02-15,2025-02-15 03:21:00,success,2002,137,
R000277,ats_submittals,2025-02-16,2025-02-16 04:21:00,success,2899,145,
R000278,ats_vacancies,2025-02-16,2025-02-16 02:58:00,success,3029,119,
R000279,stripe_invoices,2025-02-16,2025-02-16 04:15:00,success,4279,301,
R000280,ga4_sessions,2025-02-16,2025-02-16 02:32:00,success,1823,636,
R000281,ads_spend,2025-02-16,2025-02-16 05:44:00,success,2781,95,
R000282,hubspot_leads,2025-02-16,2025-02-16 04:20:00,success,4317,181,
R000283,ats_submittals,2025-02-17,2025-02-17 05:27:00,success,2702,189,
R000284,ats_vacancies,2025-02-17,2025-02-17 04:34:00,success,7621,262,
R000285,stripe_invoices,2025-02-17,2025-02-17 02:24:00,success,12378,114,
R000286,ga4_sessions,2025-02-17,2025-02-17 03:47:00,success,14828,568,
R000287,ads_spend,2025-02-17,2025-02-17 04:30:00,success,15647,34,
R000288,hubspot_leads,2025-02-17,2025-02-17 04:45:00,success,8552,212,
R000289,ats_submittals,2025-02-18,2025-02-18 02:10:00,success,11046,206,
R000290,ats_vacancies,2025-02-18,2025-02-18 04:21:00,success,12821,228,
R000291,stripe_invoices,2025-02-18,2025-02-18 05:15:00,success,12181,271,
R000292,ga4_sessions,2025-02-18,2025-02-18 04:49:00,success,20497,797,
R000293,ads_spend,2025-02-18,2025-02-18 02:39:00,success,16623,106,
R000294,hubspot_leads,2025-02-18,2025-02-18 03:32:00,success,13333,232,
R000295,ats_submittals,2025-02-19,2025-02-19 04:40:00,success,13318,160,
R000296,ats_vacancies,2025-02-19,2025-02-19 03:18:00,success,14152,115,
R000297,stripe_invoices,2025-02-19,2025-02-19 03:27:00,success,15182,292,
R000298,ga4_sessions,2025-02-19,2025-02-19 05:21:00,success,13944,475,
R000299,ads_spend,2025-02-19,2025-02-19 02:14:00,success,7593,163,
R000300,hubspot_leads,2025-02-19,2025-02-19 05:16:00,success,6847,292,
R000301,ats_submittals,2025-02-20,2025-02-20 04:58:00,success,5935,188,
R000302,ats_vacancies,2025-02-20,2025-02-20 05:57:00,success,21188,204,
R000303,stripe_invoices,2025-02-20,2025-02-20 04:21:00,success,11494,248,
R000304,ga4_sessions,2025-02-20,2025-02-20 02:52:00,success,13198,409,
R000305,ads_spend,2025-02-20,2025-02-20 03:22:00,success,7140,132,
R000306,hubspot_leads,2025-02-20,2025-02-20 04:55:00,success,11510,146,
R000307,ats_submittals,2025-02-21,2025-02-21 02:44:00,success,4070,252,
R000308,ats_vacancies,2025-02-21,2025-02-21 02:48:00,success,13533,286,
R000309,stripe_invoices,2025-02-21,2025-02-21 02:51:00,success,13741,233,
R000310,ga4_sessions,2025-02-21,2025-02-21 03:52:00,success,12100,887,
R000311,ads_spend,2025-02-21,2025-02-21 03:25:00,failed,0,319,Source returned 0 rows
R000312,hubspot_leads,2025-02-21,2025-02-21 03:16:00,success,9792,132,
R000313,ats_submittals,2025-02-22,2025-02-22 04:11:00,success,3100,202,
R000314,ats_vacancies,2025-02-22,2025-02-22 03:21:00,success,5074,233,
R000315,stripe_invoices,2025-02-22,2025-02-22 03:35:00,success,3767,280,
R000316,ga4_sessions,2025-02-22,2025-02-22 05:58:00,success,3472,820,
R000317,ads_spend,2025-02-22,2025-02-22 05:30:00,failed,0,206,Schema drift: new column
R000318,hubspot_leads,2025-02-22,2025-02-22 02:52:00,success,3134,221,
R000319,ats_submittals,2025-02-23,2025-02-23 03:14:00,success,3396,193,
R000320,ats_vacancies,2025-02-23,2025-02-23 04:50:00,success,1995,214,
R000321,stripe_invoices,2025-02-23,2025-02-23 05:50:00,success,1424,176,
R000322,ga4_sessions,2025-02-23,2025-02-23 03:53:00,success,3431,418,
R000323,ads_spend,2025-02-23,2025-02-23 03:28:00,success,3697,173,
R000324,hubspot_leads,2025-02-23,2025-02-23 03:40:00,success,4460,183,
R000325,ats_submittals,2025-02-24,2025-02-24 03:41:00,success,11373,133,
R000326,ats_vacancies,2025-02-24,2025-02-24 03:15:00,success,13970,289,
R000327,stripe_invoices,2025-02-24,2025-02-24 05:16:00,success,12479,217,
R000328,ga4_sessions,2025-02-24,2025-02-24 03:11:00,success,17327,584,
R000329,ads_spend,2025-02-24,2025-02-24 03:10:00,success,7132,126,
R000330,hubspot_leads,2025-02-24,2025-02-24 02:11:00,success,13392,169,
R000331,ats_submittals,2025-02-25,2025-02-25 05:47:00,success,7144,35,
R000332,ats_vacancies,2025-02-25,2025-02-25 02:36:00,success,11877,141,
R000333,stripe_invoices,2025-02-25,2025-02-25 02:19:00,success,14113,176,
R000334,ga4_sessions,2025-02-25,2025-02-25 03:20:00,success,17334,654,
R000335,ads_spend,2025-02-25,2025-02-25 05:52:00,success,11091,64,
R000336,hubspot_leads,2025-02-25,2025-02-25 02:24:00,success,15761,208,
R000337,ats_submittals,2025-02-26,2025-02-26 04:29:00,success,10519,251,
R000338,ats_vacancies,2025-02-26,2025-02-26 03:11:00,success,14324,60,
R000339,stripe_invoices,2025-02-26,2025-02-26 04:24:00,success,12584,155,
R000340,ga4_sessions,2025-02-26,2025-02-26 03:31:00,success,13000,858,
R000341,ads_spend,2025-02-26,2025-02-26 03:26:00,success,12284,138,
R000342,hubspot_leads,2025-02-26,2025-02-26 03:17:00,success,16331,211,
R000343,ats_submittals,2025-02-27,2025-02-27 02:42:00,success,9610,124,
R000344,ats_vacancies,2025-02-27,2025-02-27 05:29:00,success,9679,121,
R000345,stripe_invoices,2025-02-27,2025-02-27 04:23:00,success,9466,182,
R000346,ga4_sessions,2025-02-27,2025-02-27 03:12:00,success,13811,769,
R000347,ads_spend,2025-02-27,2025-02-27 02:17:00,success,14552,263,
R000348,hubspot_leads,2025-02-27,2025-02-27 03:35:00,success,13768,230,
R000349,ats_submittals,2025-02-28,2025-02-28 03:48:00,success,13500,293,
R000350,ats_vacancies,2025-02-28,2025-02-28 03:45:00,success,14222,208,
R000351,stripe_invoices,2025-02-28,2025-02-28 03:36:00,success,7379,134,
R000352,ga4_sessions,2025-02-28,2025-02-28 02:31:00,success,13867,765,
R000353,ads_spend,2025-02-28,2025-02-28 05:53:00,success,12594,202,
R000354,hubspot_leads,2025-02-28,2025-02-28 03:30:00,success,8572,211,
R000355,ats_submittals,2025-03-01,2025-03-01 04:47:00,success,2304,271,
R000356,ats_vacancies,2025-03-01,2025-03-01 05:39:00,success,3153,367,
R000357,stripe_invoices,2025-03-01,2025-03-01 03:54:00,success,4033,229,
R000358,ga4_sessions,2025-03-01,2025-03-01 05:25:00,success,4201,765,
R000359,ads_spend,2025-03-01,2025-03-01 03:31:00,success,2778,244,
R000360,hubspot_leads,2025-03-01,2025-03-01 04:35:00,success,2247,240,
R000361,ats_submittals,2025-03-02,2025-03-02 02:45:00,success,3029,296,
R000362,ats_vacancies,2025-03-02,2025-03-02 04:53:00,success,2818,216,
R000363,stripe_invoices,2025-03-02,2025-03-02 05:47:00,success,3197,42,
R000364,ga4_sessions,2025-03-02,2025-03-02 02:48:00,success,3208,696,
R000365,ads_spend,2025-03-02,2025-03-02 05:43:00,success,2577,276,
R000366,hubspot_leads,2025-03-02,2025-03-02 04:14:00,success,4714,136,
R000367,ats_submittals,2025-03-03,2025-03-03 05:22:00,success,11336,229,
R000368,ats_vacancies,2025-03-03,2025-03-03 04:44:00,success,12657,235,
R000369,stripe_invoices,2025-03-03,2025-03-03 03:24:00,success,5453,306,
R000370,ga4_sessions,2025-03-03,2025-03-03 03:30:00,success,13244,945,
R000371,ads_spend,2025-03-03,2025-03-03 03:35:00,success,14388,184,
R000372,hubspot_leads,2025-03-03,2025-03-03 02:35:00,success,8900,357,
R000373,ats_submittals,2025-03-04,2025-03-04 02:20:00,success,15070,194,
R000374,ats_vacancies,2025-03-04,2025-03-04 04:56:00,success,10245,125,
R000375,stripe_invoices,2025-03-04,2025-03-04 02:22:00,success,15815,289,
R000376,ga4_sessions,2025-03-04,2025-03-04 02:57:00,success,9406,561,
R000377,ads_spend,2025-03-04,2025-03-04 02:52:00,success,12896,183,
R000378,hubspot_leads,2025-03-04,2025-03-04 03:30:00,success,11068,185,
R000379,ats_submittals,2025-03-05,2025-03-05 03:46:00,success,7117,306,
R000380,ats_vacancies,2025-03-05,2025-03-05 03:10:00,success,14104,142,
R000381,stripe_invoices,2025-03-05,2025-03-05 04:36:00,success,11712,174,
R000382,ga4_sessions,2025-03-05,2025-03-05 02:36:00,success,13262,273,
R000383,ads_spend,2025-03-05,2025-03-05 02:33:00,success,8671,219,
R000384,hubspot_leads,2025-03-05,2025-03-05 02:35:00,success,11092,316,
R000385,ats_submittals,2025-03-06,2025-03-06 04:28:00,success,13303,155,
R000386,ats_vacancies,2025-03-06,2025-03-06 05:44:00,success,15158,209,
R000387,stripe_invoices,2025-03-06,2025-03-06 05:57:00,success,10360,160,
R000388,ga4_sessions,2025-03-06,2025-03-06 03:38:00,success,13673,575,
R000389,ads_spend,2025-03-06,2025-03-06 03:56:00,success,9930,166,
R000390,hubspot_leads,2025-03-06,2025-03-06 05:27:00,failed,0,183,API rate limit exceeded
R000391,ats_submittals,2025-03-07,2025-03-07 05:22:00,success,10689,147,
R000392,ats_vacancies,2025-03-07,2025-03-07 05:49:00,success,14930,200,
R000393,stripe_invoices,2025-03-07,2025-03-07 05:27:00,success,13809,210,
R000394,ga4_sessions,2025-03-07,2025-03-07 05:56:00,success,10077,713,
R000395,ads_spend,2025-03-07,2025-03-07 04:39:00,success,15709,320,
R000396,hubspot_leads,2025-03-07,2025-03-07 02:20:00,success,12815,306,
R000397,ats_submittals,2025-03-08,2025-03-08 05:16:00,success,4085,223,
R000398,ats_vacancies,2025-03-08,2025-03-08 02:50:00,success,3048,259,
R000399,stripe_invoices,2025-03-08,2025-03-08 04:35:00,success,3060,103,
R000400,ga4_sessions,2025-03-08,2025-03-08 04:35:00,success,4574,913,
R000401,ads_spend,2025-03-08,2025-03-08 02:46:00,failed,0,263,Timeout after 900s
R000402,hubspot_leads,2025-03-08,2025-03-08 05:36:00,success,3552,123,
R000403,ats_submittals,2025-03-09,2025-03-09 04:30:00,success,4302,277,
R000404,ats_vacancies,2025-03-09,2025-03-09 02:27:00,success,3954,83,
R000405,stripe_invoices,2025-03-09,2025-03-09 03:27:00,success,2886,276,
R000406,ga4_sessions,2025-03-09,2025-03-09 02:51:00,success,3165,667,
R000407,ads_spend,2025-03-09,2025-03-09 04:38:00,success,2611,185,
R000408,hubspot_leads,2025-03-09,2025-03-09 04:39:00,success,3621,172,
R000409,ats_submittals,2025-03-10,2025-03-10 02:42:00,success,15642,192,
R000410,ats_vacancies,2025-03-10,2025-03-10 02:25:00,success,5185,251,
R000411,stripe_invoices,2025-03-10,2025-03-10 02:48:00,success,9367,110,
R000412,ga4_sessions,2025-03-10,2025-03-10 02:46:00,failed,0,348,Auth token expired
R000413,ads_spend,2025-03-10,2025-03-10 02:21:00,success,12297,286,
R000414,hubspot_leads,2025-03-10,2025-03-10 03:47:00,success,8150,273,
R000415,ats_submittals,2025-03-11,2025-03-11 03:35:00,success,16679,191,
R000416,ats_vacancies,2025-03-11,2025-03-11 02:22:00,success,7602,240,
R000417,stripe_invoices,2025-03-11,2025-03-11 05:24:00,success,19134,285,
R000418,ga4_sessions,2025-03-11,2025-03-11 05:48:00,success,14834,739,
R000419,ads_spend,2025-03-11,2025-03-11 03:50:00,success,9902,217,
R000420,hubspot_leads,2025-03-11,2025-03-11 04:29:00,success,5949,67,
R000421,ats_submittals,2025-03-12,2025-03-12 02:38:00,success,13651,72,
R000422,ats_vacancies,2025-03-12,2025-03-12 03:26:00,success,13371,253,
R000423,stripe_invoices,2025-03-12,2025-03-12 05:26:00,success,11277,148,
R000424,ga4_sessions,2025-03-12,2025-03-12 02:51:00,success,15696,902,
R000425,ads_spend,2025-03-12,2025-03-12 04:44:00,success,14087,302,
R000426,hubspot_leads,2025-03-12,2025-03-12 02:55:00,failed,0,325,Source returned 0 rows
R000427,ats_submittals,2025-03-13,2025-03-13 03:51:00,success,18045,197,
R000428,ats_vacancies,2025-03-13,2025-03-13 02:56:00,success,12010,117,
R000429,stripe_invoices,2025-03-13,2025-03-13 02:24:00,success,9252,324,
R000430,ga4_sessions,2025-03-13,2025-03-13 05:51:00,success,9493,954,
R000431,ads_spend,2025-03-13,2025-03-13 04:13:00,success,14818,359,
R000432,hubspot_leads,2025-03-13,2025-03-13 03:19:00,success,12507,180,
R000433,ats_submittals,2025-03-14,2025-03-14 05:20:00,success,14628,112,
R000434,ats_vacancies,2025-03-14,2025-03-14 05:15:00,success,10200,222,
R000435,stripe_invoices,2025-03-14,2025-03-14 05:38:00,success,12930,170,
R000436,ga4_sessions,2025-03-14,2025-03-14 03:40:00,failed,0,246,Source returned 0 rows
R000437,ads_spend,2025-03-14,2025-03-14 05:12:00,success,7087,174,
R000438,hubspot_leads,2025-03-14,2025-03-14 03:12:00,success,8860,206,
R000439,ats_submittals,2025-03-15,2025-03-15 05:38:00,success,2632,271,
R000440,ats_vacancies,2025-03-15,2025-03-15 02:41:00,success,4815,265,
R000441,stripe_invoices,2025-03-15,2025-03-15 03:22:00,success,4898,265,
R000442,ga4_sessions,2025-03-15,2025-03-15 03:30:00,success,4168,647,
R000443,ads_spend,2025-03-15,2025-03-15 03:47:00,success,2837,221,
R000444,hubspot_leads,2025-03-15,2025-03-15 02:42:00,success,3641,232,
R000445,ats_submittals,2025-03-16,2025-03-16 04:13:00,success,2900,196,
R000446,ats_vacancies,2025-03-16,2025-03-16 04:43:00,success,3679,267,
R000447,stripe_invoices,2025-03-16,2025-03-16 04:51:00,success,3285,293,
R000448,ga4_sessions,2025-03-16,2025-03-16 03:26:00,success,4732,631,
R000449,ads_spend,2025-03-16,2025-03-16 05:17:00,failed,0,204,Duplicate key on merge
R000450,hubspot_leads,2025-03-16,2025-03-16 04:55:00,success,3181,153,
R000451,ats_submittals,2025-03-17,2025-03-17 03:57:00,success,12093,218,
R000452,ats_vacancies,2025-03-17,2025-03-17 03:30:00,success,10979,296,
R000453,stripe_invoices,2025-03-17,2025-03-17 03:32:00,success,6328,205,
R000454,ga4_sessions,2025-03-17,2025-03-17 02:45:00,success,9707,204,
R000455,ads_spend,2025-03-17,2025-03-17 05:45:00,success,12531,181,
R000456,hubspot_leads,2025-03-17,2025-03-17 03:31:00,success,10834,147,
R000457,ats_submittals,2025-03-18,2025-03-18 02:15:00,success,12024,199,
R000458,ats_vacancies,2025-03-18,2025-03-18 02:50:00,success,15717,269,
R000459,stripe_invoices,2025-03-18,2025-03-18 05:52:00,success,17656,98,
R000460,ga4_sessions,2025-03-18,2025-03-18 02:41:00,success,10913,859,
R000461,ads_spend,2025-03-18,2025-03-18 04:42:00,success,16551,285,
R000462,hubspot_leads,2025-03-18,2025-03-18 05:44:00,success,8604,122,
R000463,ats_submittals,2025-03-19,2025-03-19 03:22:00,success,17821,171,
R000464,ats_vacancies,2025-03-19,2025-03-19 04:29:00,success,11637,118,
R000465,stripe_invoices,2025-03-19,2025-03-19 03:49:00,success,11832,252,
R000466,ga4_sessions,2025-03-19,2025-03-19 03:35:00,success,8241,863,
R000467,ads_spend,2025-03-19,2025-03-19 04:10:00,success,14282,248,
R000468,hubspot_leads,2025-03-19,2025-03-19 05:19:00,success,12584,187,
R000469,ats_submittals,2025-03-20,2025-03-20 03:41:00,success,16356,262,
R000470,ats_vacancies,2025-03-20,2025-03-20 03:34:00,success,8446,261,
R000471,stripe_invoices,2025-03-20,2025-03-20 02:26:00,success,8040,231,
R000472,ga4_sessions,2025-03-20,2025-03-20 04:18:00,success,10184,600,
R000473,ads_spend,2025-03-20,2025-03-20 05:44:00,success,13599,207,
R000474,hubspot_leads,2025-03-20,2025-03-20 05:47:00,failed,0,235,Schema drift: new column
R000475,ats_submittals,2025-03-21,2025-03-21 02:10:00,success,7740,318,
R000476,ats_vacancies,2025-03-21,2025-03-21 05:46:00,success,15675,272,
R000477,stripe_invoices,2025-03-21,2025-03-21 03:37:00,success,16290,172,
R000478,ga4_sessions,2025-03-21,2025-03-21 04:34:00,success,12031,662,
R000479,ads_spend,2025-03-21,2025-03-21 03:48:00,failed,0,213,Auth token expired
R000480,hubspot_leads,2025-03-21,2025-03-21 05:34:00,success,5833,205,
R000481,ats_submittals,2025-03-22,2025-03-22 04:14:00,success,3234,186,
R000482,ats_vacancies,2025-03-22,2025-03-22 04:12:00,success,3434,343,
R000483,stripe_invoices,2025-03-22,2025-03-22 02:25:00,success,4489,140,
R000484,ga4_sessions,2025-03-22,2025-03-22 05:23:00,success,2556,694,
R000485,ads_spend,2025-03-22,2025-03-22 02:54:00,success,3033,150,
R000486,hubspot_leads,2025-03-22,2025-03-22 02:22:00,success,2263,318,
R000487,ats_submittals,2025-03-23,2025-03-23 04:31:00,success,2905,167,
R000488,ats_vacancies,2025-03-23,2025-03-23 03:38:00,success,3535,165,
R000489,stripe_invoices,2025-03-23,2025-03-23 05:57:00,success,2906,362,
R000490,ga4_sessions,2025-03-23,2025-03-23 04:10:00,success,2234,577,
R000491,ads_spend,2025-03-23,2025-03-23 02:40:00,failed,0,167,Duplicate key on merge
R000492,hubspot_leads,2025-03-23,2025-03-23 02:23:00,success,3198,170,
R000493,ats_submittals,2025-03-24,2025-03-24 04:58:00,success,12641,267,
R000494,ats_vacancies,2025-03-24,2025-03-24 04:28:00,success,10569,224,
R000495,stripe_invoices,2025-03-24,2025-03-24 03:30:00,success,8137,204,
R000496,ga4_sessions,2025-03-24,2025-03-24 02:57:00,success,11810,509,
R000497,ads_spend,2025-03-24,2025-03-24 02:11:00,success,10596,195,
R000498,hubspot_leads,2025-03-24,2025-03-24 03:54:00,success,13878,317,
R000499,ats_submittals,2025-03-25,2025-03-25 05:48:00,success,15240,186,
R000500,ats_vacancies,2025-03-25,2025-03-25 02:36:00,success,11738,281,
R000501,stripe_invoices,2025-03-25,2025-03-25 04:41:00,success,14733,226,
R000502,ga4_sessions,2025-03-25,2025-03-25 05:19:00,success,8955,656,
R000503,ads_spend,2025-03-25,2025-03-25 02:56:00,success,14217,208,
R000504,hubspot_leads,2025-03-25,2025-03-25 02:25:00,success,5296,232,
R000505,ats_submittals,2025-03-26,2025-03-26 03:48:00,success,14744,347,
R000506,ats_vacancies,2025-03-26,2025-03-26 02:23:00,success,17372,174,
R000507,stripe_invoices,2025-03-26,2025-03-26 05:14:00,success,14119,189,
R000508,ga4_sessions,2025-03-26,2025-03-26 05:14:00,success,11141,511,
R000509,ads_spend,2025-03-26,2025-03-26 03:16:00,failed,0,332,API rate limit exceeded
R000510,hubspot_leads,2025-03-26,2025-03-26 04:54:00,success,10795,221,
R000511,ats_submittals,2025-03-27,2025-03-27 03:58:00,success,10820,177,
R000512,ats_vacancies,2025-03-27,2025-03-27 05:44:00,success,20817,169,
R000513,stripe_invoices,2025-03-27,2025-03-27 02:50:00,success,15681,228,
R000514,ga4_sessions,2025-03-27,2025-03-27 02:13:00,success,10937,514,
R000515,ads_spend,2025-03-27,2025-03-27 02:36:00,success,15022,362,
R000516,hubspot_leads,2025-03-27,2025-03-27 04:10:00,success,17665,234,
R000517,ats_submittals,2025-03-28,2025-03-28 05:34:00,success,13096,223,
R000518,ats_vacancies,2025-03-28,2025-03-28 04:48:00,success,7887,253,
R000519,stripe_invoices,2025-03-28,2025-03-28 03:18:00,success,14033,134,
R000520,ga4_sessions,2025-03-28,2025-03-28 03:23:00,success,13815,658,
R000521,ads_spend,2025-03-28,2025-03-28 05:19:00,success,10849,341,
R000522,hubspot_leads,2025-03-28,2025-03-28 04:45:00,success,14479,290,
R000523,ats_submittals,2025-03-29,2025-03-29 02:27:00,success,3400,205,
R000524,ats_vacancies,2025-03-29,2025-03-29 04:12:00,success,3476,151,
R000525,stripe_invoices,2025-03-29,2025-03-29 02:20:00,success,2407,195,
R000526,ga4_sessions,2025-03-29,2025-03-29 05:28:00,success,1418,805,
R000527,ads_spend,2025-03-29,2025-03-29 04:36:00,success,2555,217,
R000528,hubspot_leads,2025-03-29,2025-03-29 05:50:00,success,3839,303,
R000529,ats_submittals,2025-03-30,2025-03-30 04:34:00,success,4026,164,
R000530,ats_vacancies,2025-03-30,2025-03-30 05:44:00,success,2556,168,
R000531,stripe_invoices,2025-03-30,2025-03-30 02:52:00,success,2811,207,
R000532,ga4_sessions,2025-03-30,2025-03-30 05:49:00,success,1590,341,
R000533,ads_spend,2025-03-30,2025-03-30 04:10:00,success,3778,277,
R000534,hubspot_leads,2025-03-30,2025-03-30 04:46:00,success,3272,288,
R000535,ats_submittals,2025-03-31,2025-03-31 02:38:00,success,11678,184,
R000536,ats_vacancies,2025-03-31,2025-03-31 03:24:00,success,13430,155,
R000537,stripe_invoices,2025-03-31,2025-03-31 03:11:00,success,4544,231,
R000538,ga4_sessions,2025-03-31,2025-03-31 04:37:00,success,4097,838,
R000539,ads_spend,2025-03-31,2025-03-31 05:10:00,success,16116,201,
R000540,hubspot_leads,2025-03-31,2025-03-31 04:22:00,success,16671,207,
R000541,ats_submittals,2025-04-01,2025-04-01 02:16:00,success,11778,257,
R000542,ats_vacancies,2025-04-01,2025-04-01 03:28:00,success,18040,128,
R000543,stripe_invoices,2025-04-01,2025-04-01 03:20:00,success,10323,168,
R000544,ga4_sessions,2025-04-01,2025-04-01 03:31:00,success,10692,1023,
R000545,ads_spend,2025-04-01,2025-04-01 03:33:00,success,11664,148,
R000546,hubspot_leads,2025-04-01,2025-04-01 02:49:00,success,12465,178,
R000547,ats_submittals,2025-04-02,2025-04-02 02:13:00,success,13842,169,
R000548,ats_vacancies,2025-04-02,2025-04-02 03:46:00,success,11126,107,
R000549,stripe_invoices,2025-04-02,2025-04-02 04:49:00,success,7524,192,
R000550,ga4_sessions,2025-04-02,2025-04-02 03:49:00,success,16769,499,
R000551,ads_spend,2025-04-02,2025-04-02 03:18:00,success,13171,266,
R000552,hubspot_leads,2025-04-02,2025-04-02 05:38:00,success,8269,179,
R000553,ats_submittals,2025-04-03,2025-04-03 03:14:00,success,14250,209,
R000554,ats_vacancies,2025-04-03,2025-04-03 05:38:00,success,14924,132,
R000555,stripe_invoices,2025-04-03,2025-04-03 02:37:00,success,9805,185,
R000556,ga4_sessions,2025-04-03,2025-04-03 02:31:00,success,14567,462,
R000557,ads_spend,2025-04-03,2025-04-03 03:36:00,success,14392,228,
R000558,hubspot_leads,2025-04-03,2025-04-03 04:16:00,success,18697,167,
R000559,ats_submittals,2025-04-04,2025-04-04 03:24:00,success,10514,221,
R000560,ats_vacancies,2025-04-04,2025-04-04 05:46:00,success,5456,57,
R000561,stripe_invoices,2025-04-04,2025-04-04 02:26:00,success,14866,157,
R000562,ga4_sessions,2025-04-04,2025-04-04 03:11:00,success,9286,1042,
R000563,ads_spend,2025-04-04,2025-04-04 03:53:00,success,17057,254,
R000564,hubspot_leads,2025-04-04,2025-04-04 05:59:00,success,16619,108,
R000565,ats_submittals,2025-04-05,2025-04-05 05:22:00,success,2558,129,
R000566,ats_vacancies,2025-04-05,2025-04-05 05:18:00,failed,0,195,Schema drift: new column
R000567,stripe_invoices,2025-04-05,2025-04-05 02:42:00,success,2439,316,
R000568,ga4_sessions,2025-04-05,2025-04-05 05:57:00,success,1683,1137,
R000569,ads_spend,2025-04-05,2025-04-05 05:35:00,success,2937,323,
R000570,hubspot_leads,2025-04-05,2025-04-05 02:29:00,success,1768,142,
R000571,ats_submittals,2025-04-06,2025-04-06 03:16:00,success,2050,174,
R000572,ats_vacancies,2025-04-06,2025-04-06 02:42:00,success,3378,204,
R000573,stripe_invoices,2025-04-06,2025-04-06 05:18:00,success,3073,323,
R000574,ga4_sessions,2025-04-06,2025-04-06 05:47:00,success,3016,1129,
R000575,ads_spend,2025-04-06,2025-04-06 04:33:00,success,2962,203,
R000576,hubspot_leads,2025-04-06,2025-04-06 03:22:00,success,4041,144,
R000577,ats_submittals,2025-04-07,2025-04-07 02:58:00,success,13488,193,
R000578,ats_vacancies,2025-04-07,2025-04-07 03:41:00,success,9246,142,
R000579,stripe_invoices,2025-04-07,2025-04-07 03:44:00,success,11058,153,
R000580,ga4_sessions,2025-04-07,2025-04-07 05:17:00,success,5346,845,
R000581,ads_spend,2025-04-07,2025-04-07 03:49:00,failed,0,227,API rate limit exceeded
R000582,hubspot_leads,2025-04-07,2025-04-07 02:23:00,success,16493,200,
R000583,ats_submittals,2025-04-08,2025-04-08 04:30:00,success,8890,326,
R000584,ats_vacancies,2025-04-08,2025-04-08 02:35:00,success,2959,355,
R000585,stripe_invoices,2025-04-08,2025-04-08 03:42:00,success,10614,176,
R000586,ga4_sessions,2025-04-08,2025-04-08 05:17:00,success,6579,595,
R000587,ads_spend,2025-04-08,2025-04-08 02:31:00,success,12318,133,
R000588,hubspot_leads,2025-04-08,2025-04-08 02:22:00,success,10370,226,
R000589,ats_submittals,2025-04-09,2025-04-09 05:31:00,success,13471,262,
R000590,ats_vacancies,2025-04-09,2025-04-09 05:28:00,success,15115,247,
R000591,stripe_invoices,2025-04-09,2025-04-09 03:54:00,success,14030,106,
R000592,ga4_sessions,2025-04-09,2025-04-09 03:55:00,failed,0,529,Source returned 0 rows
R000593,ads_spend,2025-04-09,2025-04-09 05:38:00,success,10359,90,
R000594,hubspot_leads,2025-04-09,2025-04-09 03:49:00,success,10078,236,
R000595,ats_submittals,2025-04-10,2025-04-10 02:38:00,success,12855,250,
R000596,ats_vacancies,2025-04-10,2025-04-10 04:35:00,success,11621,216,
R000597,stripe_invoices,2025-04-10,2025-04-10 02:39:00,success,11049,266,
R000598,ga4_sessions,2025-04-10,2025-04-10 05:59:00,success,8933,333,
R000599,ads_spend,2025-04-10,2025-04-10 02:14:00,success,14364,73,
R000600,hubspot_leads,2025-04-10,2025-04-10 05:10:00,success,9238,203,
R000601,ats_submittals,2025-04-11,2025-04-11 05:43:00,success,14028,117,
R000602,ats_vacancies,2025-04-11,2025-04-11 05:39:00,success,17067,259,
R000603,stripe_invoices,2025-04-11,2025-04-11 02:34:00,success,10230,125,
R000604,ga4_sessions,2025-04-11,2025-04-11 02:51:00,success,11728,443,
R000605,ads_spend,2025-04-11,2025-04-11 03:39:00,success,11253,165,
R000606,hubspot_leads,2025-04-11,2025-04-11 03:59:00,success,18574,157,
R000607,ats_submittals,2025-04-12,2025-04-12 04:19:00,success,3707,159,
R000608,ats_vacancies,2025-04-12,2025-04-12 05:51:00,success,2561,233,
R000609,stripe_invoices,2025-04-12,2025-04-12 03:48:00,success,3874,205,
R000610,ga4_sessions,2025-04-12,2025-04-12 04:57:00,success,3183,782,
R000611,ads_spend,2025-04-12,2025-04-12 04:14:00,success,4434,190,
R000612,hubspot_leads,2025-04-12,2025-04-12 04:17:00,success,2490,339,
R000613,ats_submittals,2025-04-13,2025-04-13 03:19:00,success,2479,269,
R000614,ats_vacancies,2025-04-13,2025-04-13 04:29:00,success,4851,259,
R000615,stripe_invoices,2025-04-13,2025-04-13 05:12:00,success,3366,174,
R000616,ga4_sessions,2025-04-13,2025-04-13 03:16:00,success,3747,527,
R000617,ads_spend,2025-04-13,2025-04-13 03:49:00,success,3351,330,
R000618,hubspot_leads,2025-04-13,2025-04-13 04:53:00,success,279,255,
R000619,ats_submittals,2025-04-14,2025-04-14 03:24:00,failed,0,225,Schema drift: new column
R000620,ats_vacancies,2025-04-14,2025-04-14 03:34:00,success,12611,246,
R000621,stripe_invoices,2025-04-14,2025-04-14 04:31:00,success,16351,216,
R000622,ga4_sessions,2025-04-14,2025-04-14 03:45:00,success,14049,803,
R000623,ads_spend,2025-04-14,2025-04-14 05:55:00,success,10907,119,
R000624,hubspot_leads,2025-04-14,2025-04-14 03:17:00,success,10754,114,
R000625,ats_submittals,2025-04-15,2025-04-15 04:20:00,success,7275,194,
R000626,ats_vacancies,2025-04-15,2025-04-15 03:55:00,success,13942,165,
R000627,stripe_invoices,2025-04-15,2025-04-15 04:29:00,success,15558,240,
R000628,ga4_sessions,2025-04-15,2025-04-15 03:55:00,success,11898,271,
R000629,ads_spend,2025-04-15,2025-04-15 05:13:00,success,11618,286,
R000630,hubspot_leads,2025-04-15,2025-04-15 02:58:00,success,7493,62,
R000631,ats_submittals,2025-04-16,2025-04-16 03:17:00,success,13438,183,
R000632,ats_vacancies,2025-04-16,2025-04-16 03:45:00,success,14714,137,
R000633,stripe_invoices,2025-04-16,2025-04-16 04:44:00,success,10618,262,
R000634,ga4_sessions,2025-04-16,2025-04-16 05:24:00,success,11793,727,
R000635,ads_spend,2025-04-16,2025-04-16 05:19:00,success,13331,222,
R000636,hubspot_leads,2025-04-16,2025-04-16 04:17:00,success,8358,153,
R000637,ats_submittals,2025-04-17,2025-04-17 03:43:00,success,9682,128,
R000638,ats_vacancies,2025-04-17,2025-04-17 05:11:00,success,15219,127,
R000639,stripe_invoices,2025-04-17,2025-04-17 02:49:00,success,10915,334,
R000640,ga4_sessions,2025-04-17,2025-04-17 02:35:00,success,14338,1139,
R000641,ads_spend,2025-04-17,2025-04-17 03:41:00,success,12636,33,
R000642,hubspot_leads,2025-04-17,2025-04-17 05:37:00,success,10882,142,
R000643,ats_submittals,2025-04-18,2025-04-18 04:46:00,success,9352,148,
R000644,ats_vacancies,2025-04-18,2025-04-18 03:24:00,success,10327,264,
R000645,stripe_invoices,2025-04-18,2025-04-18 03:28:00,success,9583,297,
R000646,ga4_sessions,2025-04-18,2025-04-18 04:40:00,success,13368,947,
R000647,ads_spend,2025-04-18,2025-04-18 04:23:00,success,13944,204,
R000648,hubspot_leads,2025-04-18,2025-04-18 03:10:00,success,11701,330,
R000649,ats_submittals,2025-04-19,2025-04-19 05:40:00,success,4067,149,
R000650,ats_vacancies,2025-04-19,2025-04-19 02:27:00,success,2682,203,
R000651,stripe_invoices,2025-04-19,2025-04-19 04:27:00,success,2385,238,
R000652,ga4_sessions,2025-04-19,2025-04-19 05:17:00,success,4093,419,
R000653,ads_spend,2025-04-19,2025-04-19 03:39:00,success,2899,246,
R000654,hubspot_leads,2025-04-19,2025-04-19 02:29:00,success,3951,294,
R000655,ats_submittals,2025-04-20,2025-04-20 03:26:00,success,4055,207,
R000656,ats_vacancies,2025-04-20,2025-04-20 02:50:00,success,3925,229,
R000657,stripe_invoices,2025-04-20,2025-04-20 04:34:00,success,5111,147,
R000658,ga4_sessions,2025-04-20,2025-04-20 02:41:00,success,3093,700,
R000659,ads_spend,2025-04-20,2025-04-20 05:14:00,failed,0,228,Source returned 0 rows
R000660,hubspot_leads,2025-04-20,2025-04-20 05:11:00,success,3321,217,
R000661,ats_submittals,2025-04-21,2025-04-21 04:58:00,success,11087,287,
R000662,ats_vacancies,2025-04-21,2025-04-21 04:17:00,success,11501,173,
R000663,stripe_invoices,2025-04-21,2025-04-21 05:55:00,success,10714,158,
R000664,ga4_sessions,2025-04-21,2025-04-21 04:37:00,success,7864,920,
R000665,ads_spend,2025-04-21,2025-04-21 03:35:00,success,13751,208,
R000666,hubspot_leads,2025-04-21,2025-04-21 03:32:00,success,9191,167,
R000667,ats_submittals,2025-04-22,2025-04-22 05:39:00,success,8334,154,
R000668,ats_vacancies,2025-04-22,2025-04-22 04:56:00,success,11772,208,
R000669,stripe_invoices,2025-04-22,2025-04-22 05:38:00,success,16461,151,
R000670,ga4_sessions,2025-04-22,2025-04-22 04:35:00,success,6829,760,
R000671,ads_spend,2025-04-22,2025-04-22 03:43:00,success,9527,142,
R000672,hubspot_leads,2025-04-22,2025-04-22 04:46:00,success,11069,144,
R000673,ats_submittals,2025-04-23,2025-04-23 03:36:00,success,9760,159,
R000674,ats_vacancies,2025-04-23,2025-04-23 04:27:00,success,16763,379,
R000675,stripe_invoices,2025-04-23,2025-04-23 03:50:00,success,16100,161,
R000676,ga4_sessions,2025-04-23,2025-04-23 05:14:00,success,13692,482,
R000677,ads_spend,2025-04-23,2025-04-23 02:36:00,success,13631,110,
R000678,hubspot_leads,2025-04-23,2025-04-23 05:45:00,success,9381,297,
R000679,ats_submittals,2025-04-24,2025-04-24 05:28:00,success,14681,253,
R000680,ats_vacancies,2025-04-24,2025-04-24 03:40:00,success,15970,292,
R000681,stripe_invoices,2025-04-24,2025-04-24 02:35:00,success,14730,204,
R000682,ga4_sessions,2025-04-24,2025-04-24 03:34:00,success,16920,904,
R000683,ads_spend,2025-04-24,2025-04-24 05:40:00,success,11072,334,
R000684,hubspot_leads,2025-04-24,2025-04-24 05:54:00,success,11424,158,
R000685,ats_submittals,2025-04-25,2025-04-25 03:53:00,success,8508,274,
R000686,ats_vacancies,2025-04-25,2025-04-25 04:55:00,success,19381,196,
R000687,stripe_invoices,2025-04-25,2025-04-25 05:53:00,success,18080,227,
R000688,ga4_sessions,2025-04-25,2025-04-25 05:18:00,success,7633,498,
R000689,ads_spend,2025-04-25,2025-04-25 03:49:00,success,9798,152,
R000690,hubspot_leads,2025-04-25,2025-04-25 04:17:00,success,14025,158,
R000691,ats_submittals,2025-04-26,2025-04-26 04:26:00,success,2324,340,
R000692,ats_vacancies,2025-04-26,2025-04-26 02:25:00,success,2690,148,
R000693,stripe_invoices,2025-04-26,2025-04-26 03:24:00,success,2070,203,
R000694,ga4_sessions,2025-04-26,2025-04-26 03:45:00,failed,0,865,Timeout after 900s
R000695,ads_spend,2025-04-26,2025-04-26 05:20:00,success,3310,337,
R000696,hubspot_leads,2025-04-26,2025-04-26 02:18:00,success,3798,20,
R000697,ats_submittals,2025-04-27,2025-04-27 03:28:00,success,3225,114,
R000698,ats_vacancies,2025-04-27,2025-04-27 03:30:00,success,3256,155,
R000699,stripe_invoices,2025-04-27,2025-04-27 05:52:00,success,3735,262,
R000700,ga4_sessions,2025-04-27,2025-04-27 04:29:00,success,2107,720,
R000701,ads_spend,2025-04-27,2025-04-27 05:30:00,success,2016,323,
R000702,hubspot_leads,2025-04-27,2025-04-27 04:25:00,success,3182,328,
R000703,ats_submittals,2025-04-28,2025-04-28 04:21:00,success,14892,297,
R000704,ats_vacancies,2025-04-28,2025-04-28 03:45:00,success,3689,241,
R000705,stripe_invoices,2025-04-28,2025-04-28 02:30:00,success,13337,150,
R000706,ga4_sessions,2025-04-28,2025-04-28 03:17:00,success,12101,751,
R000707,ads_spend,2025-04-28,2025-04-28 02:35:00,success,13659,186,
R000708,hubspot_leads,2025-04-28,2025-04-28 03:30:00,success,10742,151,
R000709,ats_submittals,2025-04-29,2025-04-29 05:22:00,success,16537,204,
R000710,ats_vacancies,2025-04-29,2025-04-29 03:23:00,success,13222,176,
R000711,stripe_invoices,2025-04-29,2025-04-29 02:59:00,success,11061,201,
R000712,ga4_sessions,2025-04-29,2025-04-29 05:37:00,success,9568,901,
R000713,ads_spend,2025-04-29,2025-04-29 03:45:00,success,14600,168,
R000714,hubspot_leads,2025-04-29,2025-04-29 04:42:00,success,6755,228,
R000715,ats_submittals,2025-04-30,2025-04-30 05:39:00,success,6050,152,
R000716,ats_vacancies,2025-04-30,2025-04-30 03:58:00,success,13535,194,
R000717,stripe_invoices,2025-04-30,2025-04-30 03:54:00,success,10879,266,
R000718,ga4_sessions,2025-04-30,2025-04-30 03:18:00,success,11067,663,
R000719,ads_spend,2025-04-30,2025-04-30 04:55:00,success,11810,165,
R000720,hubspot_leads,2025-04-30,2025-04-30 05:47:00,success,10657,62,
R000721,ats_submittals,2025-05-01,2025-05-01 03:43:00,success,13296,153,
R000722,ats_vacancies,2025-05-01,2025-05-01 02:44:00,success,11246,322,
R000723,stripe_invoices,2025-05-01,2025-05-01 04:48:00,success,8575,224,
R000724,ga4_sessions,2025-05-01,2025-05-01 05:39:00,success,7986,402,
R000725,ads_spend,2025-05-01,2025-05-01 04:19:00,failed,0,164,Duplicate key on merge
R000726,hubspot_leads,2025-05-01,2025-05-01 02:48:00,success,12225,91,
R000727,ats_submittals,2025-05-02,2025-05-02 03:19:00,success,11643,213,
R000728,ats_vacancies,2025-05-02,2025-05-02 02:37:00,success,11074,200,
R000729,stripe_invoices,2025-05-02,2025-05-02 02:24:00,success,11365,150,
R000730,ga4_sessions,2025-05-02,2025-05-02 05:43:00,success,16140,840,
R000731,ads_spend,2025-05-02,2025-05-02 05:34:00,success,12169,169,
R000732,hubspot_leads,2025-05-02,2025-05-02 04:22:00,success,5203,175,
R000733,ats_submittals,2025-05-03,2025-05-03 05:49:00,success,3539,359,
R000734,ats_vacancies,2025-05-03,2025-05-03 03:19:00,success,5102,132,
R000735,stripe_invoices,2025-05-03,2025-05-03 03:21:00,success,3259,71,
R000736,ga4_sessions,2025-05-03,2025-05-03 03:14:00,success,3127,844,
R000737,ads_spend,2025-05-03,2025-05-03 02:46:00,success,3190,219,
R000738,hubspot_leads,2025-05-03,2025-05-03 02:44:00,success,2589,326,
R000739,ats_submittals,2025-05-04,2025-05-04 03:31:00,success,3842,206,
R000740,ats_vacancies,2025-05-04,2025-05-04 03:58:00,success,2435,173,
R000741,stripe_invoices,2025-05-04,2025-05-04 03:37:00,success,3068,183,
R000742,ga4_sessions,2025-05-04,2025-05-04 02:31:00,success,3712,842,
R000743,ads_spend,2025-05-04,2025-05-04 04:37:00,failed,0,211,Duplicate key on merge
R000744,hubspot_leads,2025-05-04,2025-05-04 03:57:00,success,1971,190,
R000745,ats_submittals,2025-05-05,2025-05-05 05:29:00,failed,0,141,Duplicate key on merge
R000746,ats_vacancies,2025-05-05,2025-05-05 05:41:00,success,11556,148,
R000747,stripe_invoices,2025-05-05,2025-05-05 02:18:00,success,7698,182,
R000748,ga4_sessions,2025-05-05,2025-05-05 02:59:00,success,16469,863,
R000749,ads_spend,2025-05-05,2025-05-05 04:48:00,success,8108,142,
R000750,hubspot_leads,2025-05-05,2025-05-05 02:16:00,success,10778,266,
R000751,ats_submittals,2025-05-06,2025-05-06 05:38:00,success,9107,224,
R000752,ats_vacancies,2025-05-06,2025-05-06 03:13:00,success,14626,147,
R000753,stripe_invoices,2025-05-06,2025-05-06 04:20:00,success,4335,173,
R000754,ga4_sessions,2025-05-06,2025-05-06 02:21:00,success,12589,349,
R000755,ads_spend,2025-05-06,2025-05-06 05:44:00,failed,0,263,Timeout after 900s
R000756,hubspot_leads,2025-05-06,2025-05-06 03:45:00,success,10009,241,
R000757,ats_submittals,2025-05-07,2025-05-07 02:53:00,success,4349,138,
R000758,ats_vacancies,2025-05-07,2025-05-07 05:31:00,success,17483,147,
R000759,stripe_invoices,2025-05-07,2025-05-07 03:30:00,success,9314,208,
R000760,ga4_sessions,2025-05-07,2025-05-07 05:21:00,success,6150,947,
R000761,ads_spend,2025-05-07,2025-05-07 04:50:00,success,14449,244,
R000762,hubspot_leads,2025-05-07,2025-05-07 02:57:00,success,10527,286,
R000763,ats_submittals,2025-05-08,2025-05-08 02:29:00,success,11792,289,
R000764,ats_vacancies,2025-05-08,2025-05-08 03:11:00,success,8085,237,
R000765,stripe_invoices,2025-05-08,2025-05-08 04:31:00,success,9610,269,
R000766,ga4_sessions,2025-05-08,2025-05-08 03:32:00,success,15216,634,
R000767,ads_spend,2025-05-08,2025-05-08 05:20:00,success,12102,220,
R000768,hubspot_leads,2025-05-08,2025-05-08 03:18:00,success,10834,100,
R000769,ats_submittals,2025-05-09,2025-05-09 05:34:00,success,17431,241,
R000770,ats_vacancies,2025-05-09,2025-05-09 05:18:00,success,9055,345,
R000771,stripe_invoices,2025-05-09,2025-05-09 02:17:00,success,14533,159,
R000772,ga4_sessions,2025-05-09,2025-05-09 04:45:00,success,14819,975,
R000773,ads_spend,2025-05-09,2025-05-09 02:11:00,success,8245,209,
R000774,hubspot_leads,2025-05-09,2025-05-09 03:27:00,success,12425,254,
R000775,ats_submittals,2025-05-10,2025-05-10 05:32:00,success,3100,308,
R000776,ats_vacancies,2025-05-10,2025-05-10 03:13:00,success,4455,236,
R000777,stripe_invoices,2025-05-10,2025-05-10 04:41:00,success,1914,199,
R000778,ga4_sessions,2025-05-10,2025-05-10 04:14:00,success,3094,727,
R000779,ads_spend,2025-05-10,2025-05-10 03:10:00,success,4275,307,
R000780,hubspot_leads,2025-05-10,2025-05-10 03:27:00,success,3797,326,
R000781,ats_submittals,2025-05-11,2025-05-11 04:34:00,success,3010,193,
R000782,ats_vacancies,2025-05-11,2025-05-11 02:44:00,success,3803,258,
R000783,stripe_invoices,2025-05-11,2025-05-11 02:59:00,success,2613,158,
R000784,ga4_sessions,2025-05-11,2025-05-11 04:50:00,success,2261,513,
R000785,ads_spend,2025-05-11,2025-05-11 04:15:00,success,4181,171,
R000786,hubspot_leads,2025-05-11,2025-05-11 05:26:00,success,2591,262,
R000787,ats_submittals,2025-05-12,2025-05-12 05:59:00,success,9558,130,
R000788,ats_vacancies,2025-05-12,2025-05-12 02:11:00,success,13821,240,
R000789,stripe_invoices,2025-05-12,2025-05-12 03:23:00,success,15103,107,
R000790,ga4_sessions,2025-05-12,2025-05-12 05:29:00,success,10737,903,
R000791,ads_spend,2025-05-12,2025-05-12 03:10:00,success,15525,146,
R000792,hubspot_leads,2025-05-12,2025-05-12 03:18:00,success,13411,197,
R000793,ats_submittals,2025-05-13,2025-05-13 03:59:00,success,13644,259,
R000794,ats_vacancies,2025-05-13,2025-05-13 05:44:00,success,15717,238,
R000795,stripe_invoices,2025-05-13,2025-05-13 02:29:00,success,8635,187,
R000796,ga4_sessions,2025-05-13,2025-05-13 04:28:00,success,16705,425,
R000797,ads_spend,2025-05-13,2025-05-13 02:11:00,success,10367,335,
R000798,hubspot_leads,2025-05-13,2025-05-13 03:25:00,success,15834,266,
R000799,ats_submittals,2025-05-14,2025-05-14 05:53:00,success,7732,221,
R000800,ats_vacancies,2025-05-14,2025-05-14 03:44:00,success,10703,220,
R000801,stripe_invoices,2025-05-14,2025-05-14 05:53:00,success,15151,98,
R000802,ga4_sessions,2025-05-14,2025-05-14 05:32:00,success,6135,669,
R000803,ads_spend,2025-05-14,2025-05-14 03:27:00,success,12462,331,
R000804,hubspot_leads,2025-05-14,2025-05-14 04:12:00,success,13364,173,
R000805,ats_submittals,2025-05-15,2025-05-15 05:50:00,success,9883,241,
R000806,ats_vacancies,2025-05-15,2025-05-15 03:56:00,success,21284,144,
R000807,stripe_invoices,2025-05-15,2025-05-15 04:56:00,success,17593,137,
R000808,ga4_sessions,2025-05-15,2025-05-15 05:29:00,success,9571,730,
R000809,ads_spend,2025-05-15,2025-05-15 04:29:00,success,8164,260,
R000810,hubspot_leads,2025-05-15,2025-05-15 05:47:00,success,15872,159,
R000811,ats_submittals,2025-05-16,2025-05-16 02:51:00,success,7270,156,
R000812,ats_vacancies,2025-05-16,2025-05-16 05:11:00,success,13587,201,
R000813,stripe_invoices,2025-05-16,2025-05-16 04:50:00,success,10986,110,
R000814,ga4_sessions,2025-05-16,2025-05-16 02:40:00,success,9823,740,
R000815,ads_spend,2025-05-16,2025-05-16 02:13:00,success,15256,103,
R000816,hubspot_leads,2025-05-16,2025-05-16 02:26:00,success,16669,128,
R000817,ats_submittals,2025-05-17,2025-05-17 04:16:00,success,3514,232,
R000818,ats_vacancies,2025-05-17,2025-05-17 04:19:00,success,2354,288,
R000819,stripe_invoices,2025-05-17,2025-05-17 03:41:00,success,2797,270,
R000820,ga4_sessions,2025-05-17,2025-05-17 03:48:00,success,4679,733,
R000821,ads_spend,2025-05-17,2025-05-17 05:28:00,success,3369,233,
R000822,hubspot_leads,2025-05-17,2025-05-17 04:39:00,success,3393,234,
R000823,ats_submittals,2025-05-18,2025-05-18 04:13:00,success,1748,331,
R000824,ats_vacancies,2025-05-18,2025-05-18 04:14:00,success,4476,221,
R000825,stripe_invoices,2025-05-18,2025-05-18 03:17:00,success,3526,204,
R000826,ga4_sessions,2025-05-18,2025-05-18 05:16:00,success,2794,635,
R000827,ads_spend,2025-05-18,2025-05-18 03:39:00,success,2362,304,
R000828,hubspot_leads,2025-05-18,2025-05-18 04:11:00,success,3218,292,
R000829,ats_submittals,2025-05-19,2025-05-19 05:55:00,success,12877,224,
R000830,ats_vacancies,2025-05-19,2025-05-19 05:35:00,success,8375,213,
R000831,stripe_invoices,2025-05-19,2025-05-19 02:51:00,success,16190,243,
R000832,ga4_sessions,2025-05-19,2025-05-19 04:40:00,success,13003,502,
R000833,ads_spend,2025-05-19,2025-05-19 03:38:00,success,22407,267,
R000834,hubspot_leads,2025-05-19,2025-05-19 05:19:00,success,18954,203,
R000835,ats_submittals,2025-05-20,2025-05-20 04:25:00,success,20282,208,
R000836,ats_vacancies,2025-05-20,2025-05-20 02:42:00,success,8748,145,
R000837,stripe_invoices,2025-05-20,2025-05-20 04:15:00,success,10863,240,
R000838,ga4_sessions,2025-05-20,2025-05-20 03:48:00,failed,0,654,API rate limit exceeded
R000839,ads_spend,2025-05-20,2025-05-20 05:58:00,success,11066,172,
R000840,hubspot_leads,2025-05-20,2025-05-20 05:46:00,success,11059,150,
R000841,ats_submittals,2025-05-21,2025-05-21 03:30:00,success,13108,130,
R000842,ats_vacancies,2025-05-21,2025-05-21 02:34:00,success,15732,388,
R000843,stripe_invoices,2025-05-21,2025-05-21 03:42:00,success,8718,301,
R000844,ga4_sessions,2025-05-21,2025-05-21 02:53:00,success,11738,842,
R000845,ads_spend,2025-05-21,2025-05-21 03:43:00,success,9644,311,
R000846,hubspot_leads,2025-05-21,2025-05-21 02:23:00,success,9398,191,
R000847,ats_submittals,2025-05-22,2025-05-22 05:28:00,success,16205,154,
R000848,ats_vacancies,2025-05-22,2025-05-22 05:34:00,success,11189,183,
R000849,stripe_invoices,2025-05-22,2025-05-22 05:44:00,success,8341,56,
R000850,ga4_sessions,2025-05-22,2025-05-22 02:39:00,failed,0,931,API rate limit exceeded
R000851,ads_spend,2025-05-22,2025-05-22 02:59:00,failed,0,198,Schema drift: new column
R000852,hubspot_leads,2025-05-22,2025-05-22 02:52:00,success,12627,221,
R000853,ats_submittals,2025-05-23,2025-05-23 04:39:00,success,15770,212,
R000854,ats_vacancies,2025-05-23,2025-05-23 02:32:00,success,12018,159,
R000855,stripe_invoices,2025-05-23,2025-05-23 02:31:00,success,8207,66,
R000856,ga4_sessions,2025-05-23,2025-05-23 04:49:00,success,3369,848,
R000857,ads_spend,2025-05-23,2025-05-23 02:24:00,success,13667,263,
R000858,hubspot_leads,2025-05-23,2025-05-23 04:50:00,success,17249,179,
R000859,ats_submittals,2025-05-24,2025-05-24 02:37:00,success,3462,200,
R000860,ats_vacancies,2025-05-24,2025-05-24 03:35:00,success,2650,239,
R000861,stripe_invoices,2025-05-24,2025-05-24 03:35:00,success,2294,297,
R000862,ga4_sessions,2025-05-24,2025-05-24 03:44:00,success,2147,662,
R000863,ads_spend,2025-05-24,2025-05-24 04:32:00,success,2859,270,
R000864,hubspot_leads,2025-05-24,2025-05-24 02:44:00,success,3039,344,
R000865,ats_submittals,2025-05-25,2025-05-25 04:14:00,success,3306,248,
R000866,ats_vacancies,2025-05-25,2025-05-25 02:37:00,success,3886,272,
R000867,stripe_invoices,2025-05-25,2025-05-25 03:38:00,success,3228,304,
R000868,ga4_sessions,2025-05-25,2025-05-25 02:13:00,success,1932,1049,
R000869,ads_spend,2025-05-25,2025-05-25 05:14:00,success,3205,167,
R000870,hubspot_leads,2025-05-25,2025-05-25 02:52:00,success,2761,92,
R000871,ats_submittals,2025-05-26,2025-05-26 04:41:00,success,6669,142,
R000872,ats_vacancies,2025-05-26,2025-05-26 05:40:00,success,8209,179,
R000873,stripe_invoices,2025-05-26,2025-05-26 02:32:00,success,16548,180,
R000874,ga4_sessions,2025-05-26,2025-05-26 03:37:00,success,17742,245,
R000875,ads_spend,2025-05-26,2025-05-26 04:10:00,success,15012,146,
R000876,hubspot_leads,2025-05-26,2025-05-26 05:51:00,success,16910,110,
R000877,ats_submittals,2025-05-27,2025-05-27 05:34:00,success,15484,113,
R000878,ats_vacancies,2025-05-27,2025-05-27 04:11:00,success,15238,157,
R000879,stripe_invoices,2025-05-27,2025-05-27 04:23:00,success,13155,296,
R000880,ga4_sessions,2025-05-27,2025-05-27 03:14:00,success,11512,627,
R000881,ads_spend,2025-05-27,2025-05-27 04:59:00,success,16721,133,
R000882,hubspot_leads,2025-05-27,2025-05-27 02:54:00,success,7798,247,
R000883,ats_submittals,2025-05-28,2025-05-28 02:41:00,success,13837,238,
R000884,ats_vacancies,2025-05-28,2025-05-28 04:27:00,success,9058,190,
R000885,stripe_invoices,2025-05-28,2025-05-28 02:22:00,success,15459,183,
R000886,ga4_sessions,2025-05-28,2025-05-28 03:43:00,success,13906,649,
R000887,ads_spend,2025-05-28,2025-05-28 03:20:00,success,21624,343,
R000888,hubspot_leads,2025-05-28,2025-05-28 02:34:00,success,12194,264,
R000889,ats_submittals,2025-05-29,2025-05-29 03:15:00,success,13177,152,
R000890,ats_vacancies,2025-05-29,2025-05-29 05:46:00,success,14506,163,
R000891,stripe_invoices,2025-05-29,2025-05-29 04:25:00,success,11310,196,
R000892,ga4_sessions,2025-05-29,2025-05-29 05:56:00,success,7156,339,
R000893,ads_spend,2025-05-29,2025-05-29 05:35:00,success,15778,134,
R000894,hubspot_leads,2025-05-29,2025-05-29 02:37:00,success,12887,100,
R000895,ats_submittals,2025-05-30,2025-05-30 05:28:00,success,9500,281,
R000896,ats_vacancies,2025-05-30,2025-05-30 05:20:00,success,10242,237,
R000897,stripe_invoices,2025-05-30,2025-05-30 05:37:00,success,10766,278,
R000898,ga4_sessions,2025-05-30,2025-05-30 04:32:00,success,8064,533,
R000899,ads_spend,2025-05-30,2025-05-30 04:19:00,success,15770,259,
R000900,hubspot_leads,2025-05-30,2025-05-30 02:38:00,success,9165,233,
R000901,ats_submittals,2025-05-31,2025-05-31 05:44:00,success,2941,290,
R000902,ats_vacancies,2025-05-31,2025-05-31 04:54:00,success,2040,174,
R000903,stripe_invoices,2025-05-31,2025-05-31 04:54:00,success,3266,204,
R000904,ga4_sessions,2025-05-31,2025-05-31 05:10:00,success,3900,1027,
R000905,ads_spend,2025-05-31,2025-05-31 02:54:00,success,5434,80,
R000906,hubspot_leads,2025-05-31,2025-05-31 03:22:00,success,2975,216,
R000907,ats_submittals,2025-06-01,2025-06-01 04:51:00,success,4148,193,
R000908,ats_vacancies,2025-06-01,2025-06-01 05:52:00,success,4308,201,
R000909,stripe_invoices,2025-06-01,2025-06-01 02:56:00,success,3766,200,
R000910,ga4_sessions,2025-06-01,2025-06-01 02:45:00,success,4248,931,
R000911,ads_spend,2025-06-01,2025-06-01 03:31:00,success,4070,162,
R000912,hubspot_leads,2025-06-01,2025-06-01 02:43:00,success,4044,150,
R000913,ats_submittals,2025-06-02,2025-06-02 05:48:00,success,12607,222,
R000914,ats_vacancies,2025-06-02,2025-06-02 05:35:00,success,14604,196,
R000915,stripe_invoices,2025-06-02,2025-06-02 04:34:00,success,8142,115,
R000916,ga4_sessions,2025-06-02,2025-06-02 02:47:00,success,9227,343,
R000917,ads_spend,2025-06-02,2025-06-02 03:13:00,success,11998,151,
R000918,hubspot_leads,2025-06-02,2025-06-02 05:16:00,success,5875,266,
R000919,ats_submittals,2025-06-03,2025-06-03 05:23:00,success,12256,269,
R000920,ats_vacancies,2025-06-03,2025-06-03 02:31:00,success,17817,264,
R000921,stripe_invoices,2025-06-03,2025-06-03 02:38:00,success,14061,162,
R000922,ga4_sessions,2025-06-03,2025-06-03 05:55:00,success,15365,1028,
R000923,ads_spend,2025-06-03,2025-06-03 02:34:00,success,5328,303,
R000924,hubspot_leads,2025-06-03,2025-06-03 02:45:00,success,10796,211,
R000925,ats_submittals,2025-06-04,2025-06-04 04:25:00,success,12210,258,
R000926,ats_vacancies,2025-06-04,2025-06-04 05:58:00,success,14654,166,
R000927,stripe_invoices,2025-06-04,2025-06-04 03:26:00,success,12922,283,
R000928,ga4_sessions,2025-06-04,2025-06-04 05:53:00,success,9368,542,
R000929,ads_spend,2025-06-04,2025-06-04 05:47:00,success,13830,274,
R000930,hubspot_leads,2025-06-04,2025-06-04 02:38:00,success,8169,161,
R000931,ats_submittals,2025-06-05,2025-06-05 04:54:00,success,11354,178,
R000932,ats_vacancies,2025-06-05,2025-06-05 02:12:00,success,14641,287,
R000933,stripe_invoices,2025-06-05,2025-06-05 02:46:00,success,9802,200,
R000934,ga4_sessions,2025-06-05,2025-06-05 05:26:00,success,7061,917,
R000935,ads_spend,2025-06-05,2025-06-05 03:27:00,success,17307,213,
R000936,hubspot_leads,2025-06-05,2025-06-05 02:19:00,success,15585,212,
R000937,ats_submittals,2025-06-06,2025-06-06 05:54:00,success,12325,249,
R000938,ats_vacancies,2025-06-06,2025-06-06 05:42:00,success,11573,275,
R000939,stripe_invoices,2025-06-06,2025-06-06 04:12:00,success,8426,199,
R000940,ga4_sessions,2025-06-06,2025-06-06 04:11:00,success,17598,796,
R000941,ads_spend,2025-06-06,2025-06-06 02:12:00,success,13837,195,
R000942,hubspot_leads,2025-06-06,2025-06-06 02:36:00,success,12504,199,
R000943,ats_submittals,2025-06-07,2025-06-07 04:27:00,success,3361,153,
R000944,ats_vacancies,2025-06-07,2025-06-07 03:37:00,success,2376,125,
R000945,stripe_invoices,2025-06-07,2025-06-07 03:46:00,success,2184,197,
R000946,ga4_sessions,2025-06-07,2025-06-07 05:36:00,success,2525,649,
R000947,ads_spend,2025-06-07,2025-06-07 04:49:00,success,3553,216,
R000948,hubspot_leads,2025-06-07,2025-06-07 02:39:00,success,3404,167,
R000949,ats_submittals,2025-06-08,2025-06-08 02:46:00,success,3222,88,
R000950,ats_vacancies,2025-06-08,2025-06-08 02:55:00,success,3813,192,
R000951,stripe_invoices,2025-06-08,2025-06-08 05:43:00,success,4118,69,
R000952,ga4_sessions,2025-06-08,2025-06-08 02:33:00,success,1337,455,
R000953,ads_spend,2025-06-08,2025-06-08 05:43:00,failed,0,72,Schema drift: new column
R000954,hubspot_leads,2025-06-08,2025-06-08 02:36:00,success,2144,258,
R000955,ats_submittals,2025-06-09,2025-06-09 05:23:00,success,3551,266,
R000956,ats_vacancies,2025-06-09,2025-06-09 05:58:00,success,5171,281,
R000957,stripe_invoices,2025-06-09,2025-06-09 03:26:00,success,16533,148,
R000958,ga4_sessions,2025-06-09,2025-06-09 03:17:00,success,11161,763,
R000959,ads_spend,2025-06-09,2025-06-09 05:49:00,success,11717,265,
R000960,hubspot_leads,2025-06-09,2025-06-09 03:12:00,success,15237,286,
R000961,ats_submittals,2025-06-10,2025-06-10 02:41:00,success,10335,174,
R000962,ats_vacancies,2025-06-10,2025-06-10 03:43:00,success,8568,228,
R000963,stripe_invoices,2025-06-10,2025-06-10 04:55:00,success,14996,224,
R000964,ga4_sessions,2025-06-10,2025-06-10 05:53:00,success,18770,602,
R000965,ads_spend,2025-06-10,2025-06-10 02:30:00,success,9577,180,
R000966,hubspot_leads,2025-06-10,2025-06-10 03:49:00,success,11351,381,
R000967,ats_submittals,2025-06-11,2025-06-11 03:33:00,success,10751,171,
R000968,ats_vacancies,2025-06-11,2025-06-11 04:17:00,success,10799,174,
R000969,stripe_invoices,2025-06-11,2025-06-11 02:25:00,success,12205,145,
R000970,ga4_sessions,2025-06-11,2025-06-11 02:15:00,success,9346,544,
R000971,ads_spend,2025-06-11,2025-06-11 03:45:00,success,5001,158,
R000972,hubspot_leads,2025-06-11,2025-06-11 02:12:00,failed,0,144,Auth token expired
R000973,ats_submittals,2025-06-12,2025-06-12 04:56:00,success,12879,312,
R000974,ats_vacancies,2025-06-12,2025-06-12 02:25:00,success,12544,249,
R000975,stripe_invoices,2025-06-12,2025-06-12 05:31:00,success,7900,240,
R000976,ga4_sessions,2025-06-12,2025-06-12 02:33:00,success,11819,697,
R000977,ads_spend,2025-06-12,2025-06-12 02:31:00,success,8294,215,
R000978,hubspot_leads,2025-06-12,2025-06-12 02:48:00,success,13978,166,
R000979,ats_submittals,2025-06-13,2025-06-13 05:25:00,success,14731,368,
R000980,ats_vacancies,2025-06-13,2025-06-13 05:28:00,success,13756,210,
R000981,stripe_invoices,2025-06-13,2025-06-13 05:39:00,success,12592,116,
R000982,ga4_sessions,2025-06-13,2025-06-13 03:55:00,success,10361,1016,
R000983,ads_spend,2025-06-13,2025-06-13 02:15:00,failed,0,217,Source returned 0 rows
R000984,hubspot_leads,2025-06-13,2025-06-13 05:10:00,success,10496,289,
R000985,ats_submittals,2025-06-14,2025-06-14 05:14:00,success,2547,381,
R000986,ats_vacancies,2025-06-14,2025-06-14 04:18:00,success,3759,261,
R000987,stripe_invoices,2025-06-14,2025-06-14 05:38:00,success,2355,175,
R000988,ga4_sessions,2025-06-14,2025-06-14 04:40:00,success,2064,587,
R000989,ads_spend,2025-06-14,2025-06-14 02:28:00,success,3461,210,
R000990,hubspot_leads,2025-06-14,2025-06-14 02:24:00,success,3897,43,
R000991,ats_submittals,2025-06-15,2025-06-15 02:33:00,success,1154,215,
R000992,ats_vacancies,2025-06-15,2025-06-15 03:53:00,success,2723,259,
R000993,stripe_invoices,2025-06-15,2025-06-15 02:40:00,success,2140,230,
R000994,ga4_sessions,2025-06-15,2025-06-15 03:17:00,success,604,339,
R000995,ads_spend,2025-06-15,2025-06-15 05:59:00,success,1900,297,
R000996,hubspot_leads,2025-06-15,2025-06-15 03:45:00,success,1432,254,
R000997,ats_submittals,2025-06-16,2025-06-16 05:56:00,success,6513,336,
R000998,ats_vacancies,2025-06-16,2025-06-16 04:32:00,success,9952,140,
R000999,stripe_invoices,2025-06-16,2025-06-16 04:59:00,success,6591,232,
R001000,ga4_sessions,2025-06-16,2025-06-16 05:45:00,success,11769,655,
R001001,ads_spend,2025-06-16,2025-06-16 05:36:00,success,9342,140,
R001002,hubspot_leads,2025-06-16,2025-06-16 05:48:00,success,10227,240,
R001003,ats_submittals,2025-06-17,2025-06-17 03:12:00,success,8532,363,
R001004,ats_vacancies,2025-06-17,2025-06-17 04:20:00,success,7100,188,
R001005,stripe_invoices,2025-06-17,2025-06-17 04:31:00,success,9342,238,
R001006,ga4_sessions,2025-06-17,2025-06-17 05:43:00,failed,0,849,Schema drift: new column
R001007,ads_spend,2025-06-17,2025-06-17 04:24:00,success,14349,221,
R001008,hubspot_leads,2025-06-17,2025-06-17 05:44:00,success,14834,221,
R001009,ats_submittals,2025-06-18,2025-06-18 04:47:00,failed,0,146,Timeout after 900s
R001010,ats_vacancies,2025-06-18,2025-06-18 02:37:00,success,15012,232,
R001011,stripe_invoices,2025-06-18,2025-06-18 03:27:00,success,4525,254,
R001012,ga4_sessions,2025-06-18,2025-06-18 05:39:00,success,15628,566,
R001013,ads_spend,2025-06-18,2025-06-18 02:10:00,success,11665,187,
R001014,hubspot_leads,2025-06-18,2025-06-18 02:46:00,failed,0,107,Duplicate key on merge
R001015,ats_submittals,2025-06-19,2025-06-19 03:11:00,success,15987,269,
R001016,ats_vacancies,2025-06-19,2025-06-19 05:52:00,success,16700,183,
R001017,stripe_invoices,2025-06-19,2025-06-19 05:18:00,success,11217,226,
R001018,ga4_sessions,2025-06-19,2025-06-19 04:44:00,success,4777,872,
R001019,ads_spend,2025-06-19,2025-06-19 05:35:00,success,6804,257,
R001020,hubspot_leads,2025-06-19,2025-06-19 03:15:00,success,11118,186,
R001021,ats_submittals,2025-06-20,2025-06-20 02:47:00,success,13496,94,
R001022,ats_vacancies,2025-06-20,2025-06-20 02:46:00,success,8366,101,
R001023,stripe_invoices,2025-06-20,2025-06-20 04:16:00,success,8658,138,
R001024,ga4_sessions,2025-06-20,2025-06-20 04:27:00,success,10291,862,
R001025,ads_spend,2025-06-20,2025-06-20 05:56:00,success,10777,139,
R001026,hubspot_leads,2025-06-20,2025-06-20 04:51:00,success,10271,281,
R001027,ats_submittals,2025-06-21,2025-06-21 05:31:00,success,3417,338,
R001028,ats_vacancies,2025-06-21,2025-06-21 05:47:00,success,2678,136,
R001029,stripe_invoices,2025-06-21,2025-06-21 04:46:00,success,3079,315,
R001030,ga4_sessions,2025-06-21,2025-06-21 04:57:00,success,3079,766,
R001031,ads_spend,2025-06-21,2025-06-21 03:54:00,success,3806,223,
R001032,hubspot_leads,2025-06-21,2025-06-21 02:22:00,success,2609,264,
R001033,ats_submittals,2025-06-22,2025-06-22 03:29:00,success,2977,230,
R001034,ats_vacancies,2025-06-22,2025-06-22 05:11:00,success,3089,248,
R001035,stripe_invoices,2025-06-22,2025-06-22 02:18:00,success,4109,167,
R001036,ga4_sessions,2025-06-22,2025-06-22 02:56:00,success,4913,713,
R001037,ads_spend,2025-06-22,2025-06-22 03:55:00,success,1841,193,
R001038,hubspot_leads,2025-06-22,2025-06-22 03:54:00,success,3953,139,
R001039,ats_submittals,2025-06-23,2025-06-23 04:41:00,success,11425,134,
R001040,ats_vacancies,2025-06-23,2025-06-23 02:59:00,success,11434,119,
R001041,stripe_invoices,2025-06-23,2025-06-23 05:41:00,success,11693,232,
R001042,ga4_sessions,2025-06-23,2025-06-23 02:42:00,success,6012,778,
R001043,ads_spend,2025-06-23,2025-06-23 05:45:00,success,9316,132,
R001044,hubspot_leads,2025-06-23,2025-06-23 03:42:00,success,16012,189,
R001045,ats_submittals,2025-06-24,2025-06-24 05:58:00,success,15258,184,
R001046,ats_vacancies,2025-06-24,2025-06-24 03:33:00,success,10256,250,
R001047,stripe_invoices,2025-06-24,2025-06-24 04:52:00,success,15717,96,
R001048,ga4_sessions,2025-06-24,2025-06-24 05:36:00,success,12715,457,
R001049,ads_spend,2025-06-24,2025-06-24 03:10:00,success,11609,279,
R001050,hubspot_leads,2025-06-24,2025-06-24 03:16:00,success,18077,151,
R001051,ats_submittals,2025-06-25,2025-06-25 03:53:00,success,13340,239,
R001052,ats_vacancies,2025-06-25,2025-06-25 04:41:00,success,10676,211,
R001053,stripe_invoices,2025-06-25,2025-06-25 03:54:00,success,8809,236,
R001054,ga4_sessions,2025-06-25,2025-06-25 03:31:00,success,16011,334,
R001055,ads_spend,2025-06-25,2025-06-25 03:53:00,success,9959,331,
R001056,hubspot_leads,2025-06-25,2025-06-25 04:22:00,success,5709,244,
R001057,ats_submittals,2025-06-26,2025-06-26 05:52:00,success,4102,61,
R001058,ats_vacancies,2025-06-26,2025-06-26 03:16:00,success,14307,209,
R001059,stripe_invoices,2025-06-26,2025-06-26 03:24:00,success,10567,125,
R001060,ga4_sessions,2025-06-26,2025-06-26 02:39:00,success,3255,975,
R001061,ads_spend,2025-06-26,2025-06-26 04:40:00,success,10467,353,
R001062,hubspot_leads,2025-06-26,2025-06-26 04:56:00,success,11478,182,
R001063,ats_submittals,2025-06-27,2025-06-27 05:17:00,success,8988,255,
R001064,ats_vacancies,2025-06-27,2025-06-27 02:50:00,success,7852,254,
R001065,stripe_invoices,2025-06-27,2025-06-27 04:10:00,success,13750,165,
R001066,ga4_sessions,2025-06-27,2025-06-27 04:57:00,success,11562,655,
R001067,ads_spend,2025-06-27,2025-06-27 04:14:00,success,11386,91,
R001068,hubspot_leads,2025-06-27,2025-06-27 03:34:00,success,8115,229,
R001069,ats_submittals,2025-06-28,2025-06-28 02:56:00,success,3262,235,
R001070,ats_vacancies,2025-06-28,2025-06-28 04:41:00,success,2332,201,
R001071,stripe_invoices,2025-06-28,2025-06-28 03:51:00,success,2638,161,
R001072,ga4_sessions,2025-06-28,2025-06-28 03:19:00,success,2864,848,
R001073,ads_spend,2025-06-28,2025-06-28 03:25:00,success,3583,165,
R001074,hubspot_leads,2025-06-28,2025-06-28 04:52:00,success,2723,233,
R001075,ats_submittals,2025-06-29,2025-06-29 03:49:00,success,1360,256,
R001076,ats_vacancies,2025-06-29,2025-06-29 04:52:00,success,2556,315,
R001077,stripe_invoices,2025-06-29,2025-06-29 04:21:00,success,2929,233,
R001078,ga4_sessions,2025-06-29,2025-06-29 05:59:00,success,4275,345,
R001079,ads_spend,2025-06-29,2025-06-29 04:18:00,success,3125,224,
R001080,hubspot_leads,2025-06-29,2025-06-29 04:42:00,success,2658,130,
R001081,ats_submittals,2025-06-30,2025-06-30 02:56:00,success,15227,206,
R001082,ats_vacancies,2025-06-30,2025-06-30 05:53:00,success,8727,212,
R001083,stripe_invoices,2025-06-30,2025-06-30 02:20:00,success,16439,194,
R001084,ga4_sessions,2025-06-30,2025-06-30 05:29:00,success,12587,839,
R001085,ads_spend,2025-06-30,2025-06-30 04:50:00,success,11801,153,
R001086,hubspot_leads,2025-06-30,2025-06-30 04:15:00,success,13414,176,
R001087,ats_submittals,2025-07-01,2025-07-01 03:51:00,success,8690,238,
R001088,ats_vacancies,2025-07-01,2025-07-01 02:11:00,success,8026,233,
R001089,stripe_invoices,2025-07-01,2025-07-01 03:50:00,success,10962,337,
R001090,ga4_sessions,2025-07-01,2025-07-01 04:29:00,success,13659,474,
R001091,ads_spend,2025-07-01,2025-07-01 03:21:00,success,9601,246,
R001092,hubspot_leads,2025-07-01,2025-07-01 02:55:00,success,14146,292,
R001093,ats_submittals,2025-07-02,2025-07-02 02:22:00,success,8040,286,
R001094,ats_vacancies,2025-07-02,2025-07-02 02:36:00,success,10240,182,
R001095,stripe_invoices,2025-07-02,2025-07-02 04:49:00,success,9679,162,
R001096,ga4_sessions,2025-07-02,2025-07-02 05:47:00,success,5533,995,
R001097,ads_spend,2025-07-02,2025-07-02 02:40:00,success,10205,290,
R001098,hubspot_leads,2025-07-02,2025-07-02 05:42:00,failed,0,86,Schema drift: new column
R001099,ats_submittals,2025-07-03,2025-07-03 04:10:00,success,17802,222,
R001100,ats_vacancies,2025-07-03,2025-07-03 05:15:00,success,10533,197,
R001101,stripe_invoices,2025-07-03,2025-07-03 04:30:00,success,13930,182,
R001102,ga4_sessions,2025-07-03,2025-07-03 04:38:00,success,15257,711,
R001103,ads_spend,2025-07-03,2025-07-03 05:10:00,success,9389,288,
R001104,hubspot_leads,2025-07-03,2025-07-03 04:15:00,success,9041,228,
R001105,ats_submittals,2025-07-04,2025-07-04 05:21:00,success,9882,225,
R001106,ats_vacancies,2025-07-04,2025-07-04 04:15:00,success,13299,244,
R001107,stripe_invoices,2025-07-04,2025-07-04 03:44:00,success,5137,291,
R001108,ga4_sessions,2025-07-04,2025-07-04 05:56:00,failed,0,530,Duplicate key on merge
R001109,ads_spend,2025-07-04,2025-07-04 05:27:00,success,5355,319,
R001110,hubspot_leads,2025-07-04,2025-07-04 04:19:00,success,9854,160,
R001111,ats_submittals,2025-07-05,2025-07-05 02:41:00,success,2630,240,
R001112,ats_vacancies,2025-07-05,2025-07-05 05:10:00,success,1249,179,
R001113,stripe_invoices,2025-07-05,2025-07-05 03:56:00,success,2137,333,
R001114,ga4_sessions,2025-07-05,2025-07-05 04:32:00,success,3727,449,
R001115,ads_spend,2025-07-05,2025-07-05 05:58:00,success,2984,164,
R001116,hubspot_leads,2025-07-05,2025-07-05 05:44:00,success,3978,179,
R001117,ats_submittals,2025-07-06,2025-07-06 02:36:00,success,1799,157,
R001118,ats_vacancies,2025-07-06,2025-07-06 03:14:00,success,3435,185,
R001119,stripe_invoices,2025-07-06,2025-07-06 04:43:00,success,2425,242,
R001120,ga4_sessions,2025-07-06,2025-07-06 05:43:00,success,1834,608,
R001121,ads_spend,2025-07-06,2025-07-06 05:58:00,success,1155,239,
R001122,hubspot_leads,2025-07-06,2025-07-06 04:20:00,success,2701,257,
R001123,ats_submittals,2025-07-07,2025-07-07 05:31:00,success,7913,273,
R001124,ats_vacancies,2025-07-07,2025-07-07 05:59:00,success,4433,155,
R001125,stripe_invoices,2025-07-07,2025-07-07 04:21:00,success,15466,165,
R001126,ga4_sessions,2025-07-07,2025-07-07 05:52:00,success,10469,894,
R001127,ads_spend,2025-07-07,2025-07-07 05:14:00,success,10809,220,
R001128,hubspot_leads,2025-07-07,2025-07-07 02:33:00,success,11531,56,
R001129,ats_submittals,2025-07-08,2025-07-08 02:57:00,success,7159,331,
R001130,ats_vacancies,2025-07-08,2025-07-08 04:55:00,success,10401,243,
R001131,stripe_invoices,2025-07-08,2025-07-08 05:54:00,success,16348,189,
R001132,ga4_sessions,2025-07-08,2025-07-08 03:27:00,success,12479,836,
R001133,ads_spend,2025-07-08,2025-07-08 04:27:00,success,16455,329,
R001134,hubspot_leads,2025-07-08,2025-07-08 03:34:00,success,5944,126,
R001135,ats_submittals,2025-07-09,2025-07-09 02:24:00,success,5134,105,
R001136,ats_vacancies,2025-07-09,2025-07-09 05:48:00,failed,0,199,Auth token expired
R001137,stripe_invoices,2025-07-09,2025-07-09 04:19:00,success,10277,110,
R001138,ga4_sessions,2025-07-09,2025-07-09 03:33:00,success,14760,910,
R001139,ads_spend,2025-07-09,2025-07-09 02:45:00,success,11055,215,
R001140,hubspot_leads,2025-07-09,2025-07-09 03:14:00,success,11222,84,
R001141,ats_submittals,2025-07-10,2025-07-10 04:19:00,success,10914,294,
R001142,ats_vacancies,2025-07-10,2025-07-10 04:18:00,success,12072,349,
R001143,stripe_invoices,2025-07-10,2025-07-10 04:32:00,success,7837,160,
R001144,ga4_sessions,2025-07-10,2025-07-10 02:46:00,success,10534,681,
R001145,ads_spend,2025-07-10,2025-07-10 02:18:00,success,6060,247,
R001146,hubspot_leads,2025-07-10,2025-07-10 05:37:00,success,9609,128,
R001147,ats_submittals,2025-07-11,2025-07-11 03:21:00,success,14087,237,
R001148,ats_vacancies,2025-07-11,2025-07-11 04:50:00,success,10459,180,
R001149,stripe_invoices,2025-07-11,2025-07-11 05:25:00,success,10677,141,
R001150,ga4_sessions,2025-07-11,2025-07-11 05:36:00,success,12409,405,
R001151,ads_spend,2025-07-11,2025-07-11 03:28:00,success,13602,188,
R001152,hubspot_leads,2025-07-11,2025-07-11 03:32:00,success,6744,290,
R001153,ats_submittals,2025-07-12,2025-07-12 03:12:00,success,1628,318,
R001154,ats_vacancies,2025-07-12,2025-07-12 04:49:00,success,2640,111,
R001155,stripe_invoices,2025-07-12,2025-07-12 04:46:00,success,4137,371,
R001156,ga4_sessions,2025-07-12,2025-07-12 03:28:00,success,2684,726,
R001157,ads_spend,2025-07-12,2025-07-12 04:11:00,success,1676,188,
R001158,hubspot_leads,2025-07-12,2025-07-12 05:49:00,success,2207,225,
R001159,ats_submittals,2025-07-13,2025-07-13 02:35:00,success,3074,50,
R001160,ats_vacancies,2025-07-13,2025-07-13 05:33:00,success,830,122,
R001161,stripe_invoices,2025-07-13,2025-07-13 02:32:00,success,2584,236,
R001162,ga4_sessions,2025-07-13,2025-07-13 03:42:00,success,2446,796,
R001163,ads_spend,2025-07-13,2025-07-13 03:32:00,success,2068,262,
R001164,hubspot_leads,2025-07-13,2025-07-13 05:26:00,success,1053,109,
R001165,ats_submittals,2025-07-14,2025-07-14 04:56:00,success,10648,213,
R001166,ats_vacancies,2025-07-14,2025-07-14 02:50:00,success,5960,157,
R001167,stripe_invoices,2025-07-14,2025-07-14 04:16:00,success,9969,232,
R001168,ga4_sessions,2025-07-14,2025-07-14 04:36:00,success,16800,906,
R001169,ads_spend,2025-07-14,2025-07-14 04:20:00,success,10690,155,
R001170,hubspot_leads,2025-07-14,2025-07-14 04:23:00,success,8367,193,
R001171,ats_submittals,2025-07-15,2025-07-15 05:28:00,success,11775,275,
R001172,ats_vacancies,2025-07-15,2025-07-15 02:31:00,success,11261,170,
R001173,stripe_invoices,2025-07-15,2025-07-15 02:33:00,success,11886,318,
R001174,ga4_sessions,2025-07-15,2025-07-15 04:54:00,success,12634,661,
R001175,ads_spend,2025-07-15,2025-07-15 05:47:00,success,10617,238,
R001176,hubspot_leads,2025-07-15,2025-07-15 02:44:00,success,9820,244,
R001177,ats_submittals,2025-07-16,2025-07-16 05:35:00,success,8284,307,
R001178,ats_vacancies,2025-07-16,2025-07-16 04:59:00,success,12125,234,
R001179,stripe_invoices,2025-07-16,2025-07-16 05:33:00,success,10435,192,
R001180,ga4_sessions,2025-07-16,2025-07-16 02:11:00,success,8782,739,
R001181,ads_spend,2025-07-16,2025-07-16 02:17:00,failed,0,138,Schema drift: new column
R001182,hubspot_leads,2025-07-16,2025-07-16 04:54:00,success,6622,66,
R001183,ats_submittals,2025-07-17,2025-07-17 02:39:00,success,16636,304,
R001184,ats_vacancies,2025-07-17,2025-07-17 02:28:00,success,12523,197,
R001185,stripe_invoices,2025-07-17,2025-07-17 03:51:00,success,10376,258,
R001186,ga4_sessions,2025-07-17,2025-07-17 05:26:00,success,12881,855,
R001187,ads_spend,2025-07-17,2025-07-17 03:15:00,success,10262,258,
R001188,hubspot_leads,2025-07-17,2025-07-17 05:26:00,success,12012,177,
R001189,ats_submittals,2025-07-18,2025-07-18 02:31:00,success,14792,259,
R001190,ats_vacancies,2025-07-18,2025-07-18 03:10:00,success,11496,188,
R001191,stripe_invoices,2025-07-18,2025-07-18 03:33:00,success,6819,335,
R001192,ga4_sessions,2025-07-18,2025-07-18 04:22:00,success,17257,580,
R001193,ads_spend,2025-07-18,2025-07-18 02:45:00,success,13203,213,
R001194,hubspot_leads,2025-07-18,2025-07-18 04:32:00,success,5224,161,
R001195,ats_submittals,2025-07-19,2025-07-19 03:39:00,success,2851,255,
R001196,ats_vacancies,2025-07-19,2025-07-19 02:37:00,success,1876,294,
R001197,stripe_invoices,2025-07-19,2025-07-19 02:45:00,success,2944,163,
R001198,ga4_sessions,2025-07-19,2025-07-19 03:48:00,success,3867,254,
R001199,ads_spend,2025-07-19,2025-07-19 03:24:00,success,1054,138,
R001200,hubspot_leads,2025-07-19,2025-07-19 02:31:00,success,4143,25,
R001201,ats_submittals,2025-07-20,2025-07-20 02:14:00,success,2754,202,
R001202,ats_vacancies,2025-07-20,2025-07-20 04:18:00,success,3596,280,
R001203,stripe_invoices,2025-07-20,2025-07-20 05:57:00,success,3097,214,
R001204,ga4_sessions,2025-07-20,2025-07-20 02:34:00,success,2805,896,
R001205,ads_spend,2025-07-20,2025-07-20 02:44:00,success,3868,273,
R001206,hubspot_leads,2025-07-20,2025-07-20 05:34:00,success,3130,164,
R001207,ats_submittals,2025-07-21,2025-07-21 04:26:00,success,11407,181,
R001208,ats_vacancies,2025-07-21,2025-07-21 03:44:00,success,12530,270,
R001209,stripe_invoices,2025-07-21,2025-07-21 05:37:00,success,8193,104,
R001210,ga4_sessions,2025-07-21,2025-07-21 04:11:00,success,8711,526,
R001211,ads_spend,2025-07-21,2025-07-21 03:18:00,success,4574,144,
R001212,hubspot_leads,2025-07-21,2025-07-21 02:12:00,success,10624,196,
R001213,ats_submittals,2025-07-22,2025-07-22 03:11:00,success,8785,171,
R001214,ats_vacancies,2025-07-22,2025-07-22 05:26:00,success,8112,195,
R001215,stripe_invoices,2025-07-22,2025-07-22 03:35:00,success,16572,342,
R001216,ga4_sessions,2025-07-22,2025-07-22 02:34:00,success,16761,567,
R001217,ads_spend,2025-07-22,2025-07-22 03:11:00,success,8083,211,
R001218,hubspot_leads,2025-07-22,2025-07-22 04:58:00,success,11794,199,
R001219,ats_submittals,2025-07-23,2025-07-23 04:59:00,success,13408,195,
R001220,ats_vacancies,2025-07-23,2025-07-23 02:34:00,success,5637,230,
R001221,stripe_invoices,2025-07-23,2025-07-23 02:43:00,success,12733,243,
R001222,ga4_sessions,2025-07-23,2025-07-23 05:19:00,success,17011,385,
R001223,ads_spend,2025-07-23,2025-07-23 04:35:00,success,4565,215,
R001224,hubspot_leads,2025-07-23,2025-07-23 05:31:00,success,9214,440,
R001225,ats_submittals,2025-07-24,2025-07-24 02:30:00,success,6104,253,
R001226,ats_vacancies,2025-07-24,2025-07-24 04:54:00,success,9812,343,
R001227,stripe_invoices,2025-07-24,2025-07-24 02:11:00,success,8473,268,
R001228,ga4_sessions,2025-07-24,2025-07-24 05:18:00,success,15388,454,
R001229,ads_spend,2025-07-24,2025-07-24 05:58:00,success,11462,275,
R001230,hubspot_leads,2025-07-24,2025-07-24 05:54:00,success,13716,153,
R001231,ats_submittals,2025-07-25,2025-07-25 02:48:00,success,14333,171,
R001232,ats_vacancies,2025-07-25,2025-07-25 05:17:00,success,4874,178,
R001233,stripe_invoices,2025-07-25,2025-07-25 03:46:00,success,9696,204,
R001234,ga4_sessions,2025-07-25,2025-07-25 04:24:00,success,3491,811,
R001235,ads_spend,2025-07-25,2025-07-25 02:29:00,success,10794,321,
R001236,hubspot_leads,2025-07-25,2025-07-25 04:16:00,success,8708,223,
R001237,ats_submittals,2025-07-26,2025-07-26 04:13:00,success,3353,149,
R001238,ats_vacancies,2025-07-26,2025-07-26 02:31:00,success,2940,186,
R001239,stripe_invoices,2025-07-26,2025-07-26 05:11:00,success,3956,271,
R001240,ga4_sessions,2025-07-26,2025-07-26 03:30:00,success,2041,963,
R001241,ads_spend,2025-07-26,2025-07-26 04:31:00,success,2723,228,
R001242,hubspot_leads,2025-07-26,2025-07-26 05:42:00,success,2520,271,
R001243,ats_submittals,2025-07-27,2025-07-27 05:37:00,success,2135,164,
R001244,ats_vacancies,2025-07-27,2025-07-27 05:23:00,success,2726,268,
R001245,stripe_invoices,2025-07-27,2025-07-27 03:43:00,success,3566,159,
R001246,ga4_sessions,2025-07-27,2025-07-27 03:35:00,success,2796,888,
R001247,ads_spend,2025-07-27,2025-07-27 02:39:00,success,3191,223,
R001248,hubspot_leads,2025-07-27,2025-07-27 05:12:00,success,2335,274,
R001249,ats_submittals,2025-07-28,2025-07-28 04:12:00,success,11503,222,
R001250,ats_vacancies,2025-07-28,2025-07-28 03:54:00,success,12347,196,
R001251,stripe_invoices,2025-07-28,2025-07-28 04:25:00,success,7801,299,
R001252,ga4_sessions,2025-07-28,2025-07-28 04:17:00,success,5357,775,
R001253,ads_spend,2025-07-28,2025-07-28 05:28:00,success,9866,159,
R001254,hubspot_leads,2025-07-28,2025-07-28 05:37:00,success,16441,146,
R001255,ats_submittals,2025-07-29,2025-07-29 05:37:00,success,3898,154,
R001256,ats_vacancies,2025-07-29,2025-07-29 04:17:00,success,8609,381,
R001257,stripe_invoices,2025-07-29,2025-07-29 05:24:00,success,12250,273,
R001258,ga4_sessions,2025-07-29,2025-07-29 02:17:00,success,6508,927,
R001259,ads_spend,2025-07-29,2025-07-29 05:31:00,success,6343,341,
R001260,hubspot_leads,2025-07-29,2025-07-29 05:13:00,success,15759,245,
R001261,ats_submittals,2025-07-30,2025-07-30 03:49:00,success,10352,276,
R001262,ats_vacancies,2025-07-30,2025-07-30 04:35:00,success,11391,207,
R001263,stripe_invoices,2025-07-30,2025-07-30 04:32:00,success,6973,145,
R001264,ga4_sessions,2025-07-30,2025-07-30 03:13:00,success,14102,944,
R001265,ads_spend,2025-07-30,2025-07-30 05:31:00,success,14433,145,
R001266,hubspot_leads,2025-07-30,2025-07-30 03:22:00,success,11803,241,
R001267,ats_submittals,2025-07-31,2025-07-31 03:55:00,success,15309,227,
R001268,ats_vacancies,2025-07-31,2025-07-31 04:49:00,success,7599,277,
R001269,stripe_invoices,2025-07-31,2025-07-31 03:59:00,success,8773,294,
R001270,ga4_sessions,2025-07-31,2025-07-31 03:25:00,success,10275,605,
R001271,ads_spend,2025-07-31,2025-07-31 03:47:00,success,8302,185,
R001272,hubspot_leads,2025-07-31,2025-07-31 02:59:00,success,4451,312,
R001273,ats_submittals,2025-08-01,2025-08-01 04:30:00,success,12030,217,
R001274,ats_vacancies,2025-08-01,2025-08-01 02:10:00,success,11839,72,
R001275,stripe_invoices,2025-08-01,2025-08-01 02:51:00,success,10829,161,
R001276,ga4_sessions,2025-08-01,2025-08-01 04:40:00,success,15524,419,
R001277,ads_spend,2025-08-01,2025-08-01 04:36:00,success,13083,88,
R001278,hubspot_leads,2025-08-01,2025-08-01 02:43:00,success,9633,186,
R001279,ats_submittals,2025-08-02,2025-08-02 05:16:00,success,3834,144,
R001280,ats_vacancies,2025-08-02,2025-08-02 04:32:00,success,2980,105,
R001281,stripe_invoices,2025-08-02,2025-08-02 02:38:00,success,2534,260,
R001282,ga4_sessions,2025-08-02,2025-08-02 03:19:00,success,1025,692,
R001283,ads_spend,2025-08-02,2025-08-02 04:38:00,failed,0,285,Timeout after 900s
R001284,hubspot_leads,2025-08-02,2025-08-02 05:13:00,success,3386,218,
R001285,ats_submittals,2025-08-03,2025-08-03 05:54:00,success,3993,184,
R001286,ats_vacancies,2025-08-03,2025-08-03 04:51:00,success,3243,191,
R001287,stripe_invoices,2025-08-03,2025-08-03 03:38:00,success,2542,300,
R001288,ga4_sessions,2025-08-03,2025-08-03 03:10:00,success,3426,1079,
R001289,ads_spend,2025-08-03,2025-08-03 05:13:00,success,4567,206,
R001290,hubspot_leads,2025-08-03,2025-08-03 04:35:00,success,1879,174,
R001291,ats_submittals,2025-08-04,2025-08-04 05:22:00,success,9797,107,
R001292,ats_vacancies,2025-08-04,2025-08-04 02:41:00,success,11834,307,
R001293,stripe_invoices,2025-08-04,2025-08-04 03:48:00,success,5106,208,
R001294,ga4_sessions,2025-08-04,2025-08-04 02:13:00,success,12277,923,
R001295,ads_spend,2025-08-04,2025-08-04 03:49:00,success,13008,176,
R001296,hubspot_leads,2025-08-04,2025-08-04 03:45:00,success,8703,326,
R001297,ats_submittals,2025-08-05,2025-08-05 05:27:00,success,11584,273,
R001298,ats_vacancies,2025-08-05,2025-08-05 04:28:00,success,7010,342,
R001299,stripe_invoices,2025-08-05,2025-08-05 02:25:00,success,11771,220,
R001300,ga4_sessions,2025-08-05,2025-08-05 05:44:00,success,11289,1273,
R001301,ads_spend,2025-08-05,2025-08-05 03:27:00,success,14641,241,
R001302,hubspot_leads,2025-08-05,2025-08-05 05:37:00,success,10837,196,
R001303,ats_submittals,2025-08-06,2025-08-06 03:49:00,success,13245,171,
R001304,ats_vacancies,2025-08-06,2025-08-06 04:43:00,success,11092,77,
R001305,stripe_invoices,2025-08-06,2025-08-06 04:11:00,success,12274,146,
R001306,ga4_sessions,2025-08-06,2025-08-06 04:30:00,success,14735,515,
R001307,ads_spend,2025-08-06,2025-08-06 02:58:00,failed,0,239,API rate limit exceeded
R001308,hubspot_leads,2025-08-06,2025-08-06 02:59:00,success,9458,377,
R001309,ats_submittals,2025-08-07,2025-08-07 03:37:00,success,10642,240,
R001310,ats_vacancies,2025-08-07,2025-08-07 03:24:00,success,7768,284,
R001311,stripe_invoices,2025-08-07,2025-08-07 02:12:00,success,10310,229,
R001312,ga4_sessions,2025-08-07,2025-08-07 05:32:00,success,9440,600,
R001313,ads_spend,2025-08-07,2025-08-07 04:27:00,success,6788,219,
R001314,hubspot_leads,2025-08-07,2025-08-07 05:15:00,success,5362,283,
R001315,ats_submittals,2025-08-08,2025-08-08 05:57:00,success,13833,235,
R001316,ats_vacancies,2025-08-08,2025-08-08 02:14:00,success,9615,245,
R001317,stripe_invoices,2025-08-08,2025-08-08 04:16:00,success,16010,189,
R001318,ga4_sessions,2025-08-08,2025-08-08 03:22:00,success,6425,512,
R001319,ads_spend,2025-08-08,2025-08-08 02:49:00,success,12642,227,
R001320,hubspot_leads,2025-08-08,2025-08-08 05:21:00,success,14550,159,
R001321,ats_submittals,2025-08-09,2025-08-09 05:15:00,success,3412,197,
R001322,ats_vacancies,2025-08-09,2025-08-09 04:26:00,success,4041,319,
R001323,stripe_invoices,2025-08-09,2025-08-09 04:37:00,success,1922,182,
R001324,ga4_sessions,2025-08-09,2025-08-09 05:33:00,success,2569,1027,
R001325,ads_spend,2025-08-09,2025-08-09 03:51:00,success,2588,356,
R001326,hubspot_leads,2025-08-09,2025-08-09 05:38:00,success,3667,355,
R001327,ats_submittals,2025-08-10,2025-08-10 02:53:00,success,2043,135,
R001328,ats_vacancies,2025-08-10,2025-08-10 04:23:00,success,4054,252,
R001329,stripe_invoices,2025-08-10,2025-08-10 04:28:00,success,2796,209,
R001330,ga4_sessions,2025-08-10,2025-08-10 05:29:00,success,2226,311,
R001331,ads_spend,2025-08-10,2025-08-10 02:18:00,success,3048,190,
R001332,hubspot_leads,2025-08-10,2025-08-10 03:21:00,success,2793,232,
R001333,ats_submittals,2025-08-11,2025-08-11 05:11:00,success,12963,140,
R001334,ats_vacancies,2025-08-11,2025-08-11 05:56:00,success,6738,119,
R001335,stripe_invoices,2025-08-11,2025-08-11 02:27:00,success,11794,256,
R001336,ga4_sessions,2025-08-11,2025-08-11 05:29:00,success,10951,373,
R001337,ads_spend,2025-08-11,2025-08-11 03:58:00,success,12200,173,
R001338,hubspot_leads,2025-08-11,2025-08-11 02:39:00,success,10989,259,
R001339,ats_submittals,2025-08-12,2025-08-12 02:41:00,success,12044,267,
R001340,ats_vacancies,2025-08-12,2025-08-12 03:24:00,success,12829,39,
R001341,stripe_invoices,2025-08-12,2025-08-12 02:30:00,success,5690,265,
R001342,ga4_sessions,2025-08-12,2025-08-12 02:27:00,success,15187,972,
R001343,ads_spend,2025-08-12,2025-08-12 02:24:00,success,15421,217,
R001344,hubspot_leads,2025-08-12,2025-08-12 02:24:00,success,9348,295,
R001345,ats_submittals,2025-08-13,2025-08-13 04:45:00,success,9110,146,
R001346,ats_vacancies,2025-08-13,2025-08-13 04:27:00,success,13665,295,
R001347,stripe_invoices,2025-08-13,2025-08-13 02:22:00,success,11505,148,
R001348,ga4_sessions,2025-08-13,2025-08-13 05:43:00,success,11940,818,
R001349,ads_spend,2025-08-13,2025-08-13 02:11:00,failed,0,218,API rate limit exceeded
R001350,hubspot_leads,2025-08-13,2025-08-13 02:36:00,success,12231,201,
R001351,ats_submittals,2025-08-14,2025-08-14 03:23:00,success,7904,273,
R001352,ats_vacancies,2025-08-14,2025-08-14 03:35:00,success,4950,64,
R001353,stripe_invoices,2025-08-14,2025-08-14 02:25:00,success,10165,269,
R001354,ga4_sessions,2025-08-14,2025-08-14 03:36:00,success,10490,292,
R001355,ads_spend,2025-08-14,2025-08-14 02:34:00,success,11654,299,
R001356,hubspot_leads,2025-08-14,2025-08-14 04:46:00,success,12604,159,
R001357,ats_submittals,2025-08-15,2025-08-15 04:12:00,success,7511,122,
R001358,ats_vacancies,2025-08-15,2025-08-15 02:27:00,success,9217,97,
R001359,stripe_invoices,2025-08-15,2025-08-15 04:56:00,success,10023,146,
R001360,ga4_sessions,2025-08-15,2025-08-15 03:42:00,success,12948,367,
R001361,ads_spend,2025-08-15,2025-08-15 03:19:00,success,7144,242,
R001362,hubspot_leads,2025-08-15,2025-08-15 03:42:00,success,6302,164,
R001363,ats_submittals,2025-08-16,2025-08-16 05:15:00,success,2675,156,
R001364,ats_vacancies,2025-08-16,2025-08-16 04:29:00,success,1647,269,
R001365,stripe_invoices,2025-08-16,2025-08-16 04:59:00,success,4666,213,
R001366,ga4_sessions,2025-08-16,2025-08-16 05:39:00,success,3005,847,
R001367,ads_spend,2025-08-16,2025-08-16 05:59:00,success,3000,135,
R001368,hubspot_leads,2025-08-16,2025-08-16 05:23:00,success,3325,216,
R001369,ats_submittals,2025-08-17,2025-08-17 04:15:00,failed,0,305,Schema drift: new column
R001370,ats_vacancies,2025-08-17,2025-08-17 04:49:00,success,2514,345,
R001371,stripe_invoices,2025-08-17,2025-08-17 04:53:00,success,3983,193,
R001372,ga4_sessions,2025-08-17,2025-08-17 02:27:00,success,2736,544,
R001373,ads_spend,2025-08-17,2025-08-17 04:12:00,success,2326,296,
R001374,hubspot_leads,2025-08-17,2025-08-17 03:15:00,success,1874,191,
R001375,ats_submittals,2025-08-18,2025-08-18 02:13:00,success,6536,320,
R001376,ats_vacancies,2025-08-18,2025-08-18 05:57:00,success,10662,96,
R001377,stripe_invoices,2025-08-18,2025-08-18 04:40:00,success,11721,105,
R001378,ga4_sessions,2025-08-18,2025-08-18 02:27:00,success,10853,915,
R001379,ads_spend,2025-08-18,2025-08-18 03:18:00,success,11321,175,
R001380,hubspot_leads,2025-08-18,2025-08-18 02:53:00,success,8461,251,
R001381,ats_submittals,2025-08-19,2025-08-19 02:10:00,success,5226,120,
R001382,ats_vacancies,2025-08-19,2025-08-19 04:13:00,failed,0,205,Source returned 0 rows
R001383,stripe_invoices,2025-08-19,2025-08-19 02:32:00,success,10705,231,
R001384,ga4_sessions,2025-08-19,2025-08-19 05:45:00,success,12871,1130,
R001385,ads_spend,2025-08-19,2025-08-19 03:27:00,success,12030,201,
R001386,hubspot_leads,2025-08-19,2025-08-19 02:52:00,success,10496,112,
R001387,ats_submittals,2025-08-20,2025-08-20 02:48:00,success,12650,137,
R001388,ats_vacancies,2025-08-20,2025-08-20 03:19:00,success,7680,311,
R001389,stripe_invoices,2025-08-20,2025-08-20 03:32:00,success,11698,136,
R001390,ga4_sessions,2025-08-20,2025-08-20 05:59:00,success,6280,649,
R001391,ads_spend,2025-08-20,2025-08-20 04:23:00,success,14619,333,
R001392,hubspot_leads,2025-08-20,2025-08-20 05:55:00,success,6481,271,
R001393,ats_submittals,2025-08-21,2025-08-21 05:10:00,success,7208,293,
R001394,ats_vacancies,2025-08-21,2025-08-21 04:35:00,success,11510,171,
R001395,stripe_invoices,2025-08-21,2025-08-21 02:14:00,success,14404,119,
R001396,ga4_sessions,2025-08-21,2025-08-21 03:52:00,success,11727,1051,
R001397,ads_spend,2025-08-21,2025-08-21 02:49:00,success,11038,232,
R001398,hubspot_leads,2025-08-21,2025-08-21 05:28:00,success,9519,282,
R001399,ats_submittals,2025-08-22,2025-08-22 05:26:00,success,12034,122,
R001400,ats_vacancies,2025-08-22,2025-08-22 03:57:00,success,19963,217,
R001401,stripe_invoices,2025-08-22,2025-08-22 02:22:00,success,14899,211,
R001402,ga4_sessions,2025-08-22,2025-08-22 04:49:00,success,15755,748,
R001403,ads_spend,2025-08-22,2025-08-22 02:21:00,success,11287,85,
R001404,hubspot_leads,2025-08-22,2025-08-22 03:37:00,success,8557,78,
R001405,ats_submittals,2025-08-23,2025-08-23 04:32:00,success,2970,109,
R001406,ats_vacancies,2025-08-23,2025-08-23 03:16:00,success,3352,232,
R001407,stripe_invoices,2025-08-23,2025-08-23 03:43:00,success,2815,159,
R001408,ga4_sessions,2025-08-23,2025-08-23 04:31:00,success,3521,442,
R001409,ads_spend,2025-08-23,2025-08-23 04:43:00,success,3847,312,
R001410,hubspot_leads,2025-08-23,2025-08-23 03:13:00,success,2298,179,
R001411,ats_submittals,2025-08-24,2025-08-24 05:32:00,success,3167,338,
R001412,ats_vacancies,2025-08-24,2025-08-24 02:13:00,success,3170,161,
R001413,stripe_invoices,2025-08-24,2025-08-24 04:12:00,success,1768,202,
R001414,ga4_sessions,2025-08-24,2025-08-24 04:19:00,success,2811,550,
R001415,ads_spend,2025-08-24,2025-08-24 05:12:00,success,3069,210,
R001416,hubspot_leads,2025-08-24,2025-08-24 05:53:00,success,3451,226,
R001417,ats_submittals,2025-08-25,2025-08-25 02:45:00,success,11083,313,
R001418,ats_vacancies,2025-08-25,2025-08-25 05:23:00,success,10506,226,
R001419,stripe_invoices,2025-08-25,2025-08-25 04:39:00,success,12308,290,
R001420,ga4_sessions,2025-08-25,2025-08-25 04:53:00,success,12082,554,
R001421,ads_spend,2025-08-25,2025-08-25 05:57:00,success,11504,176,
R001422,hubspot_leads,2025-08-25,2025-08-25 02:17:00,success,12704,67,
R001423,ats_submittals,2025-08-26,2025-08-26 04:36:00,success,13447,162,
R001424,ats_vacancies,2025-08-26,2025-08-26 04:59:00,success,12986,167,
R001425,stripe_invoices,2025-08-26,2025-08-26 03:36:00,success,12288,241,
R001426,ga4_sessions,2025-08-26,2025-08-26 02:22:00,success,10662,581,
R001427,ads_spend,2025-08-26,2025-08-26 03:26:00,success,15785,244,
R001428,hubspot_leads,2025-08-26,2025-08-26 02:57:00,success,16364,267,
R001429,ats_submittals,2025-08-27,2025-08-27 02:24:00,success,15510,347,
R001430,ats_vacancies,2025-08-27,2025-08-27 03:58:00,success,12405,174,
R001431,stripe_invoices,2025-08-27,2025-08-27 05:46:00,success,10689,162,
R001432,ga4_sessions,2025-08-27,2025-08-27 02:38:00,success,6543,854,
R001433,ads_spend,2025-08-27,2025-08-27 02:35:00,success,20194,212,
R001434,hubspot_leads,2025-08-27,2025-08-27 05:21:00,success,13372,147,
R001435,ats_submittals,2025-08-28,2025-08-28 04:43:00,success,8404,289,
R001436,ats_vacancies,2025-08-28,2025-08-28 04:48:00,success,18402,179,
R001437,stripe_invoices,2025-08-28,2025-08-28 05:36:00,success,10369,243,
R001438,ga4_sessions,2025-08-28,2025-08-28 04:47:00,success,14246,763,
R001439,ads_spend,2025-08-28,2025-08-28 05:37:00,success,14277,308,
R001440,hubspot_leads,2025-08-28,2025-08-28 03:10:00,success,8970,254,
R001441,ats_submittals,2025-08-29,2025-08-29 05:36:00,success,9990,130,
R001442,ats_vacancies,2025-08-29,2025-08-29 03:21:00,success,3648,135,
R001443,stripe_invoices,2025-08-29,2025-08-29 04:53:00,success,12387,126,
R001444,ga4_sessions,2025-08-29,2025-08-29 03:44:00,success,13612,933,
R001445,ads_spend,2025-08-29,2025-08-29 02:24:00,success,8485,156,
R001446,hubspot_leads,2025-08-29,2025-08-29 02:26:00,success,10009,194,
R001447,ats_submittals,2025-08-30,2025-08-30 04:12:00,success,3257,168,
R001448,ats_vacancies,2025-08-30,2025-08-30 03:51:00,success,3866,336,
R001449,stripe_invoices,2025-08-30,2025-08-30 02:39:00,success,3028,187,
R001450,ga4_sessions,2025-08-30,2025-08-30 04:50:00,success,2457,744,
R001451,ads_spend,2025-08-30,2025-08-30 02:40:00,success,1503,235,
R001452,hubspot_leads,2025-08-30,2025-08-30 05:51:00,success,3424,262,
R001453,ats_submittals,2025-08-31,2025-08-31 05:12:00,success,2948,249,
R001454,ats_vacancies,2025-08-31,2025-08-31 04:55:00,success,2514,78,
R001455,stripe_invoices,2025-08-31,2025-08-31 03:45:00,success,4065,275,
R001456,ga4_sessions,2025-08-31,2025-08-31 03:46:00,success,3388,316,
R001457,ads_spend,2025-08-31,2025-08-31 02:50:00,success,3254,160,
R001458,hubspot_leads,2025-08-31,2025-08-31 04:28:00,success,1597,112,
R001459,ats_submittals,2025-09-01,2025-09-01 05:49:00,success,8640,262,
R001460,ats_vacancies,2025-09-01,2025-09-01 02:30:00,success,14670,192,
R001461,stripe_invoices,2025-09-01,2025-09-01 03:22:00,success,10025,137,
R001462,ga4_sessions,2025-09-01,2025-09-01 04:54:00,success,16938,683,
R001463,ads_spend,2025-09-01,2025-09-01 05:59:00,success,12992,29,
R001464,hubspot_leads,2025-09-01,2025-09-01 05:27:00,success,12855,235,
R001465,ats_submittals,2025-09-02,2025-09-02 04:37:00,success,9228,232,
R001466,ats_vacancies,2025-09-02,2025-09-02 02:29:00,success,5908,110,
R001467,stripe_invoices,2025-09-02,2025-09-02 05:58:00,success,9115,293,
R001468,ga4_sessions,2025-09-02,2025-09-02 04:31:00,success,6406,225,
R001469,ads_spend,2025-09-02,2025-09-02 03:53:00,success,13072,106,
R001470,hubspot_leads,2025-09-02,2025-09-02 04:24:00,success,15120,219,
R001471,ats_submittals,2025-09-03,2025-09-03 02:25:00,success,10530,195,
R001472,ats_vacancies,2025-09-03,2025-09-03 03:14:00,success,5392,191,
R001473,stripe_invoices,2025-09-03,2025-09-03 03:56:00,success,12369,261,
R001474,ga4_sessions,2025-09-03,2025-09-03 05:40:00,success,10145,433,
R001475,ads_spend,2025-09-03,2025-09-03 03:37:00,failed,0,28,API rate limit exceeded
R001476,hubspot_leads,2025-09-03,2025-09-03 03:40:00,success,13950,202,
R001477,ats_submittals,2025-09-04,2025-09-04 02:21:00,success,16195,224,
R001478,ats_vacancies,2025-09-04,2025-09-04 03:44:00,success,14388,345,
R001479,stripe_invoices,2025-09-04,2025-09-04 05:21:00,success,12225,276,
R001480,ga4_sessions,2025-09-04,2025-09-04 02:17:00,success,15475,422,
R001481,ads_spend,2025-09-04,2025-09-04 05:58:00,success,13445,235,
R001482,hubspot_leads,2025-09-04,2025-09-04 05:21:00,success,7764,139,
R001483,ats_submittals,2025-09-05,2025-09-05 03:59:00,success,7851,304,
R001484,ats_vacancies,2025-09-05,2025-09-05 04:10:00,success,13239,304,
R001485,stripe_invoices,2025-09-05,2025-09-05 03:31:00,success,14225,216,
R001486,ga4_sessions,2025-09-05,2025-09-05 02:24:00,success,11180,752,
R001487,ads_spend,2025-09-05,2025-09-05 05:31:00,success,8895,240,
R001488,hubspot_leads,2025-09-05,2025-09-05 02:56:00,success,4764,232,
R001489,ats_submittals,2025-09-06,2025-09-06 03:10:00,success,3217,91,
R001490,ats_vacancies,2025-09-06,2025-09-06 02:35:00,success,3531,152,
R001491,stripe_invoices,2025-09-06,2025-09-06 05:31:00,success,3825,113,
R001492,ga4_sessions,2025-09-06,2025-09-06 02:49:00,success,1191,500,
R001493,ads_spend,2025-09-06,2025-09-06 05:14:00,success,3333,127,
R001494,hubspot_leads,2025-09-06,2025-09-06 02:58:00,success,2733,251,
R001495,ats_submittals,2025-09-07,2025-09-07 03:45:00,success,4361,173,
R001496,ats_vacancies,2025-09-07,2025-09-07 05:46:00,success,4159,279,
R001497,stripe_invoices,2025-09-07,2025-09-07 03:46:00,success,2771,179,
R001498,ga4_sessions,2025-09-07,2025-09-07 04:43:00,success,2680,567,
R001499,ads_spend,2025-09-07,2025-09-07 02:46:00,success,4288,289,
R001500,hubspot_leads,2025-09-07,2025-09-07 04:36:00,success,1530,25,
R001501,ats_submittals,2025-09-08,2025-09-08 04:45:00,success,17178,254,
R001502,ats_vacancies,2025-09-08,2025-09-08 04:30:00,success,12248,281,
R001503,stripe_invoices,2025-09-08,2025-09-08 02:41:00,success,10774,149,
R001504,ga4_sessions,2025-09-08,2025-09-08 02:35:00,success,11380,487,
R001505,ads_spend,2025-09-08,2025-09-08 02:55:00,success,14618,265,
R001506,hubspot_leads,2025-09-08,2025-09-08 02:15:00,success,11087,196,
R001507,ats_submittals,2025-09-09,2025-09-09 02:23:00,success,8722,271,
R001508,ats_vacancies,2025-09-09,2025-09-09 05:20:00,success,13118,77,
R001509,stripe_invoices,2025-09-09,2025-09-09 05:17:00,success,11924,223,
R001510,ga4_sessions,2025-09-09,2025-09-09 02:45:00,success,15445,646,
R001511,ads_spend,2025-09-09,2025-09-09 04:24:00,success,8332,241,
R001512,hubspot_leads,2025-09-09,2025-09-09 03:32:00,success,11659,239,
R001513,ats_submittals,2025-09-10,2025-09-10 03:44:00,success,10632,176,
R001514,ats_vacancies,2025-09-10,2025-09-10 05:28:00,success,13547,152,
R001515,stripe_invoices,2025-09-10,2025-09-10 05:11:00,success,10901,126,
R001516,ga4_sessions,2025-09-10,2025-09-10 04:30:00,success,12751,936,
R001517,ads_spend,2025-09-10,2025-09-10 05:25:00,success,8515,182,
R001518,hubspot_leads,2025-09-10,2025-09-10 03:30:00,success,7727,171,
R001519,ats_submittals,2025-09-11,2025-09-11 03:46:00,success,8896,319,
R001520,ats_vacancies,2025-09-11,2025-09-11 04:50:00,success,19739,241,
R001521,stripe_invoices,2025-09-11,2025-09-11 02:43:00,success,10195,261,
R001522,ga4_sessions,2025-09-11,2025-09-11 03:15:00,success,9699,740,
R001523,ads_spend,2025-09-11,2025-09-11 04:20:00,success,12361,298,
R001524,hubspot_leads,2025-09-11,2025-09-11 05:49:00,success,11488,293,
R001525,ats_submittals,2025-09-12,2025-09-12 03:43:00,success,13294,242,
R001526,ats_vacancies,2025-09-12,2025-09-12 03:12:00,success,15627,316,
R001527,stripe_invoices,2025-09-12,2025-09-12 02:17:00,success,11585,223,
R001528,ga4_sessions,2025-09-12,2025-09-12 02:53:00,success,12725,746,
R001529,ads_spend,2025-09-12,2025-09-12 04:12:00,failed,0,258,Source returned 0 rows
R001530,hubspot_leads,2025-09-12,2025-09-12 05:46:00,success,15857,206,
R001531,ats_submittals,2025-09-13,2025-09-13 04:57:00,success,3411,175,
R001532,ats_vacancies,2025-09-13,2025-09-13 04:49:00,failed,0,304,API rate limit exceeded
R001533,stripe_invoices,2025-09-13,2025-09-13 02:54:00,success,3767,165,
R001534,ga4_sessions,2025-09-13,2025-09-13 05:24:00,failed,0,727,Auth token expired
R001535,ads_spend,2025-09-13,2025-09-13 04:38:00,success,3794,252,
R001536,hubspot_leads,2025-09-13,2025-09-13 02:33:00,success,1527,146,
R001537,ats_submittals,2025-09-14,2025-09-14 03:25:00,failed,0,96,Timeout after 900s
R001538,ats_vacancies,2025-09-14,2025-09-14 05:47:00,success,2564,205,
R001539,stripe_invoices,2025-09-14,2025-09-14 05:29:00,success,4262,277,
R001540,ga4_sessions,2025-09-14,2025-09-14 05:21:00,success,4696,427,
R001541,ads_spend,2025-09-14,2025-09-14 03:54:00,success,4324,154,
R001542,hubspot_leads,2025-09-14,2025-09-14 02:32:00,success,2533,289,
R001543,ats_submittals,2025-09-15,2025-09-15 03:56:00,success,13144,202,
R001544,ats_vacancies,2025-09-15,2025-09-15 04:41:00,success,17463,276,
R001545,stripe_invoices,2025-09-15,2025-09-15 04:15:00,success,6628,176,
R001546,ga4_sessions,2025-09-15,2025-09-15 05:17:00,success,5705,1038,
R001547,ads_spend,2025-09-15,2025-09-15 04:46:00,success,18331,230,
R001548,hubspot_leads,2025-09-15,2025-09-15 03:59:00,success,8556,109,
R001549,ats_submittals,2025-09-16,2025-09-16 02:42:00,success,10204,180,
R001550,ats_vacancies,2025-09-16,2025-09-16 02:41:00,success,9026,163,
R001551,stripe_invoices,2025-09-16,2025-09-16 02:41:00,success,8938,151,
R001552,ga4_sessions,2025-09-16,2025-09-16 03:58:00,success,9942,677,
R001553,ads_spend,2025-09-16,2025-09-16 02:19:00,success,9909,403,
R001554,hubspot_leads,2025-09-16,2025-09-16 04:42:00,success,13865,227,
R001555,ats_submittals,2025-09-17,2025-09-17 04:59:00,success,18098,342,
R001556,ats_vacancies,2025-09-17,2025-09-17 02:34:00,success,12658,188,
R001557,stripe_invoices,2025-09-17,2025-09-17 04:35:00,success,17158,181,
R001558,ga4_sessions,2025-09-17,2025-09-17 04:28:00,success,15704,595,
R001559,ads_spend,2025-09-17,2025-09-17 02:33:00,success,13687,125,
R001560,hubspot_leads,2025-09-17,2025-09-17 02:14:00,success,12577,190,
R001561,ats_submittals,2025-09-18,2025-09-18 05:51:00,success,17365,142,
R001562,ats_vacancies,2025-09-18,2025-09-18 02:13:00,success,14276,136,
R001563,stripe_invoices,2025-09-18,2025-09-18 02:17:00,success,9005,51,
R001564,ga4_sessions,2025-09-18,2025-09-18 02:45:00,success,13493,476,
R001565,ads_spend,2025-09-18,2025-09-18 05:30:00,success,8946,235,
R001566,hubspot_leads,2025-09-18,2025-09-18 05:45:00,success,1297,210,
R001567,ats_submittals,2025-09-19,2025-09-19 03:24:00,success,15032,148,
R001568,ats_vacancies,2025-09-19,2025-09-19 05:50:00,success,9908,287,
R001569,stripe_invoices,2025-09-19,2025-09-19 03:28:00,success,10253,316,
R001570,ga4_sessions,2025-09-19,2025-09-19 03:33:00,success,13797,948,
R001571,ads_spend,2025-09-19,2025-09-19 03:37:00,failed,0,173,Timeout after 900s
R001572,hubspot_leads,2025-09-19,2025-09-19 02:57:00,success,16215,195,
R001573,ats_submittals,2025-09-20,2025-09-20 05:27:00,success,5157,245,
R001574,ats_vacancies,2025-09-20,2025-09-20 05:16:00,success,4087,190,
R001575,stripe_invoices,2025-09-20,2025-09-20 03:29:00,success,1494,170,
R001576,ga4_sessions,2025-09-20,2025-09-20 04:14:00,success,3531,722,
R001577,ads_spend,2025-09-20,2025-09-20 04:57:00,success,1599,172,
R001578,hubspot_leads,2025-09-20,2025-09-20 04:14:00,success,1557,207,
R001579,ats_submittals,2025-09-21,2025-09-21 04:48:00,success,3039,251,
R001580,ats_vacancies,2025-09-21,2025-09-21 03:59:00,success,2210,135,
R001581,stripe_invoices,2025-09-21,2025-09-21 03:39:00,success,3277,202,
R001582,ga4_sessions,2025-09-21,2025-09-21 03:42:00,success,4238,1107,
R001583,ads_spend,2025-09-21,2025-09-21 03:11:00,success,1033,215,
R001584,hubspot_leads,2025-09-21,2025-09-21 04:29:00,success,3621,254,
R001585,ats_submittals,2025-09-22,2025-09-22 02:43:00,success,16609,101,
R001586,ats_vacancies,2025-09-22,2025-09-22 05:46:00,success,15916,186,
R001587,stripe_invoices,2025-09-22,2025-09-22 02:55:00,success,13254,186,
R001588,ga4_sessions,2025-09-22,2025-09-22 05:25:00,success,11639,711,
R001589,ads_spend,2025-09-22,2025-09-22 02:47:00,success,17341,99,
R001590,hubspot_leads,2025-09-22,2025-09-22 04:39:00,success,7810,222,
R001591,ats_submittals,2025-09-23,2025-09-23 03:37:00,success,11480,276,
R001592,ats_vacancies,2025-09-23,2025-09-23 05:16:00,success,10669,122,
R001593,stripe_invoices,2025-09-23,2025-09-23 05:31:00,success,10026,203,
R001594,ga4_sessions,2025-09-23,2025-09-23 02:50:00,success,10839,332,
R001595,ads_spend,2025-09-23,2025-09-23 05:25:00,success,7107,256,
R001596,hubspot_leads,2025-09-23,2025-09-23 05:39:00,success,13759,152,
R001597,ats_submittals,2025-09-24,2025-09-24 02:50:00,success,13729,221,
R001598,ats_vacancies,2025-09-24,2025-09-24 02:22:00,success,4046,275,
R001599,stripe_invoices,2025-09-24,2025-09-24 02:47:00,success,9385,291,
R001600,ga4_sessions,2025-09-24,2025-09-24 03:47:00,success,8936,800,
R001601,ads_spend,2025-09-24,2025-09-24 04:39:00,success,12080,294,
R001602,hubspot_leads,2025-09-24,2025-09-24 04:10:00,success,15065,379,
R001603,ats_submittals,2025-09-25,2025-09-25 05:48:00,success,14203,180,
R001604,ats_vacancies,2025-09-25,2025-09-25 02:23:00,success,10197,366,
R001605,stripe_invoices,2025-09-25,2025-09-25 04:15:00,success,10434,122,
R001606,ga4_sessions,2025-09-25,2025-09-25 04:22:00,success,6984,193,
R001607,ads_spend,2025-09-25,2025-09-25 04:42:00,failed,0,345,Source returned 0 rows
R001608,hubspot_leads,2025-09-25,2025-09-25 03:30:00,success,11229,127,
R001609,ats_submittals,2025-09-26,2025-09-26 02:26:00,success,12542,114,
R001610,ats_vacancies,2025-09-26,2025-09-26 05:25:00,success,10129,124,
R001611,stripe_invoices,2025-09-26,2025-09-26 05:15:00,success,11685,75,
R001612,ga4_sessions,2025-09-26,2025-09-26 04:48:00,success,8255,964,
R001613,ads_spend,2025-09-26,2025-09-26 03:38:00,success,12792,222,
R001614,hubspot_leads,2025-09-26,2025-09-26 05:54:00,success,9492,197,
R001615,ats_submittals,2025-09-27,2025-09-27 03:18:00,success,1715,52,
R001616,ats_vacancies,2025-09-27,2025-09-27 04:32:00,success,3628,251,
R001617,stripe_invoices,2025-09-27,2025-09-27 03:40:00,success,2168,247,
R001618,ga4_sessions,2025-09-27,2025-09-27 05:55:00,success,2539,458,
R001619,ads_spend,2025-09-27,2025-09-27 03:32:00,success,3059,175,
R001620,hubspot_leads,2025-09-27,2025-09-27 04:45:00,success,1640,271,
R001621,ats_submittals,2025-09-28,2025-09-28 02:27:00,success,2600,278,
R001622,ats_vacancies,2025-09-28,2025-09-28 02:36:00,success,3272,231,
R001623,stripe_invoices,2025-09-28,2025-09-28 04:48:00,success,2519,238,
R001624,ga4_sessions,2025-09-28,2025-09-28 04:35:00,success,3539,908,
R001625,ads_spend,2025-09-28,2025-09-28 04:36:00,success,931,285,
R001626,hubspot_leads,2025-09-28,2025-09-28 04:14:00,success,2866,357,
R001627,ats_submittals,2025-09-29,2025-09-29 02:18:00,success,12927,95,
R001628,ats_vacancies,2025-09-29,2025-09-29 04:22:00,success,8469,344,
R001629,stripe_invoices,2025-09-29,2025-09-29 02:47:00,success,8036,242,
R001630,ga4_sessions,2025-09-29,2025-09-29 03:14:00,success,17285,630,
R001631,ads_spend,2025-09-29,2025-09-29 04:52:00,success,12143,157,
R001632,hubspot_leads,2025-09-29,2025-09-29 04:46:00,success,12078,146,
R001633,ats_submittals,2025-09-30,2025-09-30 03:21:00,success,15419,139,
R001634,ats_vacancies,2025-09-30,2025-09-30 05:22:00,success,7772,320,
R001635,stripe_invoices,2025-09-30,2025-09-30 05:52:00,success,14637,85,
R001636,ga4_sessions,2025-09-30,2025-09-30 04:14:00,success,11615,970,
R001637,ads_spend,2025-09-30,2025-09-30 03:25:00,success,15689,275,
R001638,hubspot_leads,2025-09-30,2025-09-30 03:21:00,success,7284,182,
R001639,ats_submittals,2025-10-01,2025-10-01 03:33:00,success,9559,214,
R001640,ats_vacancies,2025-10-01,2025-10-01 02:23:00,success,14936,188,
R001641,stripe_invoices,2025-10-01,2025-10-01 04:28:00,success,9177,221,
R001642,ga4_sessions,2025-10-01,2025-10-01 03:27:00,success,15751,778,
R001643,ads_spend,2025-10-01,2025-10-01 04:17:00,failed,0,86,Source returned 0 rows
R001644,hubspot_leads,2025-10-01,2025-10-01 02:31:00,success,18145,207,
R001645,ats_submittals,2025-10-02,2025-10-02 03:38:00,success,13584,164,
R001646,ats_vacancies,2025-10-02,2025-10-02 02:32:00,success,10981,346,
R001647,stripe_invoices,2025-10-02,2025-10-02 02:11:00,success,13834,176,
R001648,ga4_sessions,2025-10-02,2025-10-02 04:21:00,success,14538,887,
R001649,ads_spend,2025-10-02,2025-10-02 02:22:00,success,19018,282,
R001650,hubspot_leads,2025-10-02,2025-10-02 02:55:00,success,11344,164,
R001651,ats_submittals,2025-10-03,2025-10-03 02:44:00,success,12691,148,
R001652,ats_vacancies,2025-10-03,2025-10-03 02:55:00,success,20096,155,
R001653,stripe_invoices,2025-10-03,2025-10-03 04:27:00,success,12757,193,
R001654,ga4_sessions,2025-10-03,2025-10-03 03:57:00,success,11794,1754,
R001655,ads_spend,2025-10-03,2025-10-03 04:54:00,success,10891,386,
R001656,hubspot_leads,2025-10-03,2025-10-03 03:35:00,success,10807,239,
R001657,ats_submittals,2025-10-04,2025-10-04 04:46:00,success,2513,160,
R001658,ats_vacancies,2025-10-04,2025-10-04 02:52:00,success,3236,231,
R001659,stripe_invoices,2025-10-04,2025-10-04 03:56:00,success,4464,148,
R001660,ga4_sessions,2025-10-04,2025-10-04 05:28:00,success,2563,780,
R001661,ads_spend,2025-10-04,2025-10-04 05:35:00,success,2771,222,
R001662,hubspot_leads,2025-10-04,2025-10-04 02:40:00,success,2752,29,
R001663,ats_submittals,2025-10-05,2025-10-05 02:21:00,success,2196,94,
R001664,ats_vacancies,2025-10-05,2025-10-05 05:56:00,success,3799,164,
R001665,stripe_invoices,2025-10-05,2025-10-05 03:52:00,success,2655,221,
R001666,ga4_sessions,2025-10-05,2025-10-05 04:53:00,success,2915,713,
R001667,ads_spend,2025-10-05,2025-10-05 05:52:00,failed,0,194,Source returned 0 rows
R001668,hubspot_leads,2025-10-05,2025-10-05 03:15:00,failed,0,268,Duplicate key on merge
R001669,ats_submittals,2025-10-06,2025-10-06 02:51:00,success,7542,245,
R001670,ats_vacancies,2025-10-06,2025-10-06 03:20:00,success,14578,132,
R001671,stripe_invoices,2025-10-06,2025-10-06 04:36:00,success,11048,123,
R001672,ga4_sessions,2025-10-06,2025-10-06 02:29:00,success,7272,837,
R001673,ads_spend,2025-10-06,2025-10-06 02:27:00,success,11103,300,
R001674,hubspot_leads,2025-10-06,2025-10-06 05:28:00,success,6048,155,
R001675,ats_submittals,2025-10-07,2025-10-07 04:10:00,success,13656,270,
R001676,ats_vacancies,2025-10-07,2025-10-07 04:36:00,success,13784,149,
R001677,stripe_invoices,2025-10-07,2025-10-07 04:28:00,success,13800,229,
R001678,ga4_sessions,2025-10-07,2025-10-07 02:55:00,success,13630,545,
R001679,ads_spend,2025-10-07,2025-10-07 02:57:00,success,11795,182,
R001680,hubspot_leads,2025-10-07,2025-10-07 05:25:00,success,11291,149,
R001681,ats_submittals,2025-10-08,2025-10-08 03:41:00,success,5033,157,
R001682,ats_vacancies,2025-10-08,2025-10-08 02:56:00,success,7347,198,
R001683,stripe_invoices,2025-10-08,2025-10-08 05:50:00,success,12749,163,
R001684,ga4_sessions,2025-10-08,2025-10-08 03:36:00,success,10498,529,
R001685,ads_spend,2025-10-08,2025-10-08 02:57:00,success,15066,252,
R001686,hubspot_leads,2025-10-08,2025-10-08 04:41:00,success,5845,226,
R001687,ats_submittals,2025-10-09,2025-10-09 04:20:00,success,8335,223,
R001688,ats_vacancies,2025-10-09,2025-10-09 05:55:00,success,15044,210,
R001689,stripe_invoices,2025-10-09,2025-10-09 04:51:00,success,9205,289,
R001690,ga4_sessions,2025-10-09,2025-10-09 03:44:00,success,14898,987,
R001691,ads_spend,2025-10-09,2025-10-09 05:35:00,success,13984,262,
R001692,hubspot_leads,2025-10-09,2025-10-09 04:26:00,success,15297,350,
R001693,ats_submittals,2025-10-10,2025-10-10 04:10:00,success,6349,249,
R001694,ats_vacancies,2025-10-10,2025-10-10 02:44:00,success,9819,143,
R001695,stripe_invoices,2025-10-10,2025-10-10 05:59:00,success,11785,251,
R001696,ga4_sessions,2025-10-10,2025-10-10 05:49:00,success,16895,1026,
R001697,ads_spend,2025-10-10,2025-10-10 05:57:00,success,12220,116,
R001698,hubspot_leads,2025-10-10,2025-10-10 05:10:00,success,10269,208,
R001699,ats_submittals,2025-10-11,2025-10-11 03:26:00,success,3330,103,
R001700,ats_vacancies,2025-10-11,2025-10-11 05:15:00,success,3809,256,
R001701,stripe_invoices,2025-10-11,2025-10-11 02:59:00,success,3430,129,
R001702,ga4_sessions,2025-10-11,2025-10-11 05:33:00,success,3177,688,
R001703,ads_spend,2025-10-11,2025-10-11 03:18:00,success,2994,118,
R001704,hubspot_leads,2025-10-11,2025-10-11 04:16:00,success,3342,246,
R001705,ats_submittals,2025-10-12,2025-10-12 04:36:00,success,2940,295,
R001706,ats_vacancies,2025-10-12,2025-10-12 05:28:00,success,3136,168,
R001707,stripe_invoices,2025-10-12,2025-10-12 04:36:00,success,2946,230,
R001708,ga4_sessions,2025-10-12,2025-10-12 03:48:00,success,2495,344,
R001709,ads_spend,2025-10-12,2025-10-12 03:50:00,success,3018,95,
R001710,hubspot_leads,2025-10-12,2025-10-12 04:45:00,success,2867,122,
R001711,ats_submittals,2025-10-13,2025-10-13 02:15:00,success,8905,88,
R001712,ats_vacancies,2025-10-13,2025-10-13 02:14:00,success,4429,278,
R001713,stripe_invoices,2025-10-13,2025-10-13 03:22:00,success,11441,206,
R001714,ga4_sessions,2025-10-13,2025-10-13 03:29:00,success,9491,980,
R001715,ads_spend,2025-10-13,2025-10-13 03:45:00,success,17805,223,
R001716,hubspot_leads,2025-10-13,2025-10-13 02:58:00,success,9611,179,
R001717,ats_submittals,2025-10-14,2025-10-14 02:50:00,success,6944,260,
R001718,ats_vacancies,2025-10-14,2025-10-14 03:37:00,success,11940,137,
R001719,stripe_invoices,2025-10-14,2025-10-14 04:44:00,success,11628,226,
R001720,ga4_sessions,2025-10-14,2025-10-14 05:40:00,success,13569,1117,
R001721,ads_spend,2025-10-14,2025-10-14 02:34:00,success,6956,307,
R001722,hubspot_leads,2025-10-14,2025-10-14 03:36:00,success,5933,102,
R001723,ats_submittals,2025-10-15,2025-10-15 03:49:00,success,11425,148,
R001724,ats_vacancies,2025-10-15,2025-10-15 05:37:00,success,11124,90,
R001725,stripe_invoices,2025-10-15,2025-10-15 05:13:00,success,7379,241,
R001726,ga4_sessions,2025-10-15,2025-10-15 05:41:00,success,17396,958,
R001727,ads_spend,2025-10-15,2025-10-15 04:26:00,success,12232,255,
R001728,hubspot_leads,2025-10-15,2025-10-15 05:30:00,success,12801,179,
R001729,ats_submittals,2025-10-16,2025-10-16 02:24:00,success,14654,191,
R001730,ats_vacancies,2025-10-16,2025-10-16 04:27:00,success,9531,159,
R001731,stripe_invoices,2025-10-16,2025-10-16 05:43:00,success,9807,189,
R001732,ga4_sessions,2025-10-16,2025-10-16 02:16:00,success,16779,217,
R001733,ads_spend,2025-10-16,2025-10-16 03:54:00,success,18185,151,
R001734,hubspot_leads,2025-10-16,2025-10-16 04:33:00,success,19422,224,
R001735,ats_submittals,2025-10-17,2025-10-17 04:18:00,success,7121,144,
R001736,ats_vacancies,2025-10-17,2025-10-17 04:19:00,success,15437,256,
R001737,stripe_invoices,2025-10-17,2025-10-17 05:56:00,success,9990,214,
R001738,ga4_sessions,2025-10-17,2025-10-17 05:34:00,success,11074,846,
R001739,ads_spend,2025-10-17,2025-10-17 03:21:00,success,12533,241,
R001740,hubspot_leads,2025-10-17,2025-10-17 02:47:00,success,20786,130,
R001741,ats_submittals,2025-10-18,2025-10-18 02:59:00,success,2224,200,
R001742,ats_vacancies,2025-10-18,2025-10-18 03:10:00,success,3532,304,
R001743,stripe_invoices,2025-10-18,2025-10-18 03:16:00,success,3383,213,
R001744,ga4_sessions,2025-10-18,2025-10-18 02:10:00,success,4137,979,
R001745,ads_spend,2025-10-18,2025-10-18 04:30:00,success,3017,303,
R001746,hubspot_leads,2025-10-18,2025-10-18 02:58:00,success,3014,199,
R001747,ats_submittals,2025-10-19,2025-10-19 03:43:00,success,3002,220,
R001748,ats_vacancies,2025-10-19,2025-10-19 03:32:00,success,2096,224,
R001749,stripe_invoices,2025-10-19,2025-10-19 05:17:00,success,2137,120,
R001750,ga4_sessions,2025-10-19,2025-10-19 03:34:00,success,2089,558,
R001751,ads_spend,2025-10-19,2025-10-19 04:45:00,success,4281,206,
R001752,hubspot_leads,2025-10-19,2025-10-19 02:33:00,success,3292,176,
R001753,ats_submittals,2025-10-20,2025-10-20 03:46:00,success,13017,220,
R001754,ats_vacancies,2025-10-20,2025-10-20 02:55:00,success,11987,220,
R001755,stripe_invoices,2025-10-20,2025-10-20 04:26:00,success,5477,144,
R001756,ga4_sessions,2025-10-20,2025-10-20 03:34:00,success,10545,459,
R001757,ads_spend,2025-10-20,2025-10-20 03:56:00,success,14307,278,
R001758,hubspot_leads,2025-10-20,2025-10-20 04:23:00,success,12270,201,
R001759,ats_submittals,2025-10-21,2025-10-21 03:23:00,success,9130,170,
R001760,ats_vacancies,2025-10-21,2025-10-21 02:59:00,success,10329,202,
R001761,stripe_invoices,2025-10-21,2025-10-21 04:27:00,success,9399,108,
R001762,ga4_sessions,2025-10-21,2025-10-21 02:24:00,success,10683,390,
R001763,ads_spend,2025-10-21,2025-10-21 04:11:00,failed,0,210,API rate limit exceeded
R001764,hubspot_leads,2025-10-21,2025-10-21 03:53:00,success,9859,242,
R001765,ats_submittals,2025-10-22,2025-10-22 05:24:00,success,8766,357,
R001766,ats_vacancies,2025-10-22,2025-10-22 02:38:00,success,14524,166,
R001767,stripe_invoices,2025-10-22,2025-10-22 04:52:00,success,14503,248,
R001768,ga4_sessions,2025-10-22,2025-10-22 04:19:00,success,14964,442,
R001769,ads_spend,2025-10-22,2025-10-22 03:31:00,success,8462,88,
R001770,hubspot_leads,2025-10-22,2025-10-22 02:34:00,success,9011,298,
R001771,ats_submittals,2025-10-23,2025-10-23 03:23:00,success,10597,175,
R001772,ats_vacancies,2025-10-23,2025-10-23 03:25:00,success,11763,174,
R001773,stripe_invoices,2025-10-23,2025-10-23 03:57:00,success,16428,288,
R001774,ga4_sessions,2025-10-23,2025-10-23 02:41:00,success,8679,685,
R001775,ads_spend,2025-10-23,2025-10-23 02:59:00,success,18974,225,
R001776,hubspot_leads,2025-10-23,2025-10-23 03:54:00,success,7823,256,
R001777,ats_submittals,2025-10-24,2025-10-24 05:14:00,success,14291,217,
R001778,ats_vacancies,2025-10-24,2025-10-24 04:23:00,success,12742,179,
R001779,stripe_invoices,2025-10-24,2025-10-24 02:29:00,success,4715,224,
R001780,ga4_sessions,2025-10-24,2025-10-24 04:58:00,success,11427,671,
R001781,ads_spend,2025-10-24,2025-10-24 05:39:00,success,11250,255,
R001782,hubspot_leads,2025-10-24,2025-10-24 05:19:00,success,11786,224,
R001783,ats_submittals,2025-10-25,2025-10-25 03:33:00,success,3258,197,
R001784,ats_vacancies,2025-10-25,2025-10-25 02:10:00,success,2601,159,
R001785,stripe_invoices,2025-10-25,2025-10-25 02:14:00,success,1253,190,
R001786,ga4_sessions,2025-10-25,2025-10-25 04:55:00,success,3834,696,
R001787,ads_spend,2025-10-25,2025-10-25 04:35:00,success,2281,291,
R001788,hubspot_leads,2025-10-25,2025-10-25 03:56:00,success,5052,290,
R001789,ats_submittals,2025-10-26,2025-10-26 03:20:00,success,2806,242,
R001790,ats_vacancies,2025-10-26,2025-10-26 04:51:00,success,3328,148,
R001791,stripe_invoices,2025-10-26,2025-10-26 04:32:00,success,3998,155,
R001792,ga4_sessions,2025-10-26,2025-10-26 04:52:00,success,2516,844,
R001793,ads_spend,2025-10-26,2025-10-26 02:46:00,success,3388,290,
R001794,hubspot_leads,2025-10-26,2025-10-26 05:29:00,success,3305,242,
R001795,ats_submittals,2025-10-27,2025-10-27 02:27:00,success,10373,186,
R001796,ats_vacancies,2025-10-27,2025-10-27 02:17:00,success,11983,130,
R001797,stripe_invoices,2025-10-27,2025-10-27 03:27:00,success,9841,307,
R001798,ga4_sessions,2025-10-27,2025-10-27 05:21:00,success,16279,593,
R001799,ads_spend,2025-10-27,2025-10-27 02:20:00,success,15474,181,
R001800,hubspot_leads,2025-10-27,2025-10-27 05:46:00,success,13236,237,
R001801,ats_submittals,2025-10-28,2025-10-28 04:52:00,success,12643,235,
R001802,ats_vacancies,2025-10-28,2025-10-28 03:46:00,success,11539,166,
R001803,stripe_invoices,2025-10-28,2025-10-28 02:10:00,success,6201,325,
R001804,ga4_sessions,2025-10-28,2025-10-28 03:27:00,success,15609,729,
R001805,ads_spend,2025-10-28,2025-10-28 02:29:00,success,9088,113,
R001806,hubspot_leads,2025-10-28,2025-10-28 05:30:00,success,10526,169,
R001807,ats_submittals,2025-10-29,2025-10-29 04:28:00,success,6373,215,
R001808,ats_vacancies,2025-10-29,2025-10-29 04:49:00,success,11022,219,
R001809,stripe_invoices,2025-10-29,2025-10-29 04:28:00,success,8676,215,
R001810,ga4_sessions,2025-10-29,2025-10-29 04:37:00,success,11741,540,
R001811,ads_spend,2025-10-29,2025-10-29 04:13:00,success,9018,237,
R001812,hubspot_leads,2025-10-29,2025-10-29 05:17:00,success,15590,79,
R001813,ats_submittals,2025-10-30,2025-10-30 04:58:00,success,14576,73,
R001814,ats_vacancies,2025-10-30,2025-10-30 03:29:00,success,5911,259,
R001815,stripe_invoices,2025-10-30,2025-10-30 05:16:00,success,14555,54,
R001816,ga4_sessions,2025-10-30,2025-10-30 03:41:00,success,9532,739,
R001817,ads_spend,2025-10-30,2025-10-30 03:53:00,success,8608,294,
R001818,hubspot_leads,2025-10-30,2025-10-30 05:16:00,success,16540,207,
R001819,ats_submittals,2025-10-31,2025-10-31 05:48:00,success,6860,162,
R001820,ats_vacancies,2025-10-31,2025-10-31 03:36:00,success,10414,293,
R001821,stripe_invoices,2025-10-31,2025-10-31 04:25:00,success,10307,278,
R001822,ga4_sessions,2025-10-31,2025-10-31 02:22:00,success,12008,786,
R001823,ads_spend,2025-10-31,2025-10-31 02:10:00,success,9115,325,
R001824,hubspot_leads,2025-10-31,2025-10-31 02:54:00,success,14117,119,
R001825,ats_submittals,2025-11-01,2025-11-01 03:40:00,success,3523,163,
R001826,ats_vacancies,2025-11-01,2025-11-01 03:33:00,success,2685,297,
R001827,stripe_invoices,2025-11-01,2025-11-01 05:24:00,success,5237,241,
R001828,ga4_sessions,2025-11-01,2025-11-01 03:14:00,success,1881,693,
R001829,ads_spend,2025-11-01,2025-11-01 02:28:00,success,3138,288,
R001830,hubspot_leads,2025-11-01,2025-11-01 04:14:00,success,3468,145,
R001831,ats_submittals,2025-11-02,2025-11-02 05:12:00,success,3440,78,
R001832,ats_vacancies,2025-11-02,2025-11-02 03:23:00,success,2099,213,
R001833,stripe_invoices,2025-11-02,2025-11-02 05:21:00,success,2381,295,
R001834,ga4_sessions,2025-11-02,2025-11-02 02:30:00,success,2694,453,
R001835,ads_spend,2025-11-02,2025-11-02 03:15:00,success,1847,135,
R001836,hubspot_leads,2025-11-02,2025-11-02 04:54:00,success,2064,206,
R001837,ats_submittals,2025-11-03,2025-11-03 03:14:00,success,15541,335,
R001838,ats_vacancies,2025-11-03,2025-11-03 02:53:00,success,10019,189,
R001839,stripe_invoices,2025-11-03,2025-11-03 03:48:00,success,9368,105,
R001840,ga4_sessions,2025-11-03,2025-11-03 03:49:00,success,8080,788,
R001841,ads_spend,2025-11-03,2025-11-03 02:18:00,success,17060,179,
R001842,hubspot_leads,2025-11-03,2025-11-03 03:40:00,success,21171,258,
R001843,ats_submittals,2025-11-04,2025-11-04 04:49:00,success,10417,231,
R001844,ats_vacancies,2025-11-04,2025-11-04 05:51:00,success,10737,207,
R001845,stripe_invoices,2025-11-04,2025-11-04 05:23:00,success,13189,89,
R001846,ga4_sessions,2025-11-04,2025-11-04 04:43:00,failed,0,401,Duplicate key on merge
R001847,ads_spend,2025-11-04,2025-11-04 04:41:00,success,16287,354,
R001848,hubspot_leads,2025-11-04,2025-11-04 04:58:00,success,11865,187,
R001849,ats_submittals,2025-11-05,2025-11-05 04:26:00,success,15824,298,
R001850,ats_vacancies,2025-11-05,2025-11-05 05:29:00,success,10496,129,
R001851,stripe_invoices,2025-11-05,2025-11-05 04:38:00,success,7846,323,
R001852,ga4_sessions,2025-11-05,2025-11-05 02:28:00,success,13556,884,
R001853,ads_spend,2025-11-05,2025-11-05 02:39:00,success,12237,289,
R001854,hubspot_leads,2025-11-05,2025-11-05 05:51:00,success,15201,137,
R001855,ats_submittals,2025-11-06,2025-11-06 04:21:00,success,18177,200,
R001856,ats_vacancies,2025-11-06,2025-11-06 02:35:00,success,20041,180,
R001857,stripe_invoices,2025-11-06,2025-11-06 03:42:00,success,8060,221,
R001858,ga4_sessions,2025-11-06,2025-11-06 05:26:00,success,11447,862,
R001859,ads_spend,2025-11-06,2025-11-06 02:29:00,success,8082,352,
R001860,hubspot_leads,2025-11-06,2025-11-06 05:51:00,success,9064,278,
R001861,ats_submittals,2025-11-07,2025-11-07 03:48:00,success,14287,267,
R001862,ats_vacancies,2025-11-07,2025-11-07 04:16:00,success,12579,112,
R001863,stripe_invoices,2025-11-07,2025-11-07 04:18:00,success,12481,143,
R001864,ga4_sessions,2025-11-07,2025-11-07 02:14:00,success,12478,580,
R001865,ads_spend,2025-11-07,2025-11-07 02:57:00,success,14630,300,
R001866,hubspot_leads,2025-11-07,2025-11-07 04:27:00,success,13781,236,
R001867,ats_submittals,2025-11-08,2025-11-08 02:17:00,success,2767,114,
R001868,ats_vacancies,2025-11-08,2025-11-08 04:29:00,success,2121,267,
R001869,stripe_invoices,2025-11-08,2025-11-08 02:10:00,success,3921,198,
R001870,ga4_sessions,2025-11-08,2025-11-08 03:42:00,success,5151,525,
R001871,ads_spend,2025-11-08,2025-11-08 05:35:00,success,2359,154,
R001872,hubspot_leads,2025-11-08,2025-11-08 05:47:00,success,1684,94,
R001873,ats_submittals,2025-11-09,2025-11-09 04:58:00,success,4650,146,
R001874,ats_vacancies,2025-11-09,2025-11-09 02:33:00,success,2258,253,
R001875,stripe_invoices,2025-11-09,2025-11-09 02:45:00,success,1954,212,
R001876,ga4_sessions,2025-11-09,2025-11-09 02:28:00,success,2882,261,
R001877,ads_spend,2025-11-09,2025-11-09 04:15:00,success,1707,224,
R001878,hubspot_leads,2025-11-09,2025-11-09 05:35:00,success,2935,189,
R001879,ats_submittals,2025-11-10,2025-11-10 05:52:00,success,12287,199,
R001880,ats_vacancies,2025-11-10,2025-11-10 03:54:00,success,18481,257,
R001881,stripe_invoices,2025-11-10,2025-11-10 02:44:00,success,10347,201,
R001882,ga4_sessions,2025-11-10,2025-11-10 03:48:00,success,10995,530,
R001883,ads_spend,2025-11-10,2025-11-10 05:28:00,success,14144,123,
R001884,hubspot_leads,2025-11-10,2025-11-10 03:10:00,success,11139,258,
R001885,ats_submittals,2025-11-11,2025-11-11 03:56:00,success,10967,186,
R001886,ats_vacancies,2025-11-11,2025-11-11 03:22:00,success,14172,195,
R001887,stripe_invoices,2025-11-11,2025-11-11 05:17:00,success,12714,122,
R001888,ga4_sessions,2025-11-11,2025-11-11 04:55:00,success,7340,881,
R001889,ads_spend,2025-11-11,2025-11-11 04:20:00,success,16422,318,
R001890,hubspot_leads,2025-11-11,2025-11-11 02:30:00,success,15151,300,
R001891,ats_submittals,2025-11-12,2025-11-12 02:56:00,success,9667,126,
R001892,ats_vacancies,2025-11-12,2025-11-12 03:57:00,success,9369,192,
R001893,stripe_invoices,2025-11-12,2025-11-12 04:21:00,success,11724,198,
R001894,ga4_sessions,2025-11-12,2025-11-12 05:16:00,success,14698,919,
R001895,ads_spend,2025-11-12,2025-11-12 05:36:00,success,15023,140,
R001896,hubspot_leads,2025-11-12,2025-11-12 03:12:00,success,11661,155,
R001897,ats_submittals,2025-11-13,2025-11-13 03:38:00,success,12831,147,
R001898,ats_vacancies,2025-11-13,2025-11-13 05:40:00,success,11685,22,
R001899,stripe_invoices,2025-11-13,2025-11-13 03:21:00,success,10744,190,
R001900,ga4_sessions,2025-11-13,2025-11-13 03:17:00,success,13034,227,
R001901,ads_spend,2025-11-13,2025-11-13 03:22:00,success,12648,93,
R001902,hubspot_leads,2025-11-13,2025-11-13 05:30:00,success,8255,62,
R001903,ats_submittals,2025-11-14,2025-11-14 02:55:00,success,14135,178,
R001904,ats_vacancies,2025-11-14,2025-11-14 02:10:00,success,11872,181,
R001905,stripe_invoices,2025-11-14,2025-11-14 05:24:00,success,10566,332,
R001906,ga4_sessions,2025-11-14,2025-11-14 03:58:00,success,11548,872,
R001907,ads_spend,2025-11-14,2025-11-14 04:35:00,success,10999,267,
R001908,hubspot_leads,2025-11-14,2025-11-14 03:48:00,success,10380,309,
R001909,ats_submittals,2025-11-15,2025-11-15 02:50:00,success,3005,164,
R001910,ats_vacancies,2025-11-15,2025-11-15 03:50:00,success,3350,188,
R001911,stripe_invoices,2025-11-15,2025-11-15 05:40:00,success,3423,188,
R001912,ga4_sessions,2025-11-15,2025-11-15 02:54:00,success,4083,831,
R001913,ads_spend,2025-11-15,2025-11-15 02:52:00,success,2837,204,
R001914,hubspot_leads,2025-11-15,2025-11-15 02:55:00,success,3034,281,
R001915,ats_submittals,2025-11-16,2025-11-16 04:55:00,success,2769,246,
R001916,ats_vacancies,2025-11-16,2025-11-16 02:36:00,success,3413,301,
R001917,stripe_invoices,2025-11-16,2025-11-16 02:20:00,success,1042,93,
R001918,ga4_sessions,2025-11-16,2025-11-16 03:14:00,success,2995,252,
R001919,ads_spend,2025-11-16,2025-11-16 03:39:00,success,2057,389,
R001920,hubspot_leads,2025-11-16,2025-11-16 04:40:00,success,4420,219,
R001921,ats_submittals,2025-11-17,2025-11-17 02:30:00,success,11766,312,
R001922,ats_vacancies,2025-11-17,2025-11-17 04:31:00,success,13980,306,
R001923,stripe_invoices,2025-11-17,2025-11-17 04:18:00,success,7679,127,
R001924,ga4_sessions,2025-11-17,2025-11-17 05:35:00,success,11590,914,
R001925,ads_spend,2025-11-17,2025-11-17 02:41:00,success,16651,144,
R001926,hubspot_leads,2025-11-17,2025-11-17 03:13:00,success,14543,103,
R001927,ats_submittals,2025-11-18,2025-11-18 04:13:00,success,11783,280,
R001928,ats_vacancies,2025-11-18,2025-11-18 04:28:00,success,5799,212,
R001929,stripe_invoices,2025-11-18,2025-11-18 02:51:00,success,11843,205,
R001930,ga4_sessions,2025-11-18,2025-11-18 04:55:00,success,10212,603,
R001931,ads_spend,2025-11-18,2025-11-18 03:54:00,success,9819,157,
R001932,hubspot_leads,2025-11-18,2025-11-18 03:17:00,success,10381,312,
R001933,ats_submittals,2025-11-19,2025-11-19 05:47:00,success,11156,178,
R001934,ats_vacancies,2025-11-19,2025-11-19 05:27:00,success,9154,114,
R001935,stripe_invoices,2025-11-19,2025-11-19 05:58:00,success,10629,291,
R001936,ga4_sessions,2025-11-19,2025-11-19 03:46:00,success,10819,488,
R001937,ads_spend,2025-11-19,2025-11-19 02:28:00,success,11069,88,
R001938,hubspot_leads,2025-11-19,2025-11-19 03:48:00,success,10890,139,
R001939,ats_submittals,2025-11-20,2025-11-20 04:32:00,success,14824,213,
R001940,ats_vacancies,2025-11-20,2025-11-20 05:21:00,success,12434,175,
R001941,stripe_invoices,2025-11-20,2025-11-20 02:33:00,success,13260,243,
R001942,ga4_sessions,2025-11-20,2025-11-20 02:27:00,success,9877,485,
R001943,ads_spend,2025-11-20,2025-11-20 05:17:00,failed,0,149,Auth token expired
R001944,hubspot_leads,2025-11-20,2025-11-20 03:27:00,success,13270,148,
R001945,ats_submittals,2025-11-21,2025-11-21 03:11:00,success,10522,245,
R001946,ats_vacancies,2025-11-21,2025-11-21 03:44:00,success,15283,159,
R001947,stripe_invoices,2025-11-21,2025-11-21 04:14:00,success,6791,158,
R001948,ga4_sessions,2025-11-21,2025-11-21 04:52:00,success,8568,771,
R001949,ads_spend,2025-11-21,2025-11-21 05:45:00,success,12626,267,
R001950,hubspot_leads,2025-11-21,2025-11-21 02:26:00,success,17475,159,
R001951,ats_submittals,2025-11-22,2025-11-22 03:40:00,failed,0,221,Schema drift: new column
R001952,ats_vacancies,2025-11-22,2025-11-22 05:31:00,success,3400,147,
R001953,stripe_invoices,2025-11-22,2025-11-22 04:47:00,success,801,218,
R001954,ga4_sessions,2025-11-22,2025-11-22 04:44:00,success,4558,491,
R001955,ads_spend,2025-11-22,2025-11-22 02:36:00,success,4112,129,
R001956,hubspot_leads,2025-11-22,2025-11-22 03:49:00,success,2733,243,
R001957,ats_submittals,2025-11-23,2025-11-23 04:43:00,success,2027,379,
R001958,ats_vacancies,2025-11-23,2025-11-23 04:39:00,success,3165,224,
R001959,stripe_invoices,2025-11-23,2025-11-23 04:12:00,success,3995,182,
R001960,ga4_sessions,2025-11-23,2025-11-23 03:42:00,success,1584,553,
R001961,ads_spend,2025-11-23,2025-11-23 03:29:00,success,3840,224,
R001962,hubspot_leads,2025-11-23,2025-11-23 04:47:00,success,2783,180,
R001963,ats_submittals,2025-11-24,2025-11-24 05:59:00,success,13100,118,
R001964,ats_vacancies,2025-11-24,2025-11-24 05:16:00,success,11989,264,
R001965,stripe_invoices,2025-11-24,2025-11-24 04:45:00,success,11934,180,
R001966,ga4_sessions,2025-11-24,2025-11-24 03:46:00,success,13042,421,
R001967,ads_spend,2025-11-24,2025-11-24 03:13:00,success,12086,226,
R001968,hubspot_leads,2025-11-24,2025-11-24 05:47:00,success,16714,155,
R001969,ats_submittals,2025-11-25,2025-11-25 02:45:00,success,8477,287,
R001970,ats_vacancies,2025-11-25,2025-11-25 04:31:00,success,13588,324,
R001971,stripe_invoices,2025-11-25,2025-11-25 02:21:00,success,10956,92,
R001972,ga4_sessions,2025-11-25,2025-11-25 05:29:00,success,11741,340,
R001973,ads_spend,2025-11-25,2025-11-25 04:58:00,failed,0,256,Schema drift: new column
R001974,hubspot_leads,2025-11-25,2025-11-25 03:55:00,success,13123,285,
R001975,ats_submittals,2025-11-26,2025-11-26 04:51:00,success,15310,154,
R001976,ats_vacancies,2025-11-26,2025-11-26 04:19:00,success,11190,149,
R001977,stripe_invoices,2025-11-26,2025-11-26 02:24:00,success,10124,226,
R001978,ga4_sessions,2025-11-26,2025-11-26 04:59:00,success,15071,339,
R001979,ads_spend,2025-11-26,2025-11-26 04:10:00,success,9545,269,
R001980,hubspot_leads,2025-11-26,2025-11-26 03:37:00,success,15550,132,
R001981,ats_submittals,2025-11-27,2025-11-27 03:16:00,success,18467,189,
R001982,ats_vacancies,2025-11-27,2025-11-27 04:28:00,success,13222,211,
R001983,stripe_invoices,2025-11-27,2025-11-27 05:32:00,success,9467,168,
R001984,ga4_sessions,2025-11-27,2025-11-27 05:18:00,success,17488,494,
R001985,ads_spend,2025-11-27,2025-11-27 03:16:00,success,8947,240,
R001986,hubspot_leads,2025-11-27,2025-11-27 04:26:00,success,18856,101,
R001987,ats_submittals,2025-11-28,2025-11-28 05:43:00,success,9004,200,
R001988,ats_vacancies,2025-11-28,2025-11-28 02:15:00,success,5441,306,
R001989,stripe_invoices,2025-11-28,2025-11-28 02:20:00,success,6158,228,
R001990,ga4_sessions,2025-11-28,2025-11-28 02:40:00,success,9579,1007,
R001991,ads_spend,2025-11-28,2025-11-28 03:20:00,success,6855,229,
R001992,hubspot_leads,2025-11-28,2025-11-28 05:19:00,success,12478,190,
R001993,ats_submittals,2025-11-29,2025-11-29 04:29:00,success,2116,176,
R001994,ats_vacancies,2025-11-29,2025-11-29 04:58:00,success,3106,150,
R001995,stripe_invoices,2025-11-29,2025-11-29 04:39:00,success,3057,247,
R001996,ga4_sessions,2025-11-29,2025-11-29 03:29:00,success,2988,767,
R001997,ads_spend,2025-11-29,2025-11-29 05:46:00,success,3342,109,
R001998,hubspot_leads,2025-11-29,2025-11-29 02:50:00,success,2992,340,
R001999,ats_submittals,2025-11-30,2025-11-30 05:48:00,success,1520,182,
R002000,ats_vacancies,2025-11-30,2025-11-30 03:36:00,success,2183,248,
R002001,stripe_invoices,2025-11-30,2025-11-30 03:19:00,success,3249,189,
R002002,ga4_sessions,2025-11-30,2025-11-30 04:58:00,success,3734,75,
R002003,ads_spend,2025-11-30,2025-11-30 05:55:00,success,2550,212,
R002004,hubspot_leads,2025-11-30,2025-11-30 05:19:00,success,3985,258,
R002005,ats_submittals,2025-12-01,2025-12-01 05:53:00,success,6398,102,
R002006,ats_vacancies,2025-12-01,2025-12-01 03:43:00,success,3995,145,
R002007,stripe_invoices,2025-12-01,2025-12-01 02:57:00,success,9122,182,
R002008,ga4_sessions,2025-12-01,2025-12-01 02:27:00,success,8385,748,
R002009,ads_spend,2025-12-01,2025-12-01 02:50:00,success,6096,243,
R002010,hubspot_leads,2025-12-01,2025-12-01 03:41:00,success,7695,237,
R002011,ats_submittals,2025-12-02,2025-12-02 02:54:00,success,10911,205,
R002012,ats_vacancies,2025-12-02,2025-12-02 05:57:00,success,8964,211,
R002013,stripe_invoices,2025-12-02,2025-12-02 02:12:00,success,7763,263,
R002014,ga4_sessions,2025-12-02,2025-12-02 05:13:00,success,3865,664,
R002015,ads_spend,2025-12-02,2025-12-02 02:29:00,success,9862,285,
R002016,hubspot_leads,2025-12-02,2025-12-02 02:17:00,success,6267,281,
R002017,ats_submittals,2025-12-03,2025-12-03 05:46:00,success,8113,168,
R002018,ats_vacancies,2025-12-03,2025-12-03 03:12:00,success,8810,130,
R002019,stripe_invoices,2025-12-03,2025-12-03 02:52:00,success,4655,162,
R002020,ga4_sessions,2025-12-03,2025-12-03 05:37:00,success,4506,920,
R002021,ads_spend,2025-12-03,2025-12-03 03:20:00,success,7487,224,
R002022,hubspot_leads,2025-12-03,2025-12-03 02:39:00,success,9086,373,
R002023,ats_submittals,2025-12-04,2025-12-04 04:26:00,success,9864,276,
R002024,ats_vacancies,2025-12-04,2025-12-04 05:58:00,success,6615,46,
R002025,stripe_invoices,2025-12-04,2025-12-04 04:33:00,success,6978,233,
R002026,ga4_sessions,2025-12-04,2025-12-04 02:18:00,success,6302,1007,
R002027,ads_spend,2025-12-04,2025-12-04 02:19:00,success,6404,273,
R002028,hubspot_leads,2025-12-04,2025-12-04 04:11:00,success,5177,294,
R002029,ats_submittals,2025-12-05,2025-12-05 03:15:00,success,10499,231,
R002030,ats_vacancies,2025-12-05,2025-12-05 03:11:00,success,6368,347,
R002031,stripe_invoices,2025-12-05,2025-12-05 02:54:00,success,7106,197,
R002032,ga4_sessions,2025-12-05,2025-12-05 02:14:00,success,10328,913,
R002033,ads_spend,2025-12-05,2025-12-05 05:45:00,success,8331,202,
R002034,hubspot_leads,2025-12-05,2025-12-05 02:58:00,success,7301,133,
R002035,ats_submittals,2025-12-06,2025-12-06 03:58:00,success,2963,239,
R002036,ats_vacancies,2025-12-06,2025-12-06 04:26:00,success,1590,205,
R002037,stripe_invoices,2025-12-06,2025-12-06 03:25:00,success,2838,184,
R002038,ga4_sessions,2025-12-06,2025-12-06 03:48:00,success,1976,570,
R002039,ads_spend,2025-12-06,2025-12-06 02:34:00,success,1603,252,
R002040,hubspot_leads,2025-12-06,2025-12-06 05:13:00,failed,0,288,Source returned 0 rows
R002041,ats_submittals,2025-12-07,2025-12-07 03:18:00,success,1687,164,
R002042,ats_vacancies,2025-12-07,2025-12-07 05:39:00,success,1893,263,
R002043,stripe_invoices,2025-12-07,2025-12-07 04:40:00,success,1593,187,
R002044,ga4_sessions,2025-12-07,2025-12-07 04:59:00,success,1699,601,
R002045,ads_spend,2025-12-07,2025-12-07 05:14:00,failed,0,197,API rate limit exceeded
R002046,hubspot_leads,2025-12-07,2025-12-07 05:16:00,success,1930,316,
R002047,ats_submittals,2025-12-08,2025-12-08 05:21:00,success,7365,297,
R002048,ats_vacancies,2025-12-08,2025-12-08 05:54:00,success,8228,206,
R002049,stripe_invoices,2025-12-08,2025-12-08 02:55:00,success,6304,222,
R002050,ga4_sessions,2025-12-08,2025-12-08 02:17:00,success,10335,683,
R002051,ads_spend,2025-12-08,2025-12-08 05:28:00,success,5762,168,
R002052,hubspot_leads,2025-12-08,2025-12-08 05:51:00,success,8996,189,
R002053,ats_submittals,2025-12-09,2025-12-09 03:18:00,success,10509,276,
R002054,ats_vacancies,2025-12-09,2025-12-09 05:56:00,success,8107,168,
R002055,stripe_invoices,2025-12-09,2025-12-09 04:49:00,success,3910,348,
R002056,ga4_sessions,2025-12-09,2025-12-09 04:54:00,success,11786,339,
R002057,ads_spend,2025-12-09,2025-12-09 03:10:00,success,6756,271,
R002058,hubspot_leads,2025-12-09,2025-12-09 03:51:00,success,6751,271,
R002059,ats_submittals,2025-12-10,2025-12-10 05:40:00,failed,0,68,Auth token expired
R002060,ats_vacancies,2025-12-10,2025-12-10 04:59:00,success,5394,400,
R002061,stripe_invoices,2025-12-10,2025-12-10 05:41:00,success,10980,238,
R002062,ga4_sessions,2025-12-10,2025-12-10 02:47:00,success,8861,648,
R002063,ads_spend,2025-12-10,2025-12-10 03:34:00,success,5762,239,
R002064,hubspot_leads,2025-12-10,2025-12-10 02:53:00,success,4535,192,
R002065,ats_submittals,2025-12-11,2025-12-11 02:31:00,success,6579,235,
R002066,ats_vacancies,2025-12-11,2025-12-11 03:23:00,success,3515,235,
R002067,stripe_invoices,2025-12-11,2025-12-11 03:48:00,success,9208,114,
R002068,ga4_sessions,2025-12-11,2025-12-11 03:50:00,success,8334,376,
R002069,ads_spend,2025-12-11,2025-12-11 04:57:00,failed,0,71,Duplicate key on merge
R002070,hubspot_leads,2025-12-11,2025-12-11 04:29:00,success,3435,323,
R002071,ats_submittals,2025-12-12,2025-12-12 02:38:00,success,11972,252,
R002072,ats_vacancies,2025-12-12,2025-12-12 04:13:00,success,9798,40,
R002073,stripe_invoices,2025-12-12,2025-12-12 03:17:00,success,6625,119,
R002074,ga4_sessions,2025-12-12,2025-12-12 03:22:00,success,5586,607,
R002075,ads_spend,2025-12-12,2025-12-12 05:29:00,failed,0,250,Auth token expired
R002076,hubspot_leads,2025-12-12,2025-12-12 04:52:00,success,7709,159,
R002077,ats_submittals,2025-12-13,2025-12-13 04:44:00,success,2201,296,
R002078,ats_vacancies,2025-12-13,2025-12-13 02:44:00,success,2091,275,
R002079,stripe_invoices,2025-12-13,2025-12-13 02:12:00,success,2426,64,
R002080,ga4_sessions,2025-12-13,2025-12-13 03:17:00,success,1815,785,
R002081,ads_spend,2025-12-13,2025-12-13 03:17:00,success,2542,234,
R002082,hubspot_leads,2025-12-13,2025-12-13 05:14:00,success,1952,188,
R002083,ats_submittals,2025-12-14,2025-12-14 02:15:00,success,1558,112,
R002084,ats_vacancies,2025-12-14,2025-12-14 04:28:00,success,1431,249,
R002085,stripe_invoices,2025-12-14,2025-12-14 03:41:00,success,1315,300,
R002086,ga4_sessions,2025-12-14,2025-12-14 02:23:00,success,1994,621,
R002087,ads_spend,2025-12-14,2025-12-14 04:11:00,success,2290,96,
R002088,hubspot_leads,2025-12-14,2025-12-14 04:13:00,failed,0,130,API rate limit exceeded
R002089,ats_submittals,2025-12-15,2025-12-15 04:33:00,success,4800,196,
R002090,ats_vacancies,2025-12-15,2025-12-15 02:11:00,success,9587,229,
R002091,stripe_invoices,2025-12-15,2025-12-15 04:23:00,success,1542,186,
R002092,ga4_sessions,2025-12-15,2025-12-15 03:48:00,success,5598,949,
R002093,ads_spend,2025-12-15,2025-12-15 04:16:00,success,8662,302,
R002094,hubspot_leads,2025-12-15,2025-12-15 02:32:00,success,8453,145,
R002095,ats_submittals,2025-12-16,2025-12-16 03:22:00,success,5707,185,
R002096,ats_vacancies,2025-12-16,2025-12-16 03:21:00,success,8982,116,
R002097,stripe_invoices,2025-12-16,2025-12-16 04:36:00,success,6383,115,
R002098,ga4_sessions,2025-12-16,2025-12-16 02:56:00,success,4226,748,
R002099,ads_spend,2025-12-16,2025-12-16 02:35:00,failed,0,284,Duplicate key on merge
R002100,hubspot_leads,2025-12-16,2025-12-16 05:17:00,success,9962,263,
R002101,ats_submittals,2025-12-17,2025-12-17 02:19:00,success,6807,98,
R002102,ats_vacancies,2025-12-17,2025-12-17 02:28:00,success,8225,187,
R002103,stripe_invoices,2025-12-17,2025-12-17 04:34:00,failed,0,204,Auth token expired
R002104,ga4_sessions,2025-12-17,2025-12-17 03:26:00,success,4929,679,
R002105,ads_spend,2025-12-17,2025-12-17 05:21:00,success,7584,229,
R002106,hubspot_leads,2025-12-17,2025-12-17 04:28:00,failed,0,248,Duplicate key on merge
R002107,ats_submittals,2025-12-18,2025-12-18 03:13:00,success,4405,111,
R002108,ats_vacancies,2025-12-18,2025-12-18 04:34:00,success,6445,176,
R002109,stripe_invoices,2025-12-18,2025-12-18 02:20:00,success,6957,255,
R002110,ga4_sessions,2025-12-18,2025-12-18 03:28:00,success,12530,803,
R002111,ads_spend,2025-12-18,2025-12-18 03:27:00,success,7305,229,
R002112,hubspot_leads,2025-12-18,2025-12-18 05:22:00,success,8084,247,
R002113,ats_submittals,2025-12-19,2025-12-19 04:19:00,success,8692,164,
R002114,ats_vacancies,2025-12-19,2025-12-19 05:52:00,success,3818,299,
R002115,stripe_invoices,2025-12-19,2025-12-19 02:20:00,success,6456,197,
R002116,ga4_sessions,2025-12-19,2025-12-19 03:27:00,success,10468,1033,
R002117,ads_spend,2025-12-19,2025-12-19 05:45:00,success,6445,324,
R002118,hubspot_leads,2025-12-19,2025-12-19 04:58:00,success,5018,216,
R002119,ats_submittals,2025-12-20,2025-12-20 04:35:00,success,1044,165,
R002120,ats_vacancies,2025-12-20,2025-12-20 04:57:00,success,1660,187,
R002121,stripe_invoices,2025-12-20,2025-12-20 05:56:00,success,1320,311,
R002122,ga4_sessions,2025-12-20,2025-12-20 02:51:00,success,2108,670,
R002123,ads_spend,2025-12-20,2025-12-20 02:33:00,failed,0,359,API rate limit exceeded
R002124,hubspot_leads,2025-12-20,2025-12-20 04:37:00,success,1546,250,
R002125,ats_submittals,2025-12-21,2025-12-21 04:36:00,success,1744,191,
R002126,ats_vacancies,2025-12-21,2025-12-21 02:18:00,success,1728,201,
R002127,stripe_invoices,2025-12-21,2025-12-21 05:45:00,success,1488,161,
R002128,ga4_sessions,2025-12-21,2025-12-21 03:22:00,success,2407,869,
R002129,ads_spend,2025-12-21,2025-12-21 03:18:00,failed,0,271,Timeout after 900s
R002130,hubspot_leads,2025-12-21,2025-12-21 04:44:00,success,1501,239,
R002131,ats_submittals,2025-12-22,2025-12-22 03:20:00,success,14245,181,
R002132,ats_vacancies,2025-12-22,2025-12-22 05:22:00,success,9206,324,
R002133,stripe_invoices,2025-12-22,2025-12-22 03:55:00,success,8484,153,
R002134,ga4_sessions,2025-12-22,2025-12-22 03:23:00,success,8342,695,
R002135,ads_spend,2025-12-22,2025-12-22 05:40:00,success,8225,270,
R002136,hubspot_leads,2025-12-22,2025-12-22 05:26:00,success,5660,275,
R002137,ats_submittals,2025-12-23,2025-12-23 03:50:00,success,5080,213,
R002138,ats_vacancies,2025-12-23,2025-12-23 03:53:00,success,9650,240,
R002139,stripe_invoices,2025-12-23,2025-12-23 03:45:00,success,3504,147,
R002140,ga4_sessions,2025-12-23,2025-12-23 05:47:00,success,8056,737,
R002141,ads_spend,2025-12-23,2025-12-23 02:23:00,success,8298,220,
R002142,hubspot_leads,2025-12-23,2025-12-23 04:35:00,success,6426,187,
R002143,ats_submittals,2025-12-24,2025-12-24 05:47:00,success,4079,306,
R002144,ats_vacancies,2025-12-24,2025-12-24 03:37:00,success,8080,148,
R002145,stripe_invoices,2025-12-24,2025-12-24 03:31:00,success,7472,186,
R002146,ga4_sessions,2025-12-24,2025-12-24 02:57:00,success,6678,642,
R002147,ads_spend,2025-12-24,2025-12-24 02:38:00,success,8262,161,
R002148,hubspot_leads,2025-12-24,2025-12-24 04:21:00,success,7331,313,
R002149,ats_submittals,2025-12-25,2025-12-25 02:40:00,success,11413,206,
R002150,ats_vacancies,2025-12-25,2025-12-25 04:12:00,success,8415,212,
R002151,stripe_invoices,2025-12-25,2025-12-25 03:42:00,success,6838,289,
R002152,ga4_sessions,2025-12-25,2025-12-25 03:13:00,success,8729,319,
R002153,ads_spend,2025-12-25,2025-12-25 04:13:00,success,10981,146,
R002154,hubspot_leads,2025-12-25,2025-12-25 04:57:00,success,6525,257,
R002155,ats_submittals,2025-12-26,2025-12-26 02:20:00,success,8043,105,
R002156,ats_vacancies,2025-12-26,2025-12-26 05:10:00,success,3833,272,
R002157,stripe_invoices,2025-12-26,2025-12-26 03:30:00,success,8863,226,
R002158,ga4_sessions,2025-12-26,2025-12-26 02:39:00,success,4053,465,
R002159,ads_spend,2025-12-26,2025-12-26 02:21:00,success,10082,396,
R002160,hubspot_leads,2025-12-26,2025-12-26 02:25:00,success,9699,272,
R002161,ats_submittals,2025-12-27,2025-12-27 03:44:00,success,1424,261,
R002162,ats_vacancies,2025-12-27,2025-12-27 03:54:00,success,2671,270,
R002163,stripe_invoices,2025-12-27,2025-12-27 04:28:00,success,1863,296,
R002164,ga4_sessions,2025-12-27,2025-12-27 02:34:00,success,1860,708,
R002165,ads_spend,2025-12-27,2025-12-27 04:30:00,success,3081,243,
R002166,hubspot_leads,2025-12-27,2025-12-27 03:55:00,success,1307,228,
R002167,ats_submittals,2025-12-28,2025-12-28 05:55:00,success,692,212,
R002168,ats_vacancies,2025-12-28,2025-12-28 02:50:00,success,2662,283,
R002169,stripe_invoices,2025-12-28,2025-12-28 03:48:00,success,1191,307,
R002170,ga4_sessions,2025-12-28,2025-12-28 04:19:00,success,1528,699,
R002171,ads_spend,2025-12-28,2025-12-28 05:13:00,success,1563,149,
R002172,hubspot_leads,2025-12-28,2025-12-28 05:51:00,failed,0,268,Auth token expired
R002173,ats_submittals,2025-12-29,2025-12-29 04:59:00,success,4506,155,
R002174,ats_vacancies,2025-12-29,2025-12-29 05:32:00,success,8074,259,
R002175,stripe_invoices,2025-12-29,2025-12-29 02:34:00,success,5312,192,
R002176,ga4_sessions,2025-12-29,2025-12-29 02:50:00,success,8860,1069,
R002177,ads_spend,2025-12-29,2025-12-29 03:36:00,success,9890,110,
R002178,hubspot_leads,2025-12-29,2025-12-29 05:53:00,success,7184,125,
R002179,ats_submittals,2025-12-30,2025-12-30 04:55:00,success,9345,166,
R002180,ats_vacancies,2025-12-30,2025-12-30 02:18:00,success,8191,20,
R002181,stripe_invoices,2025-12-30,2025-12-30 03:34:00,success,7136,178,
R002182,ga4_sessions,2025-12-30,2025-12-30 04:41:00,success,6831,887,
R002183,ads_spend,2025-12-30,2025-12-30 03:36:00,success,8487,267,
R002184,hubspot_leads,2025-12-30,2025-12-30 02:55:00,success,4240,68,
R002185,ats_submittals,2025-12-31,2025-12-31 05:47:00,success,8484,187,
R002186,ats_vacancies,2025-12-31,2025-12-31 03:14:00,success,5809,238,
R002187,stripe_invoices,2025-12-31,2025-12-31 03:27:00,success,13936,276,
R002188,ga4_sessions,2025-12-31,2025-12-31 05:35:00,success,9636,472,
R002189,ads_spend,2025-12-31,2025-12-31 02:38:00,success,8394,160,
R002190,hubspot_leads,2025-12-31,2025-12-31 02:17:00,success,6972,131,
R002191,ats_submittals,2026-01-01,2026-01-01 03:25:00,success,12149,175,
R002192,ats_vacancies,2026-01-01,2026-01-01 05:58:00,success,11558,96,
R002193,stripe_invoices,2026-01-01,2026-01-01 02:45:00,success,11925,178,
R002194,ga4_sessions,2026-01-01,2026-01-01 04:48:00,success,12986,307,
R002195,ads_spend,2026-01-01,2026-01-01 04:18:00,success,15158,255,
R002196,hubspot_leads,2026-01-01,2026-01-01 03:57:00,success,8400,223,
R002197,ats_submittals,2026-01-02,2026-01-02 04:22:00,success,12154,202,
R002198,ats_vacancies,2026-01-02,2026-01-02 03:23:00,success,12377,158,
R002199,stripe_invoices,2026-01-02,2026-01-02 02:53:00,success,4483,291,
R002200,ga4_sessions,2026-01-02,2026-01-02 04:57:00,success,2503,367,
R002201,ads_spend,2026-01-02,2026-01-02 04:52:00,success,15461,348,
R002202,hubspot_leads,2026-01-02,2026-01-02 05:50:00,success,9509,140,
R002203,ats_submittals,2026-01-03,2026-01-03 05:31:00,success,1772,216,
R002204,ats_vacancies,2026-01-03,2026-01-03 02:21:00,success,2892,196,
R002205,stripe_invoices,2026-01-03,2026-01-03 05:44:00,success,2906,288,
R002206,ga4_sessions,2026-01-03,2026-01-03 05:26:00,success,2861,907,
R002207,ads_spend,2026-01-03,2026-01-03 04:52:00,success,3433,195,
R002208,hubspot_leads,2026-01-03,2026-01-03 02:10:00,success,3586,213,
R002209,ats_submittals,2026-01-04,2026-01-04 02:58:00,success,3980,20,
R002210,ats_vacancies,2026-01-04,2026-01-04 05:31:00,success,2959,260,
R002211,stripe_invoices,2026-01-04,2026-01-04 03:46:00,success,3529,254,
R002212,ga4_sessions,2026-01-04,2026-01-04 04:52:00,success,3319,397,
R002213,ads_spend,2026-01-04,2026-01-04 03:21:00,success,2626,259,
R002214,hubspot_leads,2026-01-04,2026-01-04 05:55:00,success,2540,105,
R002215,ats_submittals,2026-01-05,2026-01-05 04:22:00,success,9596,184,
R002216,ats_vacancies,2026-01-05,2026-01-05 05:27:00,success,14985,186,
R002217,stripe_invoices,2026-01-05,2026-01-05 05:43:00,success,9071,192,
R002218,ga4_sessions,2026-01-05,2026-01-05 05:15:00,success,9629,658,
R002219,ads_spend,2026-01-05,2026-01-05 02:11:00,success,11273,193,
R002220,hubspot_leads,2026-01-05,2026-01-05 02:32:00,success,10708,284,
R002221,ats_submittals,2026-01-06,2026-01-06 04:49:00,success,12629,315,
R002222,ats_vacancies,2026-01-06,2026-01-06 05:41:00,success,10069,196,
R002223,stripe_invoices,2026-01-06,2026-01-06 02:56:00,success,12481,158,
R002224,ga4_sessions,2026-01-06,2026-01-06 05:48:00,success,10750,901,
R002225,ads_spend,2026-01-06,2026-01-06 02:30:00,success,6610,313,
R002226,hubspot_leads,2026-01-06,2026-01-06 02:28:00,success,11562,307,
R002227,ats_submittals,2026-01-07,2026-01-07 02:55:00,success,13190,169,
R002228,ats_vacancies,2026-01-07,2026-01-07 05:47:00,success,10092,165,
R002229,stripe_invoices,2026-01-07,2026-01-07 05:44:00,success,14120,345,
R002230,ga4_sessions,2026-01-07,2026-01-07 03:24:00,success,9098,766,
R002231,ads_spend,2026-01-07,2026-01-07 05:14:00,success,3979,191,
R002232,hubspot_leads,2026-01-07,2026-01-07 03:27:00,success,7449,133,
R002233,ats_submittals,2026-01-08,2026-01-08 04:15:00,success,13536,159,
R002234,ats_vacancies,2026-01-08,2026-01-08 05:40:00,success,13243,244,
R002235,stripe_invoices,2026-01-08,2026-01-08 04:13:00,success,9124,137,
R002236,ga4_sessions,2026-01-08,2026-01-08 02:11:00,success,15532,879,
R002237,ads_spend,2026-01-08,2026-01-08 05:16:00,success,12076,199,
R002238,hubspot_leads,2026-01-08,2026-01-08 05:58:00,success,10492,363,
R002239,ats_submittals,2026-01-09,2026-01-09 04:45:00,success,13351,119,
R002240,ats_vacancies,2026-01-09,2026-01-09 05:11:00,success,11808,239,
R002241,stripe_invoices,2026-01-09,2026-01-09 03:13:00,success,10586,270,
R002242,ga4_sessions,2026-01-09,2026-01-09 05:24:00,success,10717,1081,
R002243,ads_spend,2026-01-09,2026-01-09 05:59:00,failed,0,213,Duplicate key on merge
R002244,hubspot_leads,2026-01-09,2026-01-09 04:52:00,success,13505,236,
R002245,ats_submittals,2026-01-10,2026-01-10 04:44:00,success,3827,266,
R002246,ats_vacancies,2026-01-10,2026-01-10 04:11:00,success,1933,242,
R002247,stripe_invoices,2026-01-10,2026-01-10 05:16:00,success,3702,140,
R002248,ga4_sessions,2026-01-10,2026-01-10 05:49:00,success,1883,761,
R002249,ads_spend,2026-01-10,2026-01-10 03:46:00,success,2660,179,
R002250,hubspot_leads,2026-01-10,2026-01-10 03:55:00,success,1477,215,
R002251,ats_submittals,2026-01-11,2026-01-11 05:10:00,success,811,159,
R002252,ats_vacancies,2026-01-11,2026-01-11 03:31:00,success,2982,163,
R002253,stripe_invoices,2026-01-11,2026-01-11 03:18:00,success,3259,358,
R002254,ga4_sessions,2026-01-11,2026-01-11 02:29:00,success,3277,562,
R002255,ads_spend,2026-01-11,2026-01-11 05:27:00,success,2646,284,
R002256,hubspot_leads,2026-01-11,2026-01-11 02:38:00,success,1869,203,
R002257,ats_submittals,2026-01-12,2026-01-12 04:16:00,success,19088,229,
R002258,ats_vacancies,2026-01-12,2026-01-12 03:18:00,success,12186,244,
R002259,stripe_invoices,2026-01-12,2026-01-12 04:35:00,success,10650,258,
R002260,ga4_sessions,2026-01-12,2026-01-12 02:39:00,success,11439,759,
R002261,ads_spend,2026-01-12,2026-01-12 05:11:00,success,10341,178,
R002262,hubspot_leads,2026-01-12,2026-01-12 03:14:00,success,11511,319,
R002263,ats_submittals,2026-01-13,2026-01-13 02:45:00,success,10129,161,
R002264,ats_vacancies,2026-01-13,2026-01-13 05:24:00,success,7390,132,
R002265,stripe_invoices,2026-01-13,2026-01-13 05:10:00,success,12123,76,
R002266,ga4_sessions,2026-01-13,2026-01-13 04:45:00,success,6941,661,
R002267,ads_spend,2026-01-13,2026-01-13 02:43:00,success,8260,169,
R002268,hubspot_leads,2026-01-13,2026-01-13 04:50:00,success,12244,162,
R002269,ats_submittals,2026-01-14,2026-01-14 05:40:00,success,10154,227,
R002270,ats_vacancies,2026-01-14,2026-01-14 03:57:00,success,8735,211,
R002271,stripe_invoices,2026-01-14,2026-01-14 04:44:00,success,8736,233,
R002272,ga4_sessions,2026-01-14,2026-01-14 05:44:00,success,11851,598,
R002273,ads_spend,2026-01-14,2026-01-14 04:35:00,success,9505,167,
R002274,hubspot_leads,2026-01-14,2026-01-14 02:50:00,success,15224,111,
R002275,ats_submittals,2026-01-15,2026-01-15 04:24:00,success,9571,250,
R002276,ats_vacancies,2026-01-15,2026-01-15 05:30:00,success,8916,242,
R002277,stripe_invoices,2026-01-15,2026-01-15 03:14:00,success,8979,227,
R002278,ga4_sessions,2026-01-15,2026-01-15 02:32:00,success,6081,702,
R002279,ads_spend,2026-01-15,2026-01-15 03:40:00,success,18569,201,
R002280,hubspot_leads,2026-01-15,2026-01-15 05:40:00,success,7971,157,
R002281,ats_submittals,2026-01-16,2026-01-16 04:29:00,success,15064,297,
R002282,ats_vacancies,2026-01-16,2026-01-16 02:53:00,failed,0,226,Auth token expired
R002283,stripe_invoices,2026-01-16,2026-01-16 03:53:00,success,10541,164,
R002284,ga4_sessions,2026-01-16,2026-01-16 03:17:00,success,12361,886,
R002285,ads_spend,2026-01-16,2026-01-16 02:57:00,failed,0,61,Schema drift: new column
R002286,hubspot_leads,2026-01-16,2026-01-16 03:26:00,success,4702,278,
R002287,ats_submittals,2026-01-17,2026-01-17 05:50:00,success,2739,296,
R002288,ats_vacancies,2026-01-17,2026-01-17 02:44:00,success,2475,158,
R002289,stripe_invoices,2026-01-17,2026-01-17 05:28:00,success,3479,254,
R002290,ga4_sessions,2026-01-17,2026-01-17 04:15:00,success,1691,871,
R002291,ads_spend,2026-01-17,2026-01-17 02:18:00,success,2586,279,
R002292,hubspot_leads,2026-01-17,2026-01-17 04:43:00,success,2308,222,
R002293,ats_submittals,2026-01-18,2026-01-18 05:30:00,success,1929,184,
R002294,ats_vacancies,2026-01-18,2026-01-18 05:38:00,success,2415,166,
R002295,stripe_invoices,2026-01-18,2026-01-18 04:15:00,success,2592,282,
R002296,ga4_sessions,2026-01-18,2026-01-18 02:10:00,success,1552,671,
R002297,ads_spend,2026-01-18,2026-01-18 03:16:00,success,1939,162,
R002298,hubspot_leads,2026-01-18,2026-01-18 05:34:00,success,3112,237,
R002299,ats_submittals,2026-01-19,2026-01-19 05:26:00,success,13902,274,
R002300,ats_vacancies,2026-01-19,2026-01-19 04:32:00,success,6060,199,
R002301,stripe_invoices,2026-01-19,2026-01-19 02:23:00,success,11818,240,
R002302,ga4_sessions,2026-01-19,2026-01-19 02:12:00,success,9698,593,
R002303,ads_spend,2026-01-19,2026-01-19 03:57:00,success,10304,269,
R002304,hubspot_leads,2026-01-19,2026-01-19 03:28:00,success,10334,251,
R002305,ats_submittals,2026-01-20,2026-01-20 04:32:00,success,11086,213,
R002306,ats_vacancies,2026-01-20,2026-01-20 04:45:00,success,14154,139,
R002307,stripe_invoices,2026-01-20,2026-01-20 05:43:00,success,7990,133,
R002308,ga4_sessions,2026-01-20,2026-01-20 02:41:00,success,10890,853,
R002309,ads_spend,2026-01-20,2026-01-20 04:39:00,success,9509,204,
R002310,hubspot_leads,2026-01-20,2026-01-20 05:41:00,success,7371,245,
R002311,ats_submittals,2026-01-21,2026-01-21 02:50:00,success,13517,159,
R002312,ats_vacancies,2026-01-21,2026-01-21 02:22:00,success,13200,161,
R002313,stripe_invoices,2026-01-21,2026-01-21 03:27:00,success,9521,233,
R002314,ga4_sessions,2026-01-21,2026-01-21 03:49:00,success,12954,716,
R002315,ads_spend,2026-01-21,2026-01-21 03:21:00,success,12037,199,
R002316,hubspot_leads,2026-01-21,2026-01-21 03:37:00,success,6825,306,
R002317,ats_submittals,2026-01-22,2026-01-22 03:22:00,success,10051,240,
R002318,ats_vacancies,2026-01-22,2026-01-22 05:56:00,success,4304,191,
R002319,stripe_invoices,2026-01-22,2026-01-22 04:55:00,success,6024,151,
R002320,ga4_sessions,2026-01-22,2026-01-22 05:14:00,success,10638,580,
R002321,ads_spend,2026-01-22,2026-01-22 04:54:00,success,13611,158,
R002322,hubspot_leads,2026-01-22,2026-01-22 05:53:00,success,8036,122,
R002323,ats_submittals,2026-01-23,2026-01-23 05:51:00,success,11783,190,
R002324,ats_vacancies,2026-01-23,2026-01-23 05:58:00,success,12321,156,
R002325,stripe_invoices,2026-01-23,2026-01-23 03:41:00,success,9180,230,
R002326,ga4_sessions,2026-01-23,2026-01-23 04:43:00,success,14768,543,
R002327,ads_spend,2026-01-23,2026-01-23 03:23:00,success,5506,71,
R002328,hubspot_leads,2026-01-23,2026-01-23 04:41:00,success,9402,175,
R002329,ats_submittals,2026-01-24,2026-01-24 03:12:00,success,2884,296,
R002330,ats_vacancies,2026-01-24,2026-01-24 02:46:00,success,2927,196,
R002331,stripe_invoices,2026-01-24,2026-01-24 02:55:00,success,2312,259,
R002332,ga4_sessions,2026-01-24,2026-01-24 05:43:00,success,3018,239,
R002333,ads_spend,2026-01-24,2026-01-24 04:54:00,failed,0,416,API rate limit exceeded
R002334,hubspot_leads,2026-01-24,2026-01-24 04:22:00,success,1889,341,
R002335,ats_submittals,2026-01-25,2026-01-25 03:26:00,success,2810,307,
R002336,ats_vacancies,2026-01-25,2026-01-25 05:42:00,success,2600,222,
R002337,stripe_invoices,2026-01-25,2026-01-25 05:39:00,success,2467,189,
R002338,ga4_sessions,2026-01-25,2026-01-25 05:27:00,success,3834,267,
R002339,ads_spend,2026-01-25,2026-01-25 03:47:00,success,2781,273,
R002340,hubspot_leads,2026-01-25,2026-01-25 04:24:00,success,2293,157,
R002341,ats_submittals,2026-01-26,2026-01-26 04:49:00,success,9343,192,
R002342,ats_vacancies,2026-01-26,2026-01-26 04:11:00,success,10361,191,
R002343,stripe_invoices,2026-01-26,2026-01-26 03:24:00,success,9564,180,
R002344,ga4_sessions,2026-01-26,2026-01-26 05:50:00,success,11727,582,
R002345,ads_spend,2026-01-26,2026-01-26 02:44:00,success,8243,313,
R002346,hubspot_leads,2026-01-26,2026-01-26 02:56:00,success,11023,217,
R002347,ats_submittals,2026-01-27,2026-01-27 05:36:00,success,5139,228,
R002348,ats_vacancies,2026-01-27,2026-01-27 05:35:00,success,9696,227,
R002349,stripe_invoices,2026-01-27,2026-01-27 05:11:00,success,11817,200,
R002350,ga4_sessions,2026-01-27,2026-01-27 03:43:00,success,11139,627,
R002351,ads_spend,2026-01-27,2026-01-27 04:23:00,success,9236,227,
R002352,hubspot_leads,2026-01-27,2026-01-27 02:19:00,success,14212,347,
R002353,ats_submittals,2026-01-28,2026-01-28 04:15:00,success,9637,354,
R002354,ats_vacancies,2026-01-28,2026-01-28 03:50:00,success,5901,283,
R002355,stripe_invoices,2026-01-28,2026-01-28 04:38:00,success,7446,152,
R002356,ga4_sessions,2026-01-28,2026-01-28 04:24:00,success,12481,153,
R002357,ads_spend,2026-01-28,2026-01-28 05:31:00,failed,0,224,Duplicate key on merge
R002358,hubspot_leads,2026-01-28,2026-01-28 02:29:00,success,15549,212,
R002359,ats_submittals,2026-01-29,2026-01-29 05:20:00,success,8951,361,
R002360,ats_vacancies,2026-01-29,2026-01-29 04:54:00,success,9877,180,
R002361,stripe_invoices,2026-01-29,2026-01-29 05:51:00,success,7204,147,
R002362,ga4_sessions,2026-01-29,2026-01-29 04:24:00,success,11285,790,
R002363,ads_spend,2026-01-29,2026-01-29 04:14:00,failed,0,129,Timeout after 900s
R002364,hubspot_leads,2026-01-29,2026-01-29 04:19:00,success,7222,145,
R002365,ats_submittals,2026-01-30,2026-01-30 04:14:00,success,8587,213,
R002366,ats_vacancies,2026-01-30,2026-01-30 02:43:00,success,9599,222,
R002367,stripe_invoices,2026-01-30,2026-01-30 02:18:00,success,7014,120,
R002368,ga4_sessions,2026-01-30,2026-01-30 02:43:00,success,10305,712,
R002369,ads_spend,2026-01-30,2026-01-30 02:13:00,success,3871,342,
R002370,hubspot_leads,2026-01-30,2026-01-30 03:35:00,success,4668,139,
R002371,ats_submittals,2026-01-31,2026-01-31 03:12:00,success,2171,205,
R002372,ats_vacancies,2026-01-31,2026-01-31 04:50:00,success,3153,304,
R002373,stripe_invoices,2026-01-31,2026-01-31 03:20:00,success,1034,260,
R002374,ga4_sessions,2026-01-31,2026-01-31 05:26:00,success,2503,883,
R002375,ads_spend,2026-01-31,2026-01-31 02:40:00,success,1576,113,
R002376,hubspot_leads,2026-01-31,2026-01-31 04:50:00,success,2538,398,
R002377,ats_submittals,2026-02-01,2026-02-01 02:24:00,success,2211,218,
R002378,ats_vacancies,2026-02-01,2026-02-01 04:52:00,success,2409,151,
R002379,stripe_invoices,2026-02-01,2026-02-01 02:45:00,success,2479,92,
R002380,ga4_sessions,2026-02-01,2026-02-01 03:27:00,success,2536,1083,
R002381,ads_spend,2026-02-01,2026-02-01 05:39:00,success,3279,242,
R002382,hubspot_leads,2026-02-01,2026-02-01 03:39:00,success,3187,182,
R002383,ats_submittals,2026-02-02,2026-02-02 04:23:00,success,13358,278,
R002384,ats_vacancies,2026-02-02,2026-02-02 03:28:00,success,11434,220,
R002385,stripe_invoices,2026-02-02,2026-02-02 03:37:00,success,8364,404,
R002386,ga4_sessions,2026-02-02,2026-02-02 02:47:00,success,12397,495,
R002387,ads_spend,2026-02-02,2026-02-02 02:12:00,success,11671,236,
R002388,hubspot_leads,2026-02-02,2026-02-02 02:42:00,success,14534,151,
R002389,ats_submittals,2026-02-03,2026-02-03 05:12:00,success,13352,108,
R002390,ats_vacancies,2026-02-03,2026-02-03 04:49:00,success,11230,252,
R002391,stripe_invoices,2026-02-03,2026-02-03 04:59:00,success,14213,169,
R002392,ga4_sessions,2026-02-03,2026-02-03 04:51:00,success,13352,576,
R002393,ads_spend,2026-02-03,2026-02-03 04:46:00,success,11643,226,
R002394,hubspot_leads,2026-02-03,2026-02-03 03:37:00,success,13818,289,
R002395,ats_submittals,2026-02-04,2026-02-04 04:24:00,success,10934,201,
R002396,ats_vacancies,2026-02-04,2026-02-04 05:45:00,success,8468,317,
R002397,stripe_invoices,2026-02-04,2026-02-04 02:26:00,success,20634,239,
R002398,ga4_sessions,2026-02-04,2026-02-04 04:36:00,success,16398,554,
R002399,ads_spend,2026-02-04,2026-02-04 05:52:00,success,12586,111,
R002400,hubspot_leads,2026-02-04,2026-02-04 04:16:00,success,9193,211,
R002401,ats_submittals,2026-02-05,2026-02-05 02:18:00,success,16283,335,
R002402,ats_vacancies,2026-02-05,2026-02-05 04:23:00,success,12065,217,
R002403,stripe_invoices,2026-02-05,2026-02-05 05:27:00,success,9050,240,
R002404,ga4_sessions,2026-02-05,2026-02-05 05:57:00,success,14876,83,
R002405,ads_spend,2026-02-05,2026-02-05 03:31:00,success,13987,352,
R002406,hubspot_leads,2026-02-05,2026-02-05 03:46:00,failed,0,215,Auth token expired
R002407,ats_submittals,2026-02-06,2026-02-06 05:52:00,success,9395,221,
R002408,ats_vacancies,2026-02-06,2026-02-06 02:52:00,success,11859,159,
R002409,stripe_invoices,2026-02-06,2026-02-06 04:49:00,success,13818,239,
R002410,ga4_sessions,2026-02-06,2026-02-06 03:31:00,success,10257,496,
R002411,ads_spend,2026-02-06,2026-02-06 03:56:00,success,15591,195,
R002412,hubspot_leads,2026-02-06,2026-02-06 05:53:00,success,14140,206,
R002413,ats_submittals,2026-02-07,2026-02-07 05:44:00,success,3157,229,
R002414,ats_vacancies,2026-02-07,2026-02-07 04:26:00,success,2780,237,
R002415,stripe_invoices,2026-02-07,2026-02-07 02:19:00,success,3225,227,
R002416,ga4_sessions,2026-02-07,2026-02-07 02:44:00,success,4395,550,
R002417,ads_spend,2026-02-07,2026-02-07 03:33:00,success,1836,232,
R002418,hubspot_leads,2026-02-07,2026-02-07 05:47:00,success,2196,286,
R002419,ats_submittals,2026-02-08,2026-02-08 03:49:00,success,4400,250,
R002420,ats_vacancies,2026-02-08,2026-02-08 02:47:00,success,2973,275,
R002421,stripe_invoices,2026-02-08,2026-02-08 02:24:00,success,1805,240,
R002422,ga4_sessions,2026-02-08,2026-02-08 02:18:00,success,2267,573,
R002423,ads_spend,2026-02-08,2026-02-08 05:57:00,success,3503,204,
R002424,hubspot_leads,2026-02-08,2026-02-08 04:18:00,success,3489,270,
R002425,ats_submittals,2026-02-09,2026-02-09 03:22:00,success,9586,51,
R002426,ats_vacancies,2026-02-09,2026-02-09 04:20:00,success,13406,142,
R002427,stripe_invoices,2026-02-09,2026-02-09 04:39:00,success,6477,240,
R002428,ga4_sessions,2026-02-09,2026-02-09 02:36:00,success,14854,440,
R002429,ads_spend,2026-02-09,2026-02-09 02:55:00,success,16795,136,
R002430,hubspot_leads,2026-02-09,2026-02-09 03:17:00,success,13267,259,
R002431,ats_submittals,2026-02-10,2026-02-10 05:12:00,success,10895,122,
R002432,ats_vacancies,2026-02-10,2026-02-10 04:46:00,success,17453,83,
R002433,stripe_invoices,2026-02-10,2026-02-10 04:41:00,success,15542,270,
R002434,ga4_sessions,2026-02-10,2026-02-10 03:23:00,success,7776,1040,
R002435,ads_spend,2026-02-10,2026-02-10 03:19:00,success,10488,400,
R002436,hubspot_leads,2026-02-10,2026-02-10 03:42:00,success,10403,350,
R002437,ats_submittals,2026-02-11,2026-02-11 03:40:00,success,7585,194,
R002438,ats_vacancies,2026-02-11,2026-02-11 04:37:00,success,5161,249,
R002439,stripe_invoices,2026-02-11,2026-02-11 05:10:00,success,12255,195,
R002440,ga4_sessions,2026-02-11,2026-02-11 04:54:00,success,5632,527,
R002441,ads_spend,2026-02-11,2026-02-11 03:30:00,success,11848,146,
R002442,hubspot_leads,2026-02-11,2026-02-11 04:24:00,success,13574,304,
R002443,ats_submittals,2026-02-12,2026-02-12 04:49:00,success,3783,178,
R002444,ats_vacancies,2026-02-12,2026-02-12 03:36:00,success,15507,266,
R002445,stripe_invoices,2026-02-12,2026-02-12 05:43:00,success,18484,215,
R002446,ga4_sessions,2026-02-12,2026-02-12 02:26:00,success,7161,674,
R002447,ads_spend,2026-02-12,2026-02-12 05:34:00,success,10037,255,
R002448,hubspot_leads,2026-02-12,2026-02-12 02:23:00,failed,0,138,Duplicate key on merge
R002449,ats_submittals,2026-02-13,2026-02-13 03:24:00,success,11315,187,
R002450,ats_vacancies,2026-02-13,2026-02-13 02:29:00,success,12132,174,
R002451,stripe_invoices,2026-02-13,2026-02-13 04:37:00,success,8324,174,
R002452,ga4_sessions,2026-02-13,2026-02-13 03:56:00,success,13771,532,
R002453,ads_spend,2026-02-13,2026-02-13 04:11:00,failed,0,109,Timeout after 900s
R002454,hubspot_leads,2026-02-13,2026-02-13 05:32:00,success,14363,275,
R002455,ats_submittals,2026-02-14,2026-02-14 02:54:00,success,2945,205,
R002456,ats_vacancies,2026-02-14,2026-02-14 04:39:00,success,3956,74,
R002457,stripe_invoices,2026-02-14,2026-02-14 04:46:00,success,2508,260,
R002458,ga4_sessions,2026-02-14,2026-02-14 05:40:00,success,1764,788,
R002459,ads_spend,2026-02-14,2026-02-14 05:46:00,success,2800,120,
R002460,hubspot_leads,2026-02-14,2026-02-14 02:19:00,success,1029,248,
R002461,ats_submittals,2026-02-15,2026-02-15 03:46:00,success,5191,160,
R002462,ats_vacancies,2026-02-15,2026-02-15 02:43:00,success,3057,190,
R002463,stripe_invoices,2026-02-15,2026-02-15 03:58:00,success,4222,100,
R002464,ga4_sessions,2026-02-15,2026-02-15 04:38:00,success,2828,404,
R002465,ads_spend,2026-02-15,2026-02-15 05:21:00,success,4514,286,
R002466,hubspot_leads,2026-02-15,2026-02-15 03:21:00,success,2209,161,
R002467,ats_submittals,2026-02-16,2026-02-16 03:29:00,success,9000,171,
R002468,ats_vacancies,2026-02-16,2026-02-16 02:50:00,success,8058,298,
R002469,stripe_invoices,2026-02-16,2026-02-16 03:12:00,success,11453,198,
R002470,ga4_sessions,2026-02-16,2026-02-16 02:11:00,success,15920,393,
R002471,ads_spend,2026-02-16,2026-02-16 04:53:00,success,12131,189,
R002472,hubspot_leads,2026-02-16,2026-02-16 04:18:00,success,14599,239,
R002473,ats_submittals,2026-02-17,2026-02-17 03:53:00,success,8586,223,
R002474,ats_vacancies,2026-02-17,2026-02-17 03:28:00,success,11545,227,
R002475,stripe_invoices,2026-02-17,2026-02-17 05:55:00,success,12097,188,
R002476,ga4_sessions,2026-02-17,2026-02-17 02:47:00,success,7607,950,
R002477,ads_spend,2026-02-17,2026-02-17 04:30:00,success,13984,171,
R002478,hubspot_leads,2026-02-17,2026-02-17 03:15:00,success,14031,178,
R002479,ats_submittals,2026-02-18,2026-02-18 02:35:00,success,9446,290,
R002480,ats_vacancies,2026-02-18,2026-02-18 04:50:00,success,13040,252,
R002481,stripe_invoices,2026-02-18,2026-02-18 05:37:00,success,13390,142,
R002482,ga4_sessions,2026-02-18,2026-02-18 05:14:00,success,17341,548,
R002483,ads_spend,2026-02-18,2026-02-18 05:15:00,success,13056,337,
R002484,hubspot_leads,2026-02-18,2026-02-18 02:32:00,success,12778,236,
R002485,ats_submittals,2026-02-19,2026-02-19 03:31:00,success,13427,237,
R002486,ats_vacancies,2026-02-19,2026-02-19 03:37:00,success,15383,196,
R002487,stripe_invoices,2026-02-19,2026-02-19 04:12:00,success,5083,282,
R002488,ga4_sessions,2026-02-19,2026-02-19 04:14:00,success,12267,748,
R002489,ads_spend,2026-02-19,2026-02-19 03:30:00,success,14493,214,
R002490,hubspot_leads,2026-02-19,2026-02-19 02:12:00,success,14777,279,
R002491,ats_submittals,2026-02-20,2026-02-20 03:10:00,success,13827,288,
R002492,ats_vacancies,2026-02-20,2026-02-20 05:19:00,success,17659,231,
R002493,stripe_invoices,2026-02-20,2026-02-20 03:58:00,success,12912,204,
R002494,ga4_sessions,2026-02-20,2026-02-20 02:17:00,success,16589,667,
R002495,ads_spend,2026-02-20,2026-02-20 02:32:00,success,6753,210,
R002496,hubspot_leads,2026-02-20,2026-02-20 04:58:00,success,8611,157,
R002497,ats_submittals,2026-02-21,2026-02-21 03:31:00,success,2442,114,
R002498,ats_vacancies,2026-02-21,2026-02-21 03:33:00,success,2537,323,
R002499,stripe_invoices,2026-02-21,2026-02-21 05:33:00,success,2064,174,
R002500,ga4_sessions,2026-02-21,2026-02-21 04:32:00,success,4193,917,
R002501,ads_spend,2026-02-21,2026-02-21 02:23:00,success,3292,249,
R002502,hubspot_leads,2026-02-21,2026-02-21 05:27:00,failed,0,234,Source returned 0 rows
R002503,ats_submittals,2026-02-22,2026-02-22 04:11:00,success,2948,271,
R002504,ats_vacancies,2026-02-22,2026-02-22 02:53:00,success,3272,200,
R002505,stripe_invoices,2026-02-22,2026-02-22 03:17:00,success,2929,232,
R002506,ga4_sessions,2026-02-22,2026-02-22 05:55:00,success,3470,677,
R002507,ads_spend,2026-02-22,2026-02-22 03:57:00,failed,0,141,API rate limit exceeded
R002508,hubspot_leads,2026-02-22,2026-02-22 02:54:00,success,1954,186,
R002509,ats_submittals,2026-02-23,2026-02-23 03:37:00,success,14117,108,
R002510,ats_vacancies,2026-02-23,2026-02-23 04:44:00,success,9670,330,
R002511,stripe_invoices,2026-02-23,2026-02-23 04:36:00,success,9658,194,
R002512,ga4_sessions,2026-02-23,2026-02-23 03:49:00,success,17522,642,
R002513,ads_spend,2026-02-23,2026-02-23 02:35:00,success,6662,307,
R002514,hubspot_leads,2026-02-23,2026-02-23 04:11:00,success,10393,224,
R002515,ats_submittals,2026-02-24,2026-02-24 05:49:00,success,10553,116,
R002516,ats_vacancies,2026-02-24,2026-02-24 05:26:00,success,10615,264,
R002517,stripe_invoices,2026-02-24,2026-02-24 02:18:00,success,17461,201,
R002518,ga4_sessions,2026-02-24,2026-02-24 03:54:00,success,12037,732,
R002519,ads_spend,2026-02-24,2026-02-24 02:17:00,success,12142,243,
R002520,hubspot_leads,2026-02-24,2026-02-24 05:35:00,success,9685,227,
R002521,ats_submittals,2026-02-25,2026-02-25 05:37:00,success,14412,275,
R002522,ats_vacancies,2026-02-25,2026-02-25 02:29:00,success,13029,262,
R002523,stripe_invoices,2026-02-25,2026-02-25 04:48:00,success,13292,156,
R002524,ga4_sessions,2026-02-25,2026-02-25 02:35:00,success,14140,888,
R002525,ads_spend,2026-02-25,2026-02-25 02:18:00,success,9274,182,
R002526,hubspot_leads,2026-02-25,2026-02-25 04:32:00,success,8591,130,
R002527,ats_submittals,2026-02-26,2026-02-26 03:29:00,success,13485,195,
R002528,ats_vacancies,2026-02-26,2026-02-26 02:55:00,success,14057,257,
R002529,stripe_invoices,2026-02-26,2026-02-26 04:46:00,success,9279,170,
R002530,ga4_sessions,2026-02-26,2026-02-26 02:57:00,success,10709,780,
R002531,ads_spend,2026-02-26,2026-02-26 02:28:00,success,13393,179,
R002532,hubspot_leads,2026-02-26,2026-02-26 04:17:00,success,15016,309,
R002533,ats_submittals,2026-02-27,2026-02-27 04:33:00,success,18596,229,
R002534,ats_vacancies,2026-02-27,2026-02-27 04:55:00,success,12252,103,
R002535,stripe_invoices,2026-02-27,2026-02-27 04:38:00,success,12172,144,
R002536,ga4_sessions,2026-02-27,2026-02-27 04:52:00,success,10957,707,
R002537,ads_spend,2026-02-27,2026-02-27 02:36:00,success,14367,224,
R002538,hubspot_leads,2026-02-27,2026-02-27 05:22:00,success,7157,171,
R002539,ats_submittals,2026-02-28,2026-02-28 04:47:00,success,2764,192,
R002540,ats_vacancies,2026-02-28,2026-02-28 04:31:00,success,2735,258,
R002541,stripe_invoices,2026-02-28,2026-02-28 02:46:00,success,3718,195,
R002542,ga4_sessions,2026-02-28,2026-02-28 05:43:00,success,3161,729,
R002543,ads_spend,2026-02-28,2026-02-28 05:58:00,success,2515,204,
R002544,hubspot_leads,2026-02-28,2026-02-28 03:48:00,success,3144,354,
R002545,ats_submittals,2026-03-01,2026-03-01 02:50:00,success,3166,169,
R002546,ats_vacancies,2026-03-01,2026-03-01 02:10:00,success,1510,166,
R002547,stripe_invoices,2026-03-01,2026-03-01 05:34:00,success,4129,278,
R002548,ga4_sessions,2026-03-01,2026-03-01 05:29:00,success,3345,913,
R002549,ads_spend,2026-03-01,2026-03-01 02:11:00,success,3468,203,
R002550,hubspot_leads,2026-03-01,2026-03-01 04:18:00,success,3882,156,
R002551,ats_submittals,2026-03-02,2026-03-02 04:45:00,success,14022,210,
R002552,ats_vacancies,2026-03-02,2026-03-02 05:58:00,success,15147,141,
R002553,stripe_invoices,2026-03-02,2026-03-02 02:41:00,success,12424,233,
R002554,ga4_sessions,2026-03-02,2026-03-02 02:55:00,success,13487,568,
R002555,ads_spend,2026-03-02,2026-03-02 03:48:00,success,9224,287,
R002556,hubspot_leads,2026-03-02,2026-03-02 04:17:00,success,10681,202,
R002557,ats_submittals,2026-03-03,2026-03-03 04:14:00,success,14662,210,
R002558,ats_vacancies,2026-03-03,2026-03-03 02:36:00,success,10030,304,
R002559,stripe_invoices,2026-03-03,2026-03-03 02:27:00,success,7206,100,
R002560,ga4_sessions,2026-03-03,2026-03-03 05:51:00,success,7650,286,
R002561,ads_spend,2026-03-03,2026-03-03 03:50:00,success,11000,217,
R002562,hubspot_leads,2026-03-03,2026-03-03 03:48:00,success,17240,214,
R002563,ats_submittals,2026-03-04,2026-03-04 04:30:00,success,10154,100,
R002564,ats_vacancies,2026-03-04,2026-03-04 02:19:00,success,10041,238,
R002565,stripe_invoices,2026-03-04,2026-03-04 05:49:00,success,9176,206,
R002566,ga4_sessions,2026-03-04,2026-03-04 02:52:00,success,15750,611,
R002567,ads_spend,2026-03-04,2026-03-04 04:54:00,success,15339,238,
R002568,hubspot_leads,2026-03-04,2026-03-04 05:11:00,success,13721,232,
R002569,ats_submittals,2026-03-05,2026-03-05 02:53:00,success,11523,370,
R002570,ats_vacancies,2026-03-05,2026-03-05 02:24:00,success,15077,158,
R002571,stripe_invoices,2026-03-05,2026-03-05 02:44:00,success,9683,252,
R002572,ga4_sessions,2026-03-05,2026-03-05 04:36:00,success,8821,131,
R002573,ads_spend,2026-03-05,2026-03-05 03:46:00,success,14379,217,
R002574,hubspot_leads,2026-03-05,2026-03-05 04:31:00,success,9194,188,
R002575,ats_submittals,2026-03-06,2026-03-06 05:15:00,success,16438,259,
R002576,ats_vacancies,2026-03-06,2026-03-06 03:19:00,success,17221,162,
R002577,stripe_invoices,2026-03-06,2026-03-06 02:21:00,success,9369,267,
R002578,ga4_sessions,2026-03-06,2026-03-06 03:23:00,success,10995,934,
R002579,ads_spend,2026-03-06,2026-03-06 03:49:00,success,10524,182,
R002580,hubspot_leads,2026-03-06,2026-03-06 04:43:00,success,13927,168,
R002581,ats_submittals,2026-03-07,2026-03-07 05:30:00,success,2580,195,
R002582,ats_vacancies,2026-03-07,2026-03-07 03:28:00,success,2389,92,
R002583,stripe_invoices,2026-03-07,2026-03-07 04:19:00,failed,0,165,Duplicate key on merge
R002584,ga4_sessions,2026-03-07,2026-03-07 05:36:00,success,3286,689,
R002585,ads_spend,2026-03-07,2026-03-07 02:29:00,success,2558,227,
R002586,hubspot_leads,2026-03-07,2026-03-07 02:43:00,success,2049,302,
R002587,ats_submittals,2026-03-08,2026-03-08 02:55:00,success,707,155,
R002588,ats_vacancies,2026-03-08,2026-03-08 03:57:00,success,1589,267,
R002589,stripe_invoices,2026-03-08,2026-03-08 02:47:00,success,3006,170,
R002590,ga4_sessions,2026-03-08,2026-03-08 05:15:00,success,2185,116,
R002591,ads_spend,2026-03-08,2026-03-08 03:47:00,success,3052,296,
R002592,hubspot_leads,2026-03-08,2026-03-08 02:47:00,success,2551,206,
R002593,ats_submittals,2026-03-09,2026-03-09 05:24:00,success,10474,311,
R002594,ats_vacancies,2026-03-09,2026-03-09 05:41:00,success,9769,181,
R002595,stripe_invoices,2026-03-09,2026-03-09 03:48:00,success,14619,156,
R002596,ga4_sessions,2026-03-09,2026-03-09 05:15:00,success,15751,245,
R002597,ads_spend,2026-03-09,2026-03-09 05:24:00,success,11809,200,
R002598,hubspot_leads,2026-03-09,2026-03-09 03:13:00,success,10616,228,
R002599,ats_submittals,2026-03-10,2026-03-10 03:43:00,success,12756,121,
R002600,ats_vacancies,2026-03-10,2026-03-10 05:23:00,success,11663,281,
R002601,stripe_invoices,2026-03-10,2026-03-10 02:13:00,success,11768,242,
R002602,ga4_sessions,2026-03-10,2026-03-10 05:30:00,success,11138,585,
R002603,ads_spend,2026-03-10,2026-03-10 04:57:00,success,12316,248,
R002604,hubspot_leads,2026-03-10,2026-03-10 02:48:00,success,9085,318,
R002605,ats_submittals,2026-03-11,2026-03-11 03:48:00,success,13105,305,
R002606,ats_vacancies,2026-03-11,2026-03-11 04:38:00,success,17165,101,
R002607,stripe_invoices,2026-03-11,2026-03-11 02:56:00,success,12987,254,
R002608,ga4_sessions,2026-03-11,2026-03-11 02:17:00,success,8256,286,
R002609,ads_spend,2026-03-11,2026-03-11 05:51:00,success,8086,303,
R002610,hubspot_leads,2026-03-11,2026-03-11 02:42:00,success,9698,290,
R002611,ats_submittals,2026-03-12,2026-03-12 03:42:00,success,8287,125,
R002612,ats_vacancies,2026-03-12,2026-03-12 05:39:00,success,9984,242,
R002613,stripe_invoices,2026-03-12,2026-03-12 05:39:00,success,9068,233,
R002614,ga4_sessions,2026-03-12,2026-03-12 04:51:00,success,8727,409,
R002615,ads_spend,2026-03-12,2026-03-12 02:28:00,success,9479,319,
R002616,hubspot_leads,2026-03-12,2026-03-12 04:42:00,success,17314,169,
R002617,ats_submittals,2026-03-13,2026-03-13 03:27:00,success,7751,292,
R002618,ats_vacancies,2026-03-13,2026-03-13 03:17:00,success,17461,230,
R002619,stripe_invoices,2026-03-13,2026-03-13 04:28:00,success,10923,251,
R002620,ga4_sessions,2026-03-13,2026-03-13 02:47:00,success,11891,519,
R002621,ads_spend,2026-03-13,2026-03-13 03:30:00,success,10832,126,
R002622,hubspot_leads,2026-03-13,2026-03-13 04:41:00,success,11980,159,
R002623,ats_submittals,2026-03-14,2026-03-14 05:45:00,success,2716,205,
R002624,ats_vacancies,2026-03-14,2026-03-14 05:33:00,success,2407,229,
R002625,stripe_invoices,2026-03-14,2026-03-14 02:10:00,success,2411,237,
R002626,ga4_sessions,2026-03-14,2026-03-14 03:18:00,success,3383,786,
R002627,ads_spend,2026-03-14,2026-03-14 04:40:00,success,3525,309,
R002628,hubspot_leads,2026-03-14,2026-03-14 05:58:00,success,2183,258,
R002629,ats_submittals,2026-03-15,2026-03-15 02:36:00,success,3767,292,
R002630,ats_vacancies,2026-03-15,2026-03-15 04:10:00,success,3566,147,
R002631,stripe_invoices,2026-03-15,2026-03-15 03:11:00,success,1857,151,
R002632,ga4_sessions,2026-03-15,2026-03-15 05:12:00,success,2598,794,
R002633,ads_spend,2026-03-15,2026-03-15 04:30:00,success,2441,111,
R002634,hubspot_leads,2026-03-15,2026-03-15 03:49:00,success,2936,288,
R002635,ats_submittals,2026-03-16,2026-03-16 04:48:00,success,18952,290,
R002636,ats_vacancies,2026-03-16,2026-03-16 04:11:00,success,16065,233,
R002637,stripe_invoices,2026-03-16,2026-03-16 03:30:00,success,3261,250,
R002638,ga4_sessions,2026-03-16,2026-03-16 03:10:00,success,9968,361,
R002639,ads_spend,2026-03-16,2026-03-16 02:47:00,success,18948,132,
R002640,hubspot_leads,2026-03-16,2026-03-16 02:59:00,success,12401,269,
R002641,ats_submittals,2026-03-17,2026-03-17 05:23:00,success,14887,170,
R002642,ats_vacancies,2026-03-17,2026-03-17 04:29:00,success,11910,156,
R002643,stripe_invoices,2026-03-17,2026-03-17 02:33:00,success,14020,78,
R002644,ga4_sessions,2026-03-17,2026-03-17 03:21:00,success,10013,907,
R002645,ads_spend,2026-03-17,2026-03-17 04:15:00,success,9117,258,
R002646,hubspot_leads,2026-03-17,2026-03-17 03:47:00,success,13218,22,
R002647,ats_submittals,2026-03-18,2026-03-18 02:22:00,success,10276,345,
R002648,ats_vacancies,2026-03-18,2026-03-18 04:16:00,success,18305,173,
R002649,stripe_invoices,2026-03-18,2026-03-18 05:14:00,success,14444,317,
R002650,ga4_sessions,2026-03-18,2026-03-18 04:24:00,success,9965,44,
R002651,ads_spend,2026-03-18,2026-03-18 03:23:00,success,11759,204,
R002652,hubspot_leads,2026-03-18,2026-03-18 04:43:00,success,12625,305,
R002653,ats_submittals,2026-03-19,2026-03-19 02:43:00,success,12591,141,
R002654,ats_vacancies,2026-03-19,2026-03-19 04:17:00,success,13824,114,
R002655,stripe_invoices,2026-03-19,2026-03-19 02:33:00,success,8260,256,
R002656,ga4_sessions,2026-03-19,2026-03-19 04:36:00,success,10763,734,
R002657,ads_spend,2026-03-19,2026-03-19 02:28:00,success,16761,251,
R002658,hubspot_leads,2026-03-19,2026-03-19 03:22:00,success,17007,197,
R002659,ats_submittals,2026-03-20,2026-03-20 03:47:00,success,14041,251,
R002660,ats_vacancies,2026-03-20,2026-03-20 04:35:00,success,8734,210,
R002661,stripe_invoices,2026-03-20,2026-03-20 02:31:00,success,6217,136,
R002662,ga4_sessions,2026-03-20,2026-03-20 02:31:00,success,9553,609,
R002663,ads_spend,2026-03-20,2026-03-20 03:20:00,success,4729,33,
R002664,hubspot_leads,2026-03-20,2026-03-20 05:13:00,success,14314,188,
R002665,ats_submittals,2026-03-21,2026-03-21 03:28:00,success,3568,154,
R002666,ats_vacancies,2026-03-21,2026-03-21 02:55:00,success,2930,264,
R002667,stripe_invoices,2026-03-21,2026-03-21 02:37:00,success,3016,305,
R002668,ga4_sessions,2026-03-21,2026-03-21 03:37:00,success,3676,264,
R002669,ads_spend,2026-03-21,2026-03-21 04:37:00,success,1225,82,
R002670,hubspot_leads,2026-03-21,2026-03-21 02:54:00,success,5463,271,
R002671,ats_submittals,2026-03-22,2026-03-22 05:18:00,success,4792,125,
R002672,ats_vacancies,2026-03-22,2026-03-22 05:51:00,success,3722,345,
R002673,stripe_invoices,2026-03-22,2026-03-22 05:14:00,success,3226,292,
R002674,ga4_sessions,2026-03-22,2026-03-22 04:33:00,success,2982,942,
R002675,ads_spend,2026-03-22,2026-03-22 03:25:00,success,2558,129,
R002676,hubspot_leads,2026-03-22,2026-03-22 02:15:00,success,3339,238,
R002677,ats_submittals,2026-03-23,2026-03-23 02:46:00,success,9887,201,
R002678,ats_vacancies,2026-03-23,2026-03-23 03:28:00,success,15258,288,
R002679,stripe_invoices,2026-03-23,2026-03-23 05:17:00,success,6247,224,
R002680,ga4_sessions,2026-03-23,2026-03-23 03:56:00,success,12441,610,
R002681,ads_spend,2026-03-23,2026-03-23 03:12:00,success,15445,284,
R002682,hubspot_leads,2026-03-23,2026-03-23 04:13:00,success,14053,246,
R002683,ats_submittals,2026-03-24,2026-03-24 02:37:00,success,11828,215,
R002684,ats_vacancies,2026-03-24,2026-03-24 05:33:00,success,14213,135,
R002685,stripe_invoices,2026-03-24,2026-03-24 04:38:00,success,9133,207,
R002686,ga4_sessions,2026-03-24,2026-03-24 03:11:00,success,15825,742,
R002687,ads_spend,2026-03-24,2026-03-24 04:21:00,success,6150,355,
R002688,hubspot_leads,2026-03-24,2026-03-24 04:48:00,success,9132,219,
R002689,ats_submittals,2026-03-25,2026-03-25 05:40:00,success,11487,247,
R002690,ats_vacancies,2026-03-25,2026-03-25 04:26:00,success,12180,202,
R002691,stripe_invoices,2026-03-25,2026-03-25 02:58:00,success,11370,249,
R002692,ga4_sessions,2026-03-25,2026-03-25 03:14:00,success,12922,1144,
R002693,ads_spend,2026-03-25,2026-03-25 02:59:00,success,14425,191,
R002694,hubspot_leads,2026-03-25,2026-03-25 03:59:00,success,12731,191,
R002695,ats_submittals,2026-03-26,2026-03-26 03:53:00,success,11164,215,
R002696,ats_vacancies,2026-03-26,2026-03-26 04:25:00,success,7161,269,
R002697,stripe_invoices,2026-03-26,2026-03-26 05:20:00,success,11525,109,
R002698,ga4_sessions,2026-03-26,2026-03-26 02:37:00,success,14946,362,
R002699,ads_spend,2026-03-26,2026-03-26 03:53:00,success,14976,180,
R002700,hubspot_leads,2026-03-26,2026-03-26 04:45:00,failed,0,245,Timeout after 900s
R002701,ats_submittals,2026-03-27,2026-03-27 02:59:00,success,14402,71,
R002702,ats_vacancies,2026-03-27,2026-03-27 05:39:00,success,7612,263,
R002703,stripe_invoices,2026-03-27,2026-03-27 02:41:00,success,14592,217,
R002704,ga4_sessions,2026-03-27,2026-03-27 03:31:00,success,10332,686,
R002705,ads_spend,2026-03-27,2026-03-27 05:51:00,success,14957,159,
R002706,hubspot_leads,2026-03-27,2026-03-27 05:42:00,success,12061,210,
R002707,ats_submittals,2026-03-28,2026-03-28 02:16:00,success,4238,102,
R002708,ats_vacancies,2026-03-28,2026-03-28 03:13:00,success,4146,168,
R002709,stripe_invoices,2026-03-28,2026-03-28 05:40:00,success,1406,345,
R002710,ga4_sessions,2026-03-28,2026-03-28 04:32:00,success,2510,743,
R002711,ads_spend,2026-03-28,2026-03-28 05:51:00,success,2002,243,
R002712,hubspot_leads,2026-03-28,2026-03-28 04:48:00,success,2814,389,
R002713,ats_submittals,2026-03-29,2026-03-29 02:16:00,success,1333,187,
R002714,ats_vacancies,2026-03-29,2026-03-29 05:55:00,success,4030,313,
R002715,stripe_invoices,2026-03-29,2026-03-29 03:32:00,success,1645,84,
R002716,ga4_sessions,2026-03-29,2026-03-29 02:28:00,success,3090,518,
R002717,ads_spend,2026-03-29,2026-03-29 03:58:00,success,2336,188,
R002718,hubspot_leads,2026-03-29,2026-03-29 04:40:00,success,2846,240,
R002719,ats_submittals,2026-03-30,2026-03-30 04:50:00,success,10690,148,
R002720,ats_vacancies,2026-03-30,2026-03-30 05:58:00,success,17705,154,
R002721,stripe_invoices,2026-03-30,2026-03-30 04:43:00,success,6149,197,
R002722,ga4_sessions,2026-03-30,2026-03-30 04:13:00,success,15837,593,
R002723,ads_spend,2026-03-30,2026-03-30 03:15:00,success,13491,248,
R002724,hubspot_leads,2026-03-30,2026-03-30 04:45:00,success,13291,206,
R002725,ats_submittals,2026-03-31,2026-03-31 05:39:00,success,12858,190,
R002726,ats_vacancies,2026-03-31,2026-03-31 05:29:00,success,11846,234,
R002727,stripe_invoices,2026-03-31,2026-03-31 02:55:00,success,7121,199,
R002728,ga4_sessions,2026-03-31,2026-03-31 05:58:00,success,16618,942,
R002729,ads_spend,2026-03-31,2026-03-31 03:24:00,success,15604,89,
R002730,hubspot_leads,2026-03-31,2026-03-31 02:51:00,success,14353,307,
R002731,ats_submittals,2026-04-01,2026-04-01 04:33:00,success,15213,180,
R002732,ats_vacancies,2026-04-01,2026-04-01 02:57:00,success,14772,162,
R002733,stripe_invoices,2026-04-01,2026-04-01 04:21:00,success,6543,227,
R002734,ga4_sessions,2026-04-01,2026-04-01 02:24:00,success,7434,785,
R002735,ads_spend,2026-04-01,2026-04-01 03:29:00,success,16939,82,
R002736,hubspot_leads,2026-04-01,2026-04-01 03:54:00,success,10103,191,
R002737,ats_submittals,2026-04-02,2026-04-02 04:45:00,success,5873,199,
R002738,ats_vacancies,2026-04-02,2026-04-02 05:39:00,success,10002,284,
R002739,stripe_invoices,2026-04-02,2026-04-02 04:48:00,success,14914,309,
R002740,ga4_sessions,2026-04-02,2026-04-02 02:22:00,success,11615,983,
R002741,ads_spend,2026-04-02,2026-04-02 05:11:00,success,11411,270,
R002742,hubspot_leads,2026-04-02,2026-04-02 02:53:00,success,9533,227,
R002743,ats_submittals,2026-04-03,2026-04-03 03:57:00,success,19395,23,
R002744,ats_vacancies,2026-04-03,2026-04-03 03:39:00,success,12808,170,
R002745,stripe_invoices,2026-04-03,2026-04-03 03:47:00,success,13212,267,
R002746,ga4_sessions,2026-04-03,2026-04-03 05:19:00,success,9816,586,
R002747,ads_spend,2026-04-03,2026-04-03 03:23:00,failed,0,218,Duplicate key on merge
R002748,hubspot_leads,2026-04-03,2026-04-03 03:33:00,success,6678,213,
R002749,ats_submittals,2026-04-04,2026-04-04 03:17:00,success,3700,222,
R002750,ats_vacancies,2026-04-04,2026-04-04 04:45:00,success,2080,119,
R002751,stripe_invoices,2026-04-04,2026-04-04 03:17:00,success,4191,228,
R002752,ga4_sessions,2026-04-04,2026-04-04 04:16:00,success,1883,902,
R002753,ads_spend,2026-04-04,2026-04-04 04:40:00,success,2462,205,
R002754,hubspot_leads,2026-04-04,2026-04-04 02:26:00,success,4339,156,
R002755,ats_submittals,2026-04-05,2026-04-05 04:12:00,success,2279,278,
R002756,ats_vacancies,2026-04-05,2026-04-05 04:48:00,success,3410,230,
R002757,stripe_invoices,2026-04-05,2026-04-05 04:21:00,success,2470,132,
R002758,ga4_sessions,2026-04-05,2026-04-05 03:13:00,success,2879,713,
R002759,ads_spend,2026-04-05,2026-04-05 02:42:00,success,4347,300,
R002760,hubspot_leads,2026-04-05,2026-04-05 05:14:00,success,1105,240,
R002761,ats_submittals,2026-04-06,2026-04-06 03:55:00,success,12871,304,
R002762,ats_vacancies,2026-04-06,2026-04-06 04:16:00,success,7516,236,
R002763,stripe_invoices,2026-04-06,2026-04-06 05:29:00,success,10963,181,
R002764,ga4_sessions,2026-04-06,2026-04-06 03:15:00,success,13604,696,
R002765,ads_spend,2026-04-06,2026-04-06 02:43:00,success,12541,195,
R002766,hubspot_leads,2026-04-06,2026-04-06 02:45:00,success,12019,246,
R002767,ats_submittals,2026-04-07,2026-04-07 05:37:00,success,11824,234,
R002768,ats_vacancies,2026-04-07,2026-04-07 04:18:00,success,7028,270,
R002769,stripe_invoices,2026-04-07,2026-04-07 02:35:00,success,14488,190,
R002770,ga4_sessions,2026-04-07,2026-04-07 03:47:00,success,10952,568,
R002771,ads_spend,2026-04-07,2026-04-07 02:53:00,success,16961,319,
R002772,hubspot_leads,2026-04-07,2026-04-07 05:10:00,success,8759,165,
R002773,ats_submittals,2026-04-08,2026-04-08 05:33:00,success,8067,209,
R002774,ats_vacancies,2026-04-08,2026-04-08 05:33:00,success,7722,106,
R002775,stripe_invoices,2026-04-08,2026-04-08 03:14:00,success,11640,154,
R002776,ga4_sessions,2026-04-08,2026-04-08 02:23:00,success,5474,606,
R002777,ads_spend,2026-04-08,2026-04-08 04:12:00,success,11442,224,
R002778,hubspot_leads,2026-04-08,2026-04-08 04:16:00,success,9556,240,
R002779,ats_submittals,2026-04-09,2026-04-09 04:42:00,success,13042,40,
R002780,ats_vacancies,2026-04-09,2026-04-09 04:43:00,success,19137,171,
R002781,stripe_invoices,2026-04-09,2026-04-09 04:38:00,success,13979,247,
R002782,ga4_sessions,2026-04-09,2026-04-09 03:28:00,success,9306,1253,
R002783,ads_spend,2026-04-09,2026-04-09 03:34:00,success,9656,211,
R002784,hubspot_leads,2026-04-09,2026-04-09 02:14:00,success,12095,284,
R002785,ats_submittals,2026-04-10,2026-04-10 05:19:00,success,13761,367,
R002786,ats_vacancies,2026-04-10,2026-04-10 05:29:00,success,12370,304,
R002787,stripe_invoices,2026-04-10,2026-04-10 05:47:00,success,8814,239,
R002788,ga4_sessions,2026-04-10,2026-04-10 05:23:00,success,15929,1082,
R002789,ads_spend,2026-04-10,2026-04-10 02:26:00,success,6674,70,
R002790,hubspot_leads,2026-04-10,2026-04-10 03:29:00,success,9361,282,
R002791,ats_submittals,2026-04-11,2026-04-11 05:40:00,success,4688,198,
R002792,ats_vacancies,2026-04-11,2026-04-11 03:43:00,success,2236,220,
R002793,stripe_invoices,2026-04-11,2026-04-11 05:15:00,success,1742,31,
R002794,ga4_sessions,2026-04-11,2026-04-11 02:24:00,success,3271,1004,
R002795,ads_spend,2026-04-11,2026-04-11 05:27:00,success,3108,268,
R002796,hubspot_leads,2026-04-11,2026-04-11 04:44:00,success,2143,218,
R002797,ats_submittals,2026-04-12,2026-04-12 04:14:00,success,2407,135,
R002798,ats_vacancies,2026-04-12,2026-04-12 02:17:00,success,2701,220,
R002799,stripe_invoices,2026-04-12,2026-04-12 03:46:00,success,3437,321,
R002800,ga4_sessions,2026-04-12,2026-04-12 03:23:00,success,3199,737,
R002801,ads_spend,2026-04-12,2026-04-12 03:18:00,success,2537,196,
R002802,hubspot_leads,2026-04-12,2026-04-12 02:57:00,success,2217,148,
R002803,ats_submittals,2026-04-13,2026-04-13 02:41:00,success,7524,313,
R002804,ats_vacancies,2026-04-13,2026-04-13 03:45:00,success,13694,154,
R002805,stripe_invoices,2026-04-13,2026-04-13 03:21:00,success,10601,168,
R002806,ga4_sessions,2026-04-13,2026-04-13 03:12:00,success,18864,337,
R002807,ads_spend,2026-04-13,2026-04-13 03:36:00,success,10601,229,
R002808,hubspot_leads,2026-04-13,2026-04-13 03:36:00,success,15206,345,
R002809,ats_submittals,2026-04-14,2026-04-14 02:37:00,success,12249,113,
R002810,ats_vacancies,2026-04-14,2026-04-14 05:44:00,success,15746,259,
R002811,stripe_invoices,2026-04-14,2026-04-14 04:20:00,success,19357,291,
R002812,ga4_sessions,2026-04-14,2026-04-14 05:13:00,success,18323,658,
R002813,ads_spend,2026-04-14,2026-04-14 05:15:00,success,13942,164,
R002814,hubspot_leads,2026-04-14,2026-04-14 03:55:00,success,8595,288,
R002815,ats_submittals,2026-04-15,2026-04-15 03:20:00,success,5600,78,
R002816,ats_vacancies,2026-04-15,2026-04-15 04:18:00,success,9758,166,
R002817,stripe_invoices,2026-04-15,2026-04-15 04:47:00,success,10858,191,
R002818,ga4_sessions,2026-04-15,2026-04-15 02:40:00,success,11750,814,
R002819,ads_spend,2026-04-15,2026-04-15 05:40:00,success,8850,241,
R002820,hubspot_leads,2026-04-15,2026-04-15 02:53:00,success,13176,153,
R002821,ats_submittals,2026-04-16,2026-04-16 02:45:00,success,13762,146,
R002822,ats_vacancies,2026-04-16,2026-04-16 03:57:00,success,7139,214,
R002823,stripe_invoices,2026-04-16,2026-04-16 05:34:00,success,15000,185,
R002824,ga4_sessions,2026-04-16,2026-04-16 05:59:00,success,12247,857,
R002825,ads_spend,2026-04-16,2026-04-16 05:38:00,success,10665,133,
R002826,hubspot_leads,2026-04-16,2026-04-16 05:26:00,success,6044,226,
R002827,ats_submittals,2026-04-17,2026-04-17 03:27:00,success,7067,341,
R002828,ats_vacancies,2026-04-17,2026-04-17 04:54:00,success,6986,274,
R002829,stripe_invoices,2026-04-17,2026-04-17 04:56:00,success,11976,202,
R002830,ga4_sessions,2026-04-17,2026-04-17 05:22:00,success,9677,952,
R002831,ads_spend,2026-04-17,2026-04-17 02:20:00,success,8279,241,
R002832,hubspot_leads,2026-04-17,2026-04-17 02:27:00,success,14242,219,
R002833,ats_submittals,2026-04-18,2026-04-18 05:40:00,success,3153,150,
R002834,ats_vacancies,2026-04-18,2026-04-18 02:47:00,success,3991,266,
R002835,stripe_invoices,2026-04-18,2026-04-18 03:50:00,success,3497,159,
R002836,ga4_sessions,2026-04-18,2026-04-18 03:32:00,success,3274,401,
R002837,ads_spend,2026-04-18,2026-04-18 04:20:00,success,1966,269,
R002838,hubspot_leads,2026-04-18,2026-04-18 02:32:00,success,2608,328,
R002839,ats_submittals,2026-04-19,2026-04-19 03:29:00,success,3106,288,
R002840,ats_vacancies,2026-04-19,2026-04-19 05:35:00,success,3847,99,
R002841,stripe_invoices,2026-04-19,2026-04-19 02:14:00,success,4379,82,
R002842,ga4_sessions,2026-04-19,2026-04-19 05:49:00,success,2293,942,
R002843,ads_spend,2026-04-19,2026-04-19 05:44:00,success,2250,192,
R002844,hubspot_leads,2026-04-19,2026-04-19 04:26:00,success,4160,249,
R002845,ats_submittals,2026-04-20,2026-04-20 04:51:00,success,13696,242,
R002846,ats_vacancies,2026-04-20,2026-04-20 05:10:00,success,9015,62,
R002847,stripe_invoices,2026-04-20,2026-04-20 03:52:00,success,15451,108,
R002848,ga4_sessions,2026-04-20,2026-04-20 02:25:00,success,11718,315,
R002849,ads_spend,2026-04-20,2026-04-20 04:39:00,success,14603,233,
R002850,hubspot_leads,2026-04-20,2026-04-20 03:17:00,success,10905,230,
R002851,ats_submittals,2026-04-21,2026-04-21 02:50:00,success,16980,133,
R002852,ats_vacancies,2026-04-21,2026-04-21 04:20:00,success,10424,166,
R002853,stripe_invoices,2026-04-21,2026-04-21 03:38:00,success,8130,20,
R002854,ga4_sessions,2026-04-21,2026-04-21 04:46:00,success,19931,626,
R002855,ads_spend,2026-04-21,2026-04-21 02:34:00,success,12178,159,
R002856,hubspot_leads,2026-04-21,2026-04-21 03:56:00,success,16139,163,
R002857,ats_submittals,2026-04-22,2026-04-22 02:12:00,success,6308,217,
R002858,ats_vacancies,2026-04-22,2026-04-22 05:48:00,success,12578,274,
R002859,stripe_invoices,2026-04-22,2026-04-22 02:42:00,success,10783,201,
R002860,ga4_sessions,2026-04-22,2026-04-22 04:53:00,success,17462,611,
R002861,ads_spend,2026-04-22,2026-04-22 02:19:00,success,9234,283,
R002862,hubspot_leads,2026-04-22,2026-04-22 02:48:00,success,9639,145,
R002863,ats_submittals,2026-04-23,2026-04-23 05:11:00,success,15006,237,
R002864,ats_vacancies,2026-04-23,2026-04-23 02:27:00,success,22556,97,
R002865,stripe_invoices,2026-04-23,2026-04-23 04:29:00,success,8288,311,
R002866,ga4_sessions,2026-04-23,2026-04-23 05:24:00,success,9016,563,
R002867,ads_spend,2026-04-23,2026-04-23 04:36:00,success,17626,234,
R002868,hubspot_leads,2026-04-23,2026-04-23 04:57:00,success,17307,162,
R002869,ats_submittals,2026-04-24,2026-04-24 04:12:00,success,7860,138,
R002870,ats_vacancies,2026-04-24,2026-04-24 03:20:00,success,11991,197,
R002871,stripe_invoices,2026-04-24,2026-04-24 02:48:00,success,15360,263,
R002872,ga4_sessions,2026-04-24,2026-04-24 04:22:00,success,10793,1025,
R002873,ads_spend,2026-04-24,2026-04-24 04:36:00,success,9656,158,
R002874,hubspot_leads,2026-04-24,2026-04-24 03:20:00,success,8814,250,
R002875,ats_submittals,2026-04-25,2026-04-25 02:36:00,success,2462,184,
R002876,ats_vacancies,2026-04-25,2026-04-25 05:55:00,success,2469,259,
R002877,stripe_invoices,2026-04-25,2026-04-25 04:17:00,success,3447,188,
R002878,ga4_sessions,2026-04-25,2026-04-25 05:51:00,success,3071,843,
R002879,ads_spend,2026-04-25,2026-04-25 05:21:00,success,3045,371,
R002880,hubspot_leads,2026-04-25,2026-04-25 05:43:00,success,2209,332,
R002881,ats_submittals,2026-04-26,2026-04-26 05:38:00,success,3862,308,
R002882,ats_vacancies,2026-04-26,2026-04-26 03:42:00,success,2345,273,
R002883,stripe_invoices,2026-04-26,2026-04-26 03:50:00,success,2256,145,
R002884,ga4_sessions,2026-04-26,2026-04-26 02:46:00,success,3395,747,
R002885,ads_spend,2026-04-26,2026-04-26 02:30:00,success,2202,147,
R002886,hubspot_leads,2026-04-26,2026-04-26 05:59:00,success,2805,345,
R002887,ats_submittals,2026-04-27,2026-04-27 05:26:00,failed,0,130,API rate limit exceeded
R002888,ats_vacancies,2026-04-27,2026-04-27 04:51:00,success,9397,273,
R002889,stripe_invoices,2026-04-27,2026-04-27 04:56:00,success,13411,309,
R002890,ga4_sessions,2026-04-27,2026-04-27 05:38:00,success,8751,979,
R002891,ads_spend,2026-04-27,2026-04-27 05:31:00,success,12663,360,
R002892,hubspot_leads,2026-04-27,2026-04-27 02:27:00,failed,0,197,Auth token expired
R002893,ats_submittals,2026-04-28,2026-04-28 02:56:00,success,13431,161,
R002894,ats_vacancies,2026-04-28,2026-04-28 02:43:00,success,16479,199,
R002895,stripe_invoices,2026-04-28,2026-04-28 05:28:00,success,9349,135,
R002896,ga4_sessions,2026-04-28,2026-04-28 04:15:00,success,20011,585,
R002897,ads_spend,2026-04-28,2026-04-28 02:37:00,success,7913,185,
R002898,hubspot_leads,2026-04-28,2026-04-28 05:22:00,success,16994,319,
R002899,ats_submittals,2026-04-29,2026-04-29 03:23:00,success,15600,309,
R002900,ats_vacancies,2026-04-29,2026-04-29 02:55:00,success,7607,257,
R002901,stripe_invoices,2026-04-29,2026-04-29 03:48:00,success,14530,124,
R002902,ga4_sessions,2026-04-29,2026-04-29 02:36:00,success,6013,755,
R002903,ads_spend,2026-04-29,2026-04-29 05:41:00,success,9763,319,
R002904,hubspot_leads,2026-04-29,2026-04-29 05:54:00,success,5198,319,
R002905,ats_submittals,2026-04-30,2026-04-30 04:48:00,success,17280,168,
R002906,ats_vacancies,2026-04-30,2026-04-30 03:11:00,success,9595,376,
R002907,stripe_invoices,2026-04-30,2026-04-30 03:43:00,success,15023,216,
R002908,ga4_sessions,2026-04-30,2026-04-30 03:18:00,success,14244,939,
R002909,ads_spend,2026-04-30,2026-04-30 03:15:00,success,11504,337,
R002910,hubspot_leads,2026-04-30,2026-04-30 04:17:00,success,13314,214,
R002911,ats_submittals,2026-05-01,2026-05-01 03:45:00,success,13167,141,
R002912,ats_vacancies,2026-05-01,2026-05-01 05:25:00,success,11439,237,
R002913,stripe_invoices,2026-05-01,2026-05-01 02:25:00,success,9721,254,
R002914,ga4_sessions,2026-05-01,2026-05-01 02:49:00,success,17362,710,
R002915,ads_spend,2026-05-01,2026-05-01 02:59:00,success,7882,171,
R002916,hubspot_leads,2026-05-01,2026-05-01 02:44:00,success,14180,139,
R002917,ats_submittals,2026-05-02,2026-05-02 05:38:00,success,1656,245,
R002918,ats_vacancies,2026-05-02,2026-05-02 04:30:00,success,1543,132,
R002919,stripe_invoices,2026-05-02,2026-05-02 04:20:00,success,3512,215,
R002920,ga4_sessions,2026-05-02,2026-05-02 03:36:00,success,1526,504,
R002921,ads_spend,2026-05-02,2026-05-02 03:36:00,success,3212,289,
R002922,hubspot_leads,2026-05-02,2026-05-02 05:57:00,success,4726,211,
R002923,ats_submittals,2026-05-03,2026-05-03 04:31:00,success,1918,157,
R002924,ats_vacancies,2026-05-03,2026-05-03 04:34:00,success,3112,126,
R002925,stripe_invoices,2026-05-03,2026-05-03 03:18:00,success,2273,233,
R002926,ga4_sessions,2026-05-03,2026-05-03 03:21:00,success,3047,452,
R002927,ads_spend,2026-05-03,2026-05-03 05:56:00,success,2244,157,
R002928,hubspot_leads,2026-05-03,2026-05-03 05:22:00,success,3583,141,
R002929,ats_submittals,2026-05-04,2026-05-04 03:23:00,success,16478,179,
R002930,ats_vacancies,2026-05-04,2026-05-04 02:30:00,success,14978,97,
R002931,stripe_invoices,2026-05-04,2026-05-04 04:48:00,success,19829,313,
R002932,ga4_sessions,2026-05-04,2026-05-04 04:33:00,success,13078,744,
R002933,ads_spend,2026-05-04,2026-05-04 05:21:00,success,10296,272,
R002934,hubspot_leads,2026-05-04,2026-05-04 03:24:00,failed,0,410,Auth token expired
R002935,ats_submittals,2026-05-05,2026-05-05 05:50:00,success,15790,348,
R002936,ats_vacancies,2026-05-05,2026-05-05 03:22:00,success,14657,144,
R002937,stripe_invoices,2026-05-05,2026-05-05 05:44:00,failed,0,190,Schema drift: new column
R002938,ga4_sessions,2026-05-05,2026-05-05 04:25:00,success,9132,204,
R002939,ads_spend,2026-05-05,2026-05-05 05:14:00,failed,0,222,Timeout after 900s
R002940,hubspot_leads,2026-05-05,2026-05-05 02:43:00,success,12595,270,
R002941,ats_submittals,2026-05-06,2026-05-06 02:52:00,success,12427,95,
R002942,ats_vacancies,2026-05-06,2026-05-06 02:16:00,success,14268,168,
R002943,stripe_invoices,2026-05-06,2026-05-06 02:13:00,success,8722,201,
R002944,ga4_sessions,2026-05-06,2026-05-06 04:14:00,success,5268,913,
R002945,ads_spend,2026-05-06,2026-05-06 05:27:00,success,14151,228,
R002946,hubspot_leads,2026-05-06,2026-05-06 04:30:00,success,9230,81,
R002947,ats_submittals,2026-05-07,2026-05-07 05:25:00,success,9595,307,
R002948,ats_vacancies,2026-05-07,2026-05-07 04:14:00,success,11559,196,
R002949,stripe_invoices,2026-05-07,2026-05-07 05:32:00,success,13428,277,
R002950,ga4_sessions,2026-05-07,2026-05-07 02:53:00,success,11734,1035,
R002951,ads_spend,2026-05-07,2026-05-07 02:21:00,success,12321,269,
R002952,hubspot_leads,2026-05-07,2026-05-07 03:12:00,success,15918,193,
R002953,ats_submittals,2026-05-08,2026-05-08 05:38:00,success,10294,294,
R002954,ats_vacancies,2026-05-08,2026-05-08 05:13:00,success,13332,181,
R002955,stripe_invoices,2026-05-08,2026-05-08 02:59:00,success,11001,181,
R002956,ga4_sessions,2026-05-08,2026-05-08 04:15:00,success,9618,684,
R002957,ads_spend,2026-05-08,2026-05-08 04:24:00,success,10278,36,
R002958,hubspot_leads,2026-05-08,2026-05-08 04:11:00,success,8206,187,
R002959,ats_submittals,2026-05-09,2026-05-09 02:51:00,success,2630,182,
R002960,ats_vacancies,2026-05-09,2026-05-09 04:44:00,success,2367,269,
R002961,stripe_invoices,2026-05-09,2026-05-09 03:26:00,success,2820,196,
R002962,ga4_sessions,2026-05-09,2026-05-09 03:23:00,success,2104,707,
R002963,ads_spend,2026-05-09,2026-05-09 02:46:00,success,1962,212,
R002964,hubspot_leads,2026-05-09,2026-05-09 02:36:00,success,4647,208,
R002965,ats_submittals,2026-05-10,2026-05-10 03:17:00,success,2842,189,
R002966,ats_vacancies,2026-05-10,2026-05-10 03:51:00,success,2222,278,
R002967,stripe_invoices,2026-05-10,2026-05-10 05:48:00,success,4574,265,
R002968,ga4_sessions,2026-05-10,2026-05-10 05:44:00,success,2700,884,
R002969,ads_spend,2026-05-10,2026-05-10 02:49:00,success,2600,34,
R002970,hubspot_leads,2026-05-10,2026-05-10 04:58:00,success,2959,181,
R002971,ats_submittals,2026-05-11,2026-05-11 02:19:00,success,12196,162,
R002972,ats_vacancies,2026-05-11,2026-05-11 03:10:00,success,9995,305,
R002973,stripe_invoices,2026-05-11,2026-05-11 02:55:00,success,10384,137,
R002974,ga4_sessions,2026-05-11,2026-05-11 03:36:00,success,4767,597,
R002975,ads_spend,2026-05-11,2026-05-11 05:21:00,success,19641,125,
R002976,hubspot_leads,2026-05-11,2026-05-11 02:18:00,success,15029,24,
R002977,ats_submittals,2026-05-12,2026-05-12 05:46:00,success,12548,200,
R002978,ats_vacancies,2026-05-12,2026-05-12 03:55:00,success,14203,104,
R002979,stripe_invoices,2026-05-12,2026-05-12 02:48:00,success,12377,291,
R002980,ga4_sessions,2026-05-12,2026-05-12 02:55:00,success,12469,867,
R002981,ads_spend,2026-05-12,2026-05-12 04:21:00,success,8460,85,
R002982,hubspot_leads,2026-05-12,2026-05-12 02:34:00,success,9314,278,
R002983,ats_submittals,2026-05-13,2026-05-13 05:51:00,success,11983,253,
R002984,ats_vacancies,2026-05-13,2026-05-13 05:19:00,success,9980,177,
R002985,stripe_invoices,2026-05-13,2026-05-13 02:10:00,success,10027,303,
R002986,ga4_sessions,2026-05-13,2026-05-13 05:42:00,success,17804,310,
R002987,ads_spend,2026-05-13,2026-05-13 02:30:00,success,11932,206,
R002988,hubspot_leads,2026-05-13,2026-05-13 02:26:00,success,10699,144,
R002989,ats_submittals,2026-05-14,2026-05-14 02:52:00,success,12860,208,
R002990,ats_vacancies,2026-05-14,2026-05-14 02:40:00,success,11497,296,
R002991,stripe_invoices,2026-05-14,2026-05-14 04:37:00,success,12855,171,
R002992,ga4_sessions,2026-05-14,2026-05-14 02:35:00,success,15319,1168,
R002993,ads_spend,2026-05-14,2026-05-14 02:15:00,success,8539,319,
R002994,hubspot_leads,2026-05-14,2026-05-14 04:22:00,success,6064,315,
R002995,ats_submittals,2026-05-15,2026-05-15 05:24:00,success,10613,151,
R002996,ats_vacancies,2026-05-15,2026-05-15 02:25:00,success,7365,269,
R002997,stripe_invoices,2026-05-15,2026-05-15 02:30:00,success,5273,294,
R002998,ga4_sessions,2026-05-15,2026-05-15 03:12:00,success,19564,549,
R002999,ads_spend,2026-05-15,2026-05-15 04:45:00,success,15161,237,
R003000,hubspot_leads,2026-05-15,2026-05-15 02:51:00,success,15865,160,
R003001,ats_submittals,2026-05-16,2026-05-16 02:49:00,success,2172,154,
R003002,ats_vacancies,2026-05-16,2026-05-16 04:59:00,success,2723,189,
R003003,stripe_invoices,2026-05-16,2026-05-16 03:39:00,success,3522,244,
R003004,ga4_sessions,2026-05-16,2026-05-16 04:46:00,success,2860,384,
R003005,ads_spend,2026-05-16,2026-05-16 02:53:00,success,2743,348,
R003006,hubspot_leads,2026-05-16,2026-05-16 05:33:00,success,2501,123,
R003007,ats_submittals,2026-05-17,2026-05-17 04:11:00,success,2991,122,
R003008,ats_vacancies,2026-05-17,2026-05-17 05:40:00,success,2884,298,
R003009,stripe_invoices,2026-05-17,2026-05-17 02:24:00,success,3979,187,
R003010,ga4_sessions,2026-05-17,2026-05-17 05:49:00,success,2670,1210,
R003011,ads_spend,2026-05-17,2026-05-17 03:35:00,success,3405,276,
R003012,hubspot_leads,2026-05-17,2026-05-17 04:27:00,success,1828,263,
R003013,ats_submittals,2026-05-18,2026-05-18 05:40:00,success,12031,219,
R003014,ats_vacancies,2026-05-18,2026-05-18 02:59:00,success,15530,82,
R003015,stripe_invoices,2026-05-18,2026-05-18 04:30:00,success,14857,225,
R003016,ga4_sessions,2026-05-18,2026-05-18 05:43:00,success,13049,888,
R003017,ads_spend,2026-05-18,2026-05-18 04:47:00,success,14446,100,
R003018,hubspot_leads,2026-05-18,2026-05-18 04:48:00,success,9867,270,
R003019,ats_submittals,2026-05-19,2026-05-19 03:39:00,success,9101,273,
R003020,ats_vacancies,2026-05-19,2026-05-19 03:21:00,success,14270,216,
R003021,stripe_invoices,2026-05-19,2026-05-19 02:37:00,success,9390,133,
R003022,ga4_sessions,2026-05-19,2026-05-19 04:55:00,success,12581,750,
R003023,ads_spend,2026-05-19,2026-05-19 03:10:00,success,10284,112,
R003024,hubspot_leads,2026-05-19,2026-05-19 05:44:00,success,13868,362,
R003025,ats_submittals,2026-05-20,2026-05-20 03:56:00,success,9561,64,
R003026,ats_vacancies,2026-05-20,2026-05-20 05:48:00,success,16813,265,
R003027,stripe_invoices,2026-05-20,2026-05-20 03:45:00,success,3890,264,
R003028,ga4_sessions,2026-05-20,2026-05-20 05:38:00,success,14801,531,
R003029,ads_spend,2026-05-20,2026-05-20 03:43:00,success,15231,227,
R003030,hubspot_leads,2026-05-20,2026-05-20 05:51:00,success,14724,195,
R003031,ats_submittals,2026-05-21,2026-05-21 05:23:00,success,13333,182,
R003032,ats_vacancies,2026-05-21,2026-05-21 02:55:00,success,14242,146,
R003033,stripe_invoices,2026-05-21,2026-05-21 05:23:00,success,12828,257,
R003034,ga4_sessions,2026-05-21,2026-05-21 05:49:00,success,13485,1039,
R003035,ads_spend,2026-05-21,2026-05-21 03:38:00,success,9918,193,
R003036,hubspot_leads,2026-05-21,2026-05-21 04:52:00,success,12308,131,
R003037,ats_submittals,2026-05-22,2026-05-22 05:46:00,success,10741,204,
R003038,ats_vacancies,2026-05-22,2026-05-22 04:56:00,success,16391,165,
R003039,stripe_invoices,2026-05-22,2026-05-22 05:20:00,success,7352,113,
R003040,ga4_sessions,2026-05-22,2026-05-22 03:12:00,failed,0,710,Schema drift: new column
R003041,ads_spend,2026-05-22,2026-05-22 03:36:00,success,9930,132,
R003042,hubspot_leads,2026-05-22,2026-05-22 03:35:00,success,11723,238,
R003043,ats_submittals,2026-05-23,2026-05-23 05:53:00,success,915,210,
R003044,ats_vacancies,2026-05-23,2026-05-23 04:24:00,success,5078,265,
R003045,stripe_invoices,2026-05-23,2026-05-23 05:15:00,failed,0,245,Duplicate key on merge
R003046,ga4_sessions,2026-05-23,2026-05-23 05:47:00,success,3188,601,
R003047,ads_spend,2026-05-23,2026-05-23 02:25:00,success,2899,291,
R003048,hubspot_leads,2026-05-23,2026-05-23 05:29:00,success,2714,236,
R003049,ats_submittals,2026-05-24,2026-05-24 03:24:00,success,3546,255,
R003050,ats_vacancies,2026-05-24,2026-05-24 05:43:00,success,2879,164,
R003051,stripe_invoices,2026-05-24,2026-05-24 02:57:00,success,2337,180,
R003052,ga4_sessions,2026-05-24,2026-05-24 03:53:00,success,2160,488,
R003053,ads_spend,2026-05-24,2026-05-24 02:35:00,success,1946,108,
R003054,hubspot_leads,2026-05-24,2026-05-24 02:24:00,success,3404,247,
R003055,ats_submittals,2026-05-25,2026-05-25 02:40:00,success,15635,103,
R003056,ats_vacancies,2026-05-25,2026-05-25 03:18:00,success,12327,244,
R003057,stripe_invoices,2026-05-25,2026-05-25 02:23:00,success,13097,148,
R003058,ga4_sessions,2026-05-25,2026-05-25 04:39:00,success,15508,692,
R003059,ads_spend,2026-05-25,2026-05-25 05:11:00,failed,0,305,Auth token expired
R003060,hubspot_leads,2026-05-25,2026-05-25 02:21:00,success,12323,230,
R003061,ats_submittals,2026-05-26,2026-05-26 03:42:00,success,5751,216,
R003062,ats_vacancies,2026-05-26,2026-05-26 03:47:00,success,13930,217,
R003063,stripe_invoices,2026-05-26,2026-05-26 02:29:00,success,11560,142,
R003064,ga4_sessions,2026-05-26,2026-05-26 04:11:00,success,7029,558,
R003065,ads_spend,2026-05-26,2026-05-26 05:59:00,success,9106,235,
R003066,hubspot_leads,2026-05-26,2026-05-26 02:11:00,success,9707,194,
R003067,ats_submittals,2026-05-27,2026-05-27 05:14:00,success,10124,271,
R003068,ats_vacancies,2026-05-27,2026-05-27 05:12:00,success,14548,164,
R003069,stripe_invoices,2026-05-27,2026-05-27 02:49:00,success,7095,293,
R003070,ga4_sessions,2026-05-27,2026-05-27 04:58:00,success,8414,577,
R003071,ads_spend,2026-05-27,2026-05-27 02:21:00,success,17253,267,
R003072,hubspot_leads,2026-05-27,2026-05-27 05:45:00,success,13809,153,
R003073,ats_submittals,2026-05-28,2026-05-28 02:57:00,success,17309,149,
R003074,ats_vacancies,2026-05-28,2026-05-28 04:52:00,success,8520,84,
R003075,stripe_invoices,2026-05-28,2026-05-28 04:31:00,success,14802,160,
R003076,ga4_sessions,2026-05-28,2026-05-28 04:58:00,success,7595,571,
R003077,ads_spend,2026-05-28,2026-05-28 02:36:00,success,4564,171,
R003078,hubspot_leads,2026-05-28,2026-05-28 05:10:00,success,11238,232,
R003079,ats_submittals,2026-05-29,2026-05-29 04:47:00,success,20467,259,
R003080,ats_vacancies,2026-05-29,2026-05-29 03:36:00,success,11329,325,
R003081,stripe_invoices,2026-05-29,2026-05-29 03:47:00,success,5310,265,
R003082,ga4_sessions,2026-05-29,2026-05-29 04:38:00,success,15832,889,
R003083,ads_spend,2026-05-29,2026-05-29 05:33:00,success,13057,297,
R003084,hubspot_leads,2026-05-29,2026-05-29 04:12:00,success,17895,271,
R003085,ats_submittals,2026-05-30,2026-05-30 04:21:00,success,2673,288,
R003086,ats_vacancies,2026-05-30,2026-05-30 05:35:00,success,2181,183,
R003087,stripe_invoices,2026-05-30,2026-05-30 02:27:00,success,2731,147,
R003088,ga4_sessions,2026-05-30,2026-05-30 03:17:00,success,2931,1044,
R003089,ads_spend,2026-05-30,2026-05-30 02:11:00,success,3481,169,
R003090,hubspot_leads,2026-05-30,2026-05-30 02:41:00,success,3726,276,
R003091,ats_submittals,2026-05-31,2026-05-31 05:21:00,success,2073,344,
R003092,ats_vacancies,2026-05-31,2026-05-31 04:48:00,success,2272,242,
R003093,stripe_invoices,2026-05-31,2026-05-31 04:15:00,success,2024,151,
R003094,ga4_sessions,2026-05-31,2026-05-31 05:22:00,success,3961,991,
R003095,ads_spend,2026-05-31,2026-05-31 04:49:00,success,4403,204,
R003096,hubspot_leads,2026-05-31,2026-05-31 02:33:00,success,3710,243,
R003097,ats_submittals,2026-06-01,2026-06-01 04:57:00,success,14519,274,
R003098,ats_vacancies,2026-06-01,2026-06-01 05:29:00,success,17229,252,
R003099,stripe_invoices,2026-06-01,2026-06-01 04:15:00,success,17169,229,
R003100,ga4_sessions,2026-06-01,2026-06-01 05:15:00,success,7664,420,
R003101,ads_spend,2026-06-01,2026-06-01 04:29:00,success,12549,204,
R003102,hubspot_leads,2026-06-01,2026-06-01 04:23:00,success,18543,166,
R003103,ats_submittals,2026-06-02,2026-06-02 03:32:00,success,10085,303,
R003104,ats_vacancies,2026-06-02,2026-06-02 03:31:00,success,7925,215,
R003105,stripe_invoices,2026-06-02,2026-06-02 03:10:00,success,10100,130,
R003106,ga4_sessions,2026-06-02,2026-06-02 05:41:00,success,9380,830,
R003107,ads_spend,2026-06-02,2026-06-02 02:50:00,success,11745,215,
R003108,hubspot_leads,2026-06-02,2026-06-02 03:35:00,failed,0,296,API rate limit exceeded
R003109,ats_submittals,2026-06-03,2026-06-03 03:17:00,success,16489,268,
R003110,ats_vacancies,2026-06-03,2026-06-03 05:57:00,success,10645,155,
R003111,stripe_invoices,2026-06-03,2026-06-03 02:57:00,success,13234,152,
R003112,ga4_sessions,2026-06-03,2026-06-03 05:35:00,success,5079,883,
R003113,ads_spend,2026-06-03,2026-06-03 03:14:00,success,14616,278,
R003114,hubspot_leads,2026-06-03,2026-06-03 04:21:00,success,6202,290,
R003115,ats_submittals,2026-06-04,2026-06-04 05:31:00,success,9792,213,
R003116,ats_vacancies,2026-06-04,2026-06-04 03:28:00,success,7973,85,
R003117,stripe_invoices,2026-06-04,2026-06-04 03:43:00,success,13401,268,
R003118,ga4_sessions,2026-06-04,2026-06-04 02:12:00,success,19748,55,
R003119,ads_spend,2026-06-04,2026-06-04 03:11:00,success,11483,120,
R003120,hubspot_leads,2026-06-04,2026-06-04 03:32:00,success,8520,295,
R003121,ats_submittals,2026-06-05,2026-06-05 04:59:00,success,13474,125,
R003122,ats_vacancies,2026-06-05,2026-06-05 05:32:00,success,8661,251,
R003123,stripe_invoices,2026-06-05,2026-06-05 05:23:00,success,8764,124,
R003124,ga4_sessions,2026-06-05,2026-06-05 04:22:00,success,7554,602,
R003125,ads_spend,2026-06-05,2026-06-05 05:38:00,success,11972,202,
R003126,hubspot_leads,2026-06-05,2026-06-05 02:13:00,success,7937,191,
R003127,ats_submittals,2026-06-06,2026-06-06 05:58:00,success,1655,226,
R003128,ats_vacancies,2026-06-06,2026-06-06 03:24:00,success,2933,199,
R003129,stripe_invoices,2026-06-06,2026-06-06 05:32:00,success,2905,183,
R003130,ga4_sessions,2026-06-06,2026-06-06 03:17:00,success,3249,486,
R003131,ads_spend,2026-06-06,2026-06-06 02:35:00,success,1979,201,
R003132,hubspot_leads,2026-06-06,2026-06-06 03:52:00,success,2683,374,
R003133,ats_submittals,2026-06-07,2026-06-07 03:18:00,success,2186,106,
R003134,ats_vacancies,2026-06-07,2026-06-07 04:25:00,success,2275,257,
R003135,stripe_invoices,2026-06-07,2026-06-07 03:43:00,success,3067,125,
R003136,ga4_sessions,2026-06-07,2026-06-07 02:32:00,success,2304,344,
R003137,ads_spend,2026-06-07,2026-06-07 03:36:00,failed,0,163,Timeout after 900s
R003138,hubspot_leads,2026-06-07,2026-06-07 03:43:00,success,3853,238,
R003139,ats_submittals,2026-06-08,2026-06-08 05:32:00,success,7462,209,
R003140,ats_vacancies,2026-06-08,2026-06-08 05:53:00,success,12560,295,
R003141,stripe_invoices,2026-06-08,2026-06-08 02:11:00,success,9940,108,
R003142,ga4_sessions,2026-06-08,2026-06-08 05:53:00,success,7628,677,
R003143,ads_spend,2026-06-08,2026-06-08 03:19:00,success,10305,229,
R003144,hubspot_leads,2026-06-08,2026-06-08 02:24:00,success,16000,216,
R003145,ats_submittals,2026-06-09,2026-06-09 05:39:00,success,12043,291,
R003146,ats_vacancies,2026-06-09,2026-06-09 03:17:00,success,9885,161,
R003147,stripe_invoices,2026-06-09,2026-06-09 02:55:00,success,14082,188,
R003148,ga4_sessions,2026-06-09,2026-06-09 05:41:00,success,16835,654,
R003149,ads_spend,2026-06-09,2026-06-09 03:54:00,success,12323,247,
R003150,hubspot_leads,2026-06-09,2026-06-09 02:24:00,success,10662,400,
R003151,ats_submittals,2026-06-10,2026-06-10 05:39:00,success,14457,251,
R003152,ats_vacancies,2026-06-10,2026-06-10 02:33:00,success,17215,178,
R003153,stripe_invoices,2026-06-10,2026-06-10 05:23:00,success,15378,280,
R003154,ga4_sessions,2026-06-10,2026-06-10 05:22:00,success,10574,1159,
R003155,ads_spend,2026-06-10,2026-06-10 04:25:00,success,8774,233,
R003156,hubspot_leads,2026-06-10,2026-06-10 03:54:00,success,14025,174,
R003157,ats_submittals,2026-06-11,2026-06-11 04:44:00,success,11424,282,
R003158,ats_vacancies,2026-06-11,2026-06-11 02:31:00,success,17100,177,
R003159,stripe_invoices,2026-06-11,2026-06-11 02:50:00,success,12721,294,
R003160,ga4_sessions,2026-06-11,2026-06-11 03:27:00,success,6688,924,
R003161,ads_spend,2026-06-11,2026-06-11 02:55:00,success,14617,175,
R003162,hubspot_leads,2026-06-11,2026-06-11 04:45:00,success,14852,230,
R003163,ats_submittals,2026-06-12,2026-06-12 02:42:00,success,15208,208,
R003164,ats_vacancies,2026-06-12,2026-06-12 02:49:00,success,6351,214,
R003165,stripe_invoices,2026-06-12,2026-06-12 02:28:00,success,13180,232,
R003166,ga4_sessions,2026-06-12,2026-06-12 02:41:00,success,7493,796,
R003167,ads_spend,2026-06-12,2026-06-12 03:56:00,success,14014,203,
R003168,hubspot_leads,2026-06-12,2026-06-12 04:29:00,success,13432,287,
R003169,ats_submittals,2026-06-13,2026-06-13 04:11:00,success,2883,180,
R003170,ats_vacancies,2026-06-13,2026-06-13 03:34:00,success,4470,183,
R003171,stripe_invoices,2026-06-13,2026-06-13 04:21:00,success,2932,165,
R003172,ga4_sessions,2026-06-13,2026-06-13 04:43:00,success,1787,726,
R003173,ads_spend,2026-06-13,2026-06-13 04:46:00,success,3724,158,
R003174,hubspot_leads,2026-06-13,2026-06-13 02:38:00,success,3250,238,
R003175,ats_submittals,2026-06-14,2026-06-14 03:14:00,success,3546,239,
R003176,ats_vacancies,2026-06-14,2026-06-14 03:50:00,success,2609,213,
R003177,stripe_invoices,2026-06-14,2026-06-14 02:55:00,success,2208,139,
R003178,ga4_sessions,2026-06-14,2026-06-14 03:13:00,success,3579,607,
R003179,ads_spend,2026-06-14,2026-06-14 02:58:00,success,4124,189,
R003180,hubspot_leads,2026-06-14,2026-06-14 04:13:00,success,2292,312,
R003181,ats_submittals,2026-06-15,2026-06-15 02:54:00,success,9947,252,
R003182,ats_vacancies,2026-06-15,2026-06-15 04:13:00,success,17052,312,
R003183,stripe_invoices,2026-06-15,2026-06-15 02:43:00,success,15960,176,
R003184,ga4_sessions,2026-06-15,2026-06-15 03:37:00,success,15659,720,
R003185,ads_spend,2026-06-15,2026-06-15 03:14:00,success,13733,204,
R003186,hubspot_leads,2026-06-15,2026-06-15 03:43:00,success,15355,252,
R003187,ats_submittals,2026-06-16,2026-06-16 05:26:00,success,9900,161,
R003188,ats_vacancies,2026-06-16,2026-06-16 03:10:00,success,3467,265,
R003189,stripe_invoices,2026-06-16,2026-06-16 05:57:00,success,8445,387,
R003190,ga4_sessions,2026-06-16,2026-06-16 02:59:00,success,15750,857,
R003191,ads_spend,2026-06-16,2026-06-16 04:20:00,success,6423,234,
R003192,hubspot_leads,2026-06-16,2026-06-16 02:12:00,success,12460,153,
R003193,ats_submittals,2026-06-17,2026-06-17 03:45:00,failed,0,130,Duplicate key on merge
R003194,ats_vacancies,2026-06-17,2026-06-17 04:37:00,success,10271,186,
R003195,stripe_invoices,2026-06-17,2026-06-17 05:44:00,success,14000,118,
R003196,ga4_sessions,2026-06-17,2026-06-17 05:17:00,success,8077,1003,
R003197,ads_spend,2026-06-17,2026-06-17 04:21:00,success,16532,223,
R003198,hubspot_leads,2026-06-17,2026-06-17 03:51:00,success,17508,194,
R003199,ats_submittals,2026-06-18,2026-06-18 02:11:00,success,10367,230,
R003200,ats_vacancies,2026-06-18,2026-06-18 05:42:00,success,12637,351,
R003201,stripe_invoices,2026-06-18,2026-06-18 02:41:00,success,10224,67,
R003202,ga4_sessions,2026-06-18,2026-06-18 04:27:00,success,13523,626,
R003203,ads_spend,2026-06-18,2026-06-18 04:43:00,success,16318,331,
R003204,hubspot_leads,2026-06-18,2026-06-18 03:34:00,success,4003,209,
R003205,ats_submittals,2026-06-19,2026-06-19 04:10:00,success,12641,192,
R003206,ats_vacancies,2026-06-19,2026-06-19 04:22:00,success,13078,205,
R003207,stripe_invoices,2026-06-19,2026-06-19 04:39:00,success,15189,327,
R003208,ga4_sessions,2026-06-19,2026-06-19 04:47:00,success,10954,97,
R003209,ads_spend,2026-06-19,2026-06-19 03:17:00,success,12940,320,
R003210,hubspot_leads,2026-06-19,2026-06-19 05:34:00,success,12569,159,
R003211,ats_submittals,2026-06-20,2026-06-20 04:46:00,success,2400,261,
R003212,ats_vacancies,2026-06-20,2026-06-20 02:59:00,success,4193,78,
R003213,stripe_invoices,2026-06-20,2026-06-20 02:51:00,success,3559,276,
R003214,ga4_sessions,2026-06-20,2026-06-20 05:26:00,success,2731,647,
R003215,ads_spend,2026-06-20,2026-06-20 03:51:00,success,2211,375,
R003216,hubspot_leads,2026-06-20,2026-06-20 03:21:00,success,3984,254,
R003217,ats_submittals,2026-06-21,2026-06-21 03:29:00,success,2662,166,
R003218,ats_vacancies,2026-06-21,2026-06-21 02:32:00,success,3009,74,
R003219,stripe_invoices,2026-06-21,2026-06-21 04:53:00,success,2586,169,
R003220,ga4_sessions,2026-06-21,2026-06-21 03:43:00,success,3738,836,
R003221,ads_spend,2026-06-21,2026-06-21 03:11:00,failed,0,255,Timeout after 900s
R003222,hubspot_leads,2026-06-21,2026-06-21 02:43:00,failed,0,218,Timeout after 900s
R003223,ats_submittals,2026-06-22,2026-06-22 05:11:00,success,11752,288,
R003224,ats_vacancies,2026-06-22,2026-06-22 04:17:00,success,12726,98,
R003225,stripe_invoices,2026-06-22,2026-06-22 05:23:00,success,12356,84,
R003226,ga4_sessions,2026-06-22,2026-06-22 05:25:00,success,10881,1239,
R003227,ads_spend,2026-06-22,2026-06-22 04:53:00,success,10258,297,
R003228,hubspot_leads,2026-06-22,2026-06-22 02:11:00,success,3493,276,
R003229,ats_submittals,2026-06-23,2026-06-23 03:37:00,success,7399,329,
R003230,ats_vacancies,2026-06-23,2026-06-23 05:41:00,success,6215,227,
R003231,stripe_invoices,2026-06-23,2026-06-23 03:11:00,success,11213,281,
R003232,ga4_sessions,2026-06-23,2026-06-23 04:38:00,success,3866,609,
R003233,ads_spend,2026-06-23,2026-06-23 02:56:00,failed,0,124,Schema drift: new column
R003234,hubspot_leads,2026-06-23,2026-06-23 03:41:00,success,15544,149,
R003235,ats_submittals,2026-06-24,2026-06-24 04:35:00,failed,0,303,Duplicate key on merge
R003236,ats_vacancies,2026-06-24,2026-06-24 04:57:00,success,17740,240,
R003237,stripe_invoices,2026-06-24,2026-06-24 03:30:00,success,14136,153,
R003238,ga4_sessions,2026-06-24,2026-06-24 02:58:00,success,8308,614,
R003239,ads_spend,2026-06-24,2026-06-24 02:37:00,success,14297,268,
R003240,hubspot_leads,2026-06-24,2026-06-24 03:55:00,success,12925,139,
R003241,ats_submittals,2026-06-25,2026-06-25 04:15:00,success,15360,183,
R003242,ats_vacancies,2026-06-25,2026-06-25 03:22:00,success,16995,207,
R003243,stripe_invoices,2026-06-25,2026-06-25 05:45:00,success,10117,213,
R003244,ga4_sessions,2026-06-25,2026-06-25 04:19:00,success,10667,838,
R003245,ads_spend,2026-06-25,2026-06-25 03:23:00,success,13162,155,
R003246,hubspot_leads,2026-06-25,2026-06-25 04:47:00,success,13291,188,
R003247,ats_submittals,2026-06-26,2026-06-26 03:49:00,success,10161,169,
R003248,ats_vacancies,2026-06-26,2026-06-26 03:11:00,success,5405,210,
R003249,stripe_invoices,2026-06-26,2026-06-26 03:59:00,success,16653,265,
R003250,ga4_sessions,2026-06-26,2026-06-26 05:38:00,success,13765,656,
R003251,ads_spend,2026-06-26,2026-06-26 05:14:00,success,4296,175,
R003252,hubspot_leads,2026-06-26,2026-06-26 04:53:00,success,9447,149,
R003253,ats_submittals,2026-06-27,2026-06-27 02:58:00,success,2901,194,
R003254,ats_vacancies,2026-06-27,2026-06-27 02:17:00,success,4591,164,
R003255,stripe_invoices,2026-06-27,2026-06-27 05:47:00,success,1254,58,
R003256,ga4_sessions,2026-06-27,2026-06-27 05:37:00,failed,0,646,Duplicate key on merge
R003257,ads_spend,2026-06-27,2026-06-27 04:27:00,success,2355,249,
R003258,hubspot_leads,2026-06-27,2026-06-27 03:47:00,success,3162,277,
R003259,ats_submittals,2026-06-28,2026-06-28 04:50:00,success,5277,225,
R003260,ats_vacancies,2026-06-28,2026-06-28 03:22:00,success,3488,182,
R003261,stripe_invoices,2026-06-28,2026-06-28 05:30:00,success,2479,305,
R003262,ga4_sessions,2026-06-28,2026-06-28 02:37:00,success,4248,633,
R003263,ads_spend,2026-06-28,2026-06-28 04:41:00,success,3724,196,
R003264,hubspot_leads,2026-06-28,2026-06-28 03:59:00,success,1593,356,
R003265,ats_submittals,2026-06-29,2026-06-29 04:17:00,success,10033,145,
R003266,ats_vacancies,2026-06-29,2026-06-29 02:24:00,success,5373,262,
R003267,stripe_invoices,2026-06-29,2026-06-29 02:51:00,success,10476,210,
R003268,ga4_sessions,2026-06-29,2026-06-29 03:59:00,success,14295,493,
R003269,ads_spend,2026-06-29,2026-06-29 02:11:00,success,8477,277,
R003270,hubspot_leads,2026-06-29,2026-06-29 05:17:00,success,16196,221,
R003271,ats_submittals,2026-06-30,2026-06-30 03:57:00,success,15882,245,
R003272,ats_vacancies,2026-06-30,2026-06-30 04:29:00,success,15559,190,
R003273,stripe_invoices,2026-06-30,2026-06-30 05:35:00,success,10233,178,
R003274,ga4_sessions,2026-06-30,2026-06-30 03:22:00,success,11857,762,
R003275,ads_spend,2026-06-30,2026-06-30 04:12:00,success,9585,91,
R003276,hubspot_leads,2026-06-30,2026-06-30 03:16:00,success,8040,221,
R003277,ats_submittals,2026-07-01,2026-07-01 05:28:00,success,13162,163,
R003278,ats_vacancies,2026-07-01,2026-07-01 05:18:00,success,5333,227,
R003279,stripe_invoices,2026-07-01,2026-07-01 03:53:00,success,17179,327,
R003280,ga4_sessions,2026-07-01,2026-07-01 05:30:00,success,9811,455,
R003281,ads_spend,2026-07-01,2026-07-01 04:10:00,success,6494,188,
R003282,hubspot_leads,2026-07-01,2026-07-01 03:53:00,success,12806,168,
R003283,ats_submittals,2026-07-02,2026-07-02 04:36:00,failed,0,284,Source returned 0 rows
R003284,ats_vacancies,2026-07-02,2026-07-02 05:48:00,success,10831,194,
R003285,stripe_invoices,2026-07-02,2026-07-02 04:14:00,success,12188,202,
R003286,ga4_sessions,2026-07-02,2026-07-02 03:57:00,success,10972,660,
R003287,ads_spend,2026-07-02,2026-07-02 05:59:00,failed,0,195,Timeout after 900s
R003288,hubspot_leads,2026-07-02,2026-07-02 03:57:00,success,13295,228,
R003289,ats_submittals,2026-07-03,2026-07-03 03:31:00,success,14932,376,
R003290,ats_vacancies,2026-07-03,2026-07-03 04:47:00,success,6633,76,
R003291,stripe_invoices,2026-07-03,2026-07-03 04:48:00,success,8164,305,
R003292,ga4_sessions,2026-07-03,2026-07-03 03:24:00,success,10543,574,
R003293,ads_spend,2026-07-03,2026-07-03 04:51:00,success,14328,223,
R003294,hubspot_leads,2026-07-03,2026-07-03 05:12:00,success,15401,313,
R003295,ats_submittals,2026-07-04,2026-07-04 04:11:00,success,2580,196,
R003296,ats_vacancies,2026-07-04,2026-07-04 04:34:00,success,3547,228,
R003297,stripe_invoices,2026-07-04,2026-07-04 03:28:00,success,3624,192,
R003298,ga4_sessions,2026-07-04,2026-07-04 02:50:00,success,3049,592,
R003299,ads_spend,2026-07-04,2026-07-04 04:36:00,success,3528,276,
R003300,hubspot_leads,2026-07-04,2026-07-04 03:38:00,success,2348,202,
R003301,ats_submittals,2026-07-05,2026-07-05 05:20:00,success,3141,195,
R003302,ats_vacancies,2026-07-05,2026-07-05 05:25:00,success,1870,101,
R003303,stripe_invoices,2026-07-05,2026-07-05 02:16:00,success,4034,233,
R003304,ga4_sessions,2026-07-05,2026-07-05 04:10:00,success,3391,575,
R003305,ads_spend,2026-07-05,2026-07-05 05:31:00,success,2375,259,
R003306,hubspot_leads,2026-07-05,2026-07-05 05:26:00,success,3350,20,
R003307,ats_submittals,2026-07-06,2026-07-06 04:55:00,success,14569,134,
R003308,ats_vacancies,2026-07-06,2026-07-06 02:54:00,success,0,196,
R003309,stripe_invoices,2026-07-06,2026-07-06 03:58:00,success,8687,275,
R003310,ga4_sessions,2026-07-06,2026-07-06 04:22:00,success,19974,930,
R003311,ads_spend,2026-07-06,2026-07-06 05:23:00,success,7489,178,
R003312,hubspot_leads,2026-07-06,2026-07-06 05:16:00,success,15532,242,
R003313,ats_submittals,2026-07-07,2026-07-07 05:57:00,success,8748,179,
R003314,ats_vacancies,2026-07-07,2026-07-07 03:11:00,success,9401,251,
R003315,stripe_invoices,2026-07-07,2026-07-07 04:22:00,success,7557,340,
R003316,ga4_sessions,2026-07-07,2026-07-07 03:27:00,success,7641,979,
R003317,ads_spend,2026-07-07,2026-07-07 03:36:00,failed,0,222,API rate limit exceeded
R003318,hubspot_leads,2026-07-07,2026-07-07 05:54:00,failed,0,80,API rate limit exceeded
R003319,ats_submittals,2026-07-08,2026-07-08 04:30:00,success,8487,189,
R003320,ats_vacancies,2026-07-08,2026-07-08 03:58:00,success,13571,208,
R003321,stripe_invoices,2026-07-08,2026-07-08 02:39:00,success,9648,84,
R003322,ga4_sessions,2026-07-08,2026-07-08 02:11:00,success,9896,366,
R003323,ads_spend,2026-07-08,2026-07-08 02:15:00,success,9569,350,
R003324,hubspot_leads,2026-07-08,2026-07-08 04:16:00,success,14489,241,
R003325,ats_submittals,2026-07-09,2026-07-09 03:24:00,success,13067,154,
R003326,ats_vacancies,2026-07-09,2026-07-09 03:49:00,success,13059,219,
R003327,stripe_invoices,2026-07-09,2026-07-09 05:50:00,success,11633,287,
R003328,ga4_sessions,2026-07-09,2026-07-09 02:13:00,success,6378,970,
R003329,ads_spend,2026-07-09,2026-07-09 02:57:00,failed,0,286,Timeout after 900s
R003330,hubspot_leads,2026-07-09,2026-07-09 04:17:00,success,10408,186,
R003331,ats_submittals,2026-07-10,2026-07-10 05:38:00,success,6301,181,
R003332,ats_vacancies,2026-07-10,2026-07-10 04:44:00,success,8885,145,
R003333,stripe_invoices,2026-07-10,2026-07-10 02:24:00,success,10090,263,
R003334,ga4_sessions,2026-07-10,2026-07-10 02:10:00,success,10943,997,
R003335,ads_spend,2026-07-10,2026-07-10 02:19:00,success,6892,67,
R003336,hubspot_leads,2026-07-10,2026-07-10 03:23:00,success,6649,253,
R003337,ats_submittals,2026-07-11,2026-07-11 02:31:00,success,2548,262,
R003338,ats_vacancies,2026-07-11,2026-07-11 05:15:00,success,4874,246,
R003339,stripe_invoices,2026-07-11,2026-07-11 02:59:00,success,1938,20,
R003340,ga4_sessions,2026-07-11,2026-07-11 03:21:00,success,3301,551,
R003341,ads_spend,2026-07-11,2026-07-11 05:14:00,success,4279,233,
R003342,hubspot_leads,2026-07-11,2026-07-11 04:28:00,success,2776,302,
R003343,ats_submittals,2026-07-12,2026-07-12 02:37:00,success,2615,181,
R003344,ats_vacancies,2026-07-12,2026-07-12 04:17:00,success,3942,240,
R003345,stripe_invoices,2026-07-12,2026-07-12 04:35:00,failed,0,248,Schema drift: new column
R003346,ga4_sessions,2026-07-12,2026-07-12 03:31:00,success,2167,786,
R003347,ads_spend,2026-07-12,2026-07-12 04:35:00,success,2662,202,
R003348,hubspot_leads,2026-07-12,2026-07-12 02:12:00,success,2513,306,
R003349,ats_submittals,2026-07-13,2026-07-13 02:54:00,success,14404,289,
R003350,ats_vacancies,2026-07-13,2026-07-13 04:56:00,success,14140,340,
R003351,stripe_invoices,2026-07-13,2026-07-13 04:55:00,success,7025,158,
R003352,ga4_sessions,2026-07-13,2026-07-13 04:56:00,success,6501,1004,
R003353,ads_spend,2026-07-13,2026-07-13 03:47:00,success,9492,132,
R003354,hubspot_leads,2026-07-13,2026-07-13 04:12:00,success,9241,282,
R003355,ats_submittals,2026-07-14,2026-07-14 03:32:00,success,10724,135,
R003356,ats_vacancies,2026-07-14,2026-07-14 05:31:00,success,9940,162,
R003357,stripe_invoices,2026-07-14,2026-07-14 04:53:00,success,10584,256,
R003358,ga4_sessions,2026-07-14,2026-07-14 03:53:00,success,7781,817,
R003359,ads_spend,2026-07-14,2026-07-14 04:44:00,success,9126,198,
R003360,hubspot_leads,2026-07-14,2026-07-14 02:55:00,success,4780,177,
R003361,ats_submittals,2026-07-15,2026-07-15 02:36:00,success,12376,197,
R003362,ats_vacancies,2026-07-15,2026-07-15 03:17:00,success,10161,203,
R003363,stripe_invoices,2026-07-15,2026-07-15 04:51:00,success,15844,252,
R003364,ga4_sessions,2026-07-15,2026-07-15 03:18:00,success,8748,616,
R003365,ads_spend,2026-07-15,2026-07-15 05:54:00,success,14988,72,
R003366,hubspot_leads,2026-07-15,2026-07-15 05:29:00,success,13622,196,
R003367,ats_submittals,2026-07-16,2026-07-16 04:35:00,success,9770,226,
R003368,ats_vacancies,2026-07-16,2026-07-16 03:29:00,success,8923,219,
R003369,stripe_invoices,2026-07-16,2026-07-16 02:52:00,success,11831,202,
R003370,ga4_sessions,2026-07-16,2026-07-16 05:42:00,success,13864,544,
R003371,ads_spend,2026-07-16,2026-07-16 04:36:00,success,12632,233,
R003372,hubspot_leads,2026-07-16,2026-07-16 04:10:00,success,6684,261,
R003373,ats_submittals,2026-07-17,2026-07-17 05:51:00,success,12564,378,
R003374,ats_vacancies,2026-07-17,2026-07-17 02:32:00,success,9048,141,
R003375,stripe_invoices,2026-07-17,2026-07-17 05:28:00,success,14221,238,
R003376,ga4_sessions,2026-07-17,2026-07-17 04:32:00,success,12647,74,
R003377,ads_spend,2026-07-17,2026-07-17 04:19:00,success,15679,318,
R003378,hubspot_leads,2026-07-17,2026-07-17 04:28:00,success,7579,204,
R003379,ats_submittals,2026-07-18,2026-07-18 02:58:00,success,2963,70,
R003380,ats_vacancies,2026-07-18,2026-07-18 04:40:00,success,2638,164,
R003381,stripe_invoices,2026-07-18,2026-07-18 02:52:00,success,3213,292,
R003382,ga4_sessions,2026-07-18,2026-07-18 03:29:00,success,2312,694,
R003383,ads_spend,2026-07-18,2026-07-18 05:20:00,success,911,225,
R003384,hubspot_leads,2026-07-18,2026-07-18 02:53:00,success,2352,268,
R003385,ats_submittals,2026-07-19,2026-07-19 02:33:00,success,3601,155,
R003386,ats_vacancies,2026-07-19,2026-07-19 05:12:00,success,3767,294,
R003387,stripe_invoices,2026-07-19,2026-07-19 02:37:00,success,1655,325,
R003388,ga4_sessions,2026-07-19,2026-07-19 05:40:00,success,1860,725,
R003389,ads_spend,2026-07-19,2026-07-19 05:42:00,success,3390,298,
R003390,hubspot_leads,2026-07-19,2026-07-19 04:42:00,success,3126,178,
R003391,ats_submittals,2026-07-20,2026-07-20 03:15:00,success,13835,225,
R003392,ats_vacancies,2026-07-20,2026-07-20 05:41:00,success,17001,310,
R003393,stripe_invoices,2026-07-20,2026-07-20 03:43:00,success,10856,322,
R003394,ga4_sessions,2026-07-20,2026-07-20 05:14:00,success,10852,877,
R003395,ads_spend,2026-07-20,2026-07-20 02:11:00,success,5271,374,
R003396,hubspot_leads,2026-07-20,2026-07-20 03:13:00,success,6827,226,
R003397,ats_submittals,2026-07-21,2026-07-21 04:34:00,success,5702,297,
R003398,ats_vacancies,2026-07-21,2026-07-21 03:41:00,success,10345,92,
R003399,stripe_invoices,2026-07-21,2026-07-21 03:43:00,success,8580,264,
R003400,ga4_sessions,2026-07-21,2026-07-21 03:11:00,success,10697,530,
R003401,ads_spend,2026-07-21,2026-07-21 05:29:00,success,9791,289,
R003402,hubspot_leads,2026-07-21,2026-07-21 03:13:00,success,13218,136,
R003403,ats_submittals,2026-07-22,2026-07-22 02:33:00,success,12046,213,
R003404,ats_vacancies,2026-07-22,2026-07-22 05:56:00,success,11508,330,
R003405,stripe_invoices,2026-07-22,2026-07-22 02:49:00,success,14265,214,
R003406,ga4_sessions,2026-07-22,2026-07-22 03:57:00,success,10888,644,
R003407,ads_spend,2026-07-22,2026-07-22 03:35:00,success,16535,299,
R003408,hubspot_leads,2026-07-22,2026-07-22 03:37:00,success,17590,102,
R003409,ats_submittals,2026-07-23,2026-07-23 04:41:00,success,15307,237,
R003410,ats_vacancies,2026-07-23,2026-07-23 05:59:00,success,6515,45,
R003411,stripe_invoices,2026-07-23,2026-07-23 04:12:00,success,17101,185,
R003412,ga4_sessions,2026-07-23,2026-07-23 02:23:00,success,15350,523,
R003413,ads_spend,2026-07-23,2026-07-23 04:27:00,failed,0,214,Source returned 0 rows
R003414,hubspot_leads,2026-07-23,2026-07-23 03:12:00,success,9077,177,
R003415,ats_submittals,2026-07-24,2026-07-24 04:38:00,success,8883,305,
R003416,ats_vacancies,2026-07-24,2026-07-24 04:58:00,success,12321,148,
R003417,stripe_invoices,2026-07-24,2026-07-24 03:30:00,success,12862,474,
R003418,ga4_sessions,2026-07-24,2026-07-24 05:35:00,success,5328,773,
R003419,ads_spend,2026-07-24,2026-07-24 02:25:00,failed,0,47,Timeout after 900s
R003420,hubspot_leads,2026-07-24,2026-07-24 03:16:00,success,14369,211,
R003421,ats_submittals,2026-07-25,2026-07-25 02:48:00,success,3173,136,
R003422,ats_vacancies,2026-07-25,2026-07-25 02:14:00,success,3266,120,
R003423,stripe_invoices,2026-07-25,2026-07-25 04:32:00,success,2495,238,
R003424,ga4_sessions,2026-07-25,2026-07-25 05:37:00,success,2050,530,
R003425,ads_spend,2026-07-25,2026-07-25 02:50:00,success,3516,231,
R003426,hubspot_leads,2026-07-25,2026-07-25 04:45:00,success,3810,201,
R003427,ats_submittals,2026-07-26,2026-07-26 03:52:00,success,3183,299,
R003428,ats_vacancies,2026-07-26,2026-07-26 05:36:00,success,2183,226,
R003429,stripe_invoices,2026-07-26,2026-07-26 03:34:00,success,1948,85,
R003430,ga4_sessions,2026-07-26,2026-07-26 02:15:00,success,3339,782,
R003431,ads_spend,2026-07-26,2026-07-26 03:36:00,success,1413,224,
R003432,hubspot_leads,2026-07-26,2026-07-26 04:20:00,success,2886,288,
