submittal_id,vacancy_id,candidate_id,submitted_date,stage,stage_updated_date,reject_reason,english_level
S000001,V00001,K00211,2026-03-20,rejected,2026-03-25,Skill mismatch,C1
S000002,V00001,K00395,2026-03-20,rejected,2026-03-20,Availability,C2
S000003,V00001,K03695,2026-03-28,rejected,2026-03-28,Rate expectation,B2
S000004,V00001,K04200,2026-03-30,rejected,2026-04-07,English level,C1
S000005,V00001,K00941,2026-04-07,rejected,2026-04-07,Availability,B2
S000006,V00001,K01712,2026-04-10,rejected,2026-04-10,Availability,B1
S000007,V00001,K00543,2026-04-14,rejected,2026-04-14,Client chose other candidate,B2
S000008,V00002,K01095,2025-02-12,rejected,2025-02-12,Rate expectation,B2
S000009,V00002,K00244,2025-02-19,rejected,2025-02-19,Client chose other candidate,C1
S000010,V00002,K01040,2025-02-21,rejected,2025-02-21,Skill mismatch,B1
S000011,V00002,K02022,2025-02-27,hired,2025-03-05,,C1
S000012,V00002,K03661,2025-03-02,rejected,2025-03-02,Rate expectation,B1
S000013,V00002,K03977,2025-03-05,rejected,2025-03-05,English level,C2
S000014,V00003,K02533,2025-03-05,rejected,2025-03-05,Rate expectation,B1
S000015,V00003,K02607,2025-03-09,rejected,2025-03-09,Client cancelled,B1
S000016,V00003,K00902,2025-03-12,rejected,2025-03-12,Skill mismatch,C1
S000017,V00003,K03113,2025-03-16,hired,2025-03-27,,B1
S000018,V00003,K03215,2025-03-22,rejected,2025-03-22,English level,B2
S000019,V00003,K02239,2025-03-23,rejected,2025-03-23,Rate expectation,C2
S000020,V00003,K00537,2025-03-27,rejected,2025-04-05,Client cancelled,B2
S000021,V00003,K02162,2025-03-30,rejected,2025-03-30,Client cancelled,C1
S000022,V00003,K00793,2025-04-01,rejected,2025-04-01,Rate expectation,B2
S000023,V00004,K01743,2025-03-01,offer_declined,2025-03-07,Candidate withdrew,C2
S000024,V00004,K03567,2025-03-06,rejected,2025-03-14,Rate expectation,C2
S000025,V00004,K03362,2025-03-10,rejected,2025-03-15,Candidate withdrew,C2
S000026,V00004,K02587,2025-03-14,rejected,2025-03-14,Skill mismatch,B2
S000027,V00004,K03066,2025-03-16,rejected,2025-03-16,Client chose other candidate,C1
S000028,V00005,K01988,2026-07-19,rejected,2026-07-19,Candidate withdrew,B1
S000029,V00005,K01462,2026-07-22,rejected,2026-07-22,Client chose other candidate,B1
S000030,V00006,K03826,2025-05-10,rejected,2025-05-10,Candidate withdrew,C2
S000031,V00006,K02862,2025-05-19,rejected,2025-05-19,English level,B1
S000032,V00006,K00264,2025-05-23,rejected,2025-05-23,Rate expectation,C1
S000033,V00006,K02454,2025-05-28,rejected,2025-05-28,Availability,C1
S000034,V00006,K02265,2025-06-04,rejected,2025-06-04,English level,C1
S000035,V00007,K02193,2025-05-09,hired,2025-05-12,,C2
S000036,V00007,K03294,2025-05-13,rejected,2025-05-13,Client cancelled,B2
S000037,V00007,K01290,2025-05-19,rejected,2025-05-19,Client cancelled,B2
S000038,V00007,K00793,2025-05-22,rejected,2025-05-22,Candidate withdrew,B2
S000039,V00007,K03731,2025-05-25,rejected,2025-06-02,Rate expectation,B2
S000040,V00008,K03005,2025-04-18,rejected,2025-04-18,Client cancelled,C2
S000041,V00008,K00121,2025-04-21,rejected,2025-04-21,Rate expectation,C2
S000042,V00008,K01552,2025-04-23,rejected,2025-04-23,Candidate withdrew,B1
S000043,V00008,K01986,2025-04-27,rejected,2025-04-28,Availability,C1
S000044,V00008,K00450,2025-05-02,rejected,2025-05-02,Skill mismatch,C2
S000045,V00008,K04210,2025-05-03,hired,2025-05-08,,C1
S000046,V00008,K02687,2025-05-08,rejected,2025-05-08,Availability,B2
S000047,V00008,K01215,2025-05-11,rejected,2025-05-16,Skill mismatch,C2
S000048,V00009,K00169,2025-05-02,rejected,2025-05-02,Candidate withdrew,C1
S000049,V00009,K03246,2025-05-09,offer_declined,2025-05-14,Candidate withdrew,B2
S000050,V00009,K00958,2025-05-13,rejected,2025-05-13,Availability,C1
S000051,V00009,K02277,2025-05-19,rejected,2025-05-19,Client chose other candidate,B2
S000052,V00009,K03092,2025-05-22,rejected,2025-05-27,Availability,B2
S000053,V00009,K00707,2025-05-29,rejected,2025-05-29,Client chose other candidate,B2
S000054,V00009,K01172,2025-06-04,rejected,2025-06-04,Client chose other candidate,B2
S000055,V00009,K03704,2025-06-10,rejected,2025-06-10,English level,C1
S000056,V00010,K00331,2025-05-31,rejected,2025-05-31,Client chose other candidate,B2
S000057,V00010,K02317,2025-06-01,rejected,2025-06-05,Rate expectation,B2
S000058,V00010,K00434,2025-06-05,rejected,2025-06-05,Rate expectation,B1
S000059,V00010,K01666,2025-06-07,rejected,2025-06-07,Client cancelled,C1
S000060,V00010,K00416,2025-06-12,hired,2025-06-19,,B2
S000061,V00010,K03494,2025-06-13,rejected,2025-06-15,Rate expectation,C2
S000062,V00010,K01684,2025-06-15,rejected,2025-06-15,Candidate withdrew,B1
S000063,V00010,K03782,2025-06-21,rejected,2025-07-03,Client cancelled,C1
S000064,V00010,K01807,2025-06-24,rejected,2025-06-24,Availability,B1
S000065,V00011,K03856,2025-12-11,rejected,2025-12-11,Client chose other candidate,B2
S000066,V00011,K01938,2025-12-15,rejected,2025-12-17,Skill mismatch,B2
S000067,V00011,K04068,2025-12-16,rejected,2025-12-16,Skill mismatch,C1
S000068,V00011,K00734,2025-12-19,rejected,2025-12-19,Skill mismatch,C1
S000069,V00012,K02539,2025-09-15,rejected,2025-09-15,English level,B1
S000070,V00012,K04226,2025-09-18,rejected,2025-09-18,English level,C1
S000071,V00012,K01388,2025-09-22,rejected,2025-09-22,Client chose other candidate,B2
S000072,V00012,K02319,2025-09-22,rejected,2025-10-02,Client cancelled,C1
S000073,V00012,K01120,2025-09-28,rejected,2025-09-28,English level,C1
S000074,V00013,K03623,2025-09-20,rejected,2025-09-20,Availability,C1
S000075,V00013,K00750,2025-09-23,rejected,2025-09-23,English level,B1
S000076,V00013,K03553,2025-09-29,rejected,2025-10-03,Candidate withdrew,C1
S000077,V00013,K00591,2025-10-06,rejected,2025-10-06,Rate expectation,C1
S000078,V00013,K03779,2025-10-07,rejected,2025-10-07,Rate expectation,C1
S000079,V00013,K00188,2025-10-15,rejected,2025-10-15,Candidate withdrew,C1
S000080,V00013,K03300,2025-10-22,rejected,2025-10-23,Rate expectation,C1
S000081,V00013,K01394,2025-10-27,rejected,2025-10-27,Skill mismatch,C1
S000082,V00013,K00296,2025-11-01,rejected,2025-11-01,Client cancelled,C1
S000083,V00014,K01500,2025-08-04,rejected,2025-08-04,Candidate withdrew,B1
S000084,V00014,K00952,2025-08-08,rejected,2025-08-08,Client chose other candidate,B1
S000085,V00014,K00883,2025-08-09,offer_declined,2025-08-16,Candidate withdrew,B2
S000086,V00014,K03025,2025-08-14,rejected,2025-08-14,Rate expectation,C1
S000087,V00014,K01874,2025-08-16,rejected,2025-08-16,English level,B2
S000088,V00015,K01074,2025-06-09,rejected,2025-06-09,Client cancelled,B2
S000089,V00015,K03684,2025-06-12,rejected,2025-06-12,Rate expectation,B1
S000090,V00015,K02799,2025-06-15,hired,2025-06-20,,C2
S000091,V00015,K02233,2025-06-21,rejected,2025-06-24,Skill mismatch,C1
S000092,V00015,K02870,2025-06-23,rejected,2025-06-30,Client cancelled,B2
S000093,V00015,K02076,2025-06-27,rejected,2025-06-28,Skill mismatch,C2
S000094,V00015,K03221,2025-07-05,rejected,2025-07-05,Client cancelled,C2
S000095,V00016,K03510,2026-01-22,hired,2026-01-29,,C1
S000096,V00016,K00892,2026-01-27,rejected,2026-01-27,Candidate withdrew,B1
S000097,V00016,K03840,2026-01-29,rejected,2026-01-29,Candidate withdrew,C1
S000098,V00017,K04036,2025-07-18,rejected,2025-07-28,Client cancelled,B2
S000099,V00017,K03642,2025-07-22,rejected,2025-07-22,Candidate withdrew,B2
S000100,V00017,K00180,2025-07-28,rejected,2025-08-03,Skill mismatch,C1
S000101,V00017,K01209,2025-07-30,rejected,2025-08-03,Rate expectation,B1
S000102,V00017,K01273,2025-08-01,rejected,2025-08-01,Skill mismatch,B1
S000103,V00018,K01517,2026-04-28,rejected,2026-04-28,Candidate withdrew,B2
S000104,V00018,K01898,2026-05-05,rejected,2026-05-05,Availability,B2
S000105,V00018,K01393,2026-05-06,rejected,2026-05-06,Candidate withdrew,B2
S000106,V00018,K03169,2026-05-13,rejected,2026-05-19,Client chose other candidate,B2
S000107,V00018,K01892,2026-05-17,rejected,2026-05-17,English level,B2
S000108,V00018,K03201,2026-05-22,hired,2026-05-25,,C1
S000109,V00019,K00443,2025-03-17,hired,2025-03-20,,B2
S000110,V00019,K03816,2025-03-22,rejected,2025-03-27,Client chose other candidate,B2
S000111,V00019,K00188,2025-04-02,rejected,2025-04-07,Availability,C1
S000112,V00019,K02112,2025-04-05,rejected,2025-04-10,Availability,B1
S000113,V00020,K02818,2026-04-28,rejected,2026-05-01,Skill mismatch,C1
S000114,V00020,K01184,2026-04-30,rejected,2026-04-30,Client cancelled,B2
S000115,V00020,K03432,2026-05-02,hired,2026-05-08,,C2
S000116,V00020,K03303,2026-05-07,rejected,2026-05-07,English level,B2
S000117,V00020,K03284,2026-05-08,rejected,2026-05-13,Rate expectation,C2
S000118,V00020,K03555,2026-05-10,rejected,2026-05-10,Client chose other candidate,B1
S000119,V00020,K01173,2026-05-14,rejected,2026-05-23,Candidate withdrew,C1
S000120,V00020,K00914,2026-05-16,rejected,2026-05-22,Client cancelled,C1
S000121,V00021,K03271,2025-02-07,rejected,2025-02-07,Candidate withdrew,C2
S000122,V00021,K00787,2025-02-16,rejected,2025-02-16,Skill mismatch,C1
S000123,V00021,K00941,2025-02-18,rejected,2025-02-18,Rate expectation,B2
S000124,V00022,K04000,2026-03-04,rejected,2026-03-05,Candidate withdrew,C2
S000125,V00022,K00937,2026-03-08,rejected,2026-03-08,Client cancelled,B2
S000126,V00022,K03605,2026-03-13,hired,2026-03-21,,B2
S000127,V00022,K01808,2026-03-14,rejected,2026-03-18,English level,B2
S000128,V00022,K02425,2026-03-21,rejected,2026-03-21,Rate expectation,B2
S000129,V00022,K00056,2026-03-25,rejected,2026-03-25,Client chose other candidate,C2
S000130,V00023,K03856,2025-12-09,rejected,2025-12-09,Skill mismatch,B2
S000131,V00023,K00435,2025-12-12,rejected,2025-12-12,Candidate withdrew,B1
S000132,V00024,K00200,2026-01-30,hired,2026-02-04,,C1
S000133,V00024,K00306,2026-02-02,rejected,2026-02-02,Rate expectation,B2
S000134,V00024,K01578,2026-02-06,rejected,2026-02-06,Rate expectation,B2
S000135,V00024,K01654,2026-02-09,rejected,2026-02-09,Rate expectation,B2
S000136,V00024,K03451,2026-02-12,rejected,2026-02-12,English level,C1
S000137,V00025,K03350,2026-01-03,rejected,2026-01-03,Client cancelled,B2
S000138,V00025,K01437,2026-01-07,rejected,2026-01-07,Client cancelled,B2
S000139,V00025,K02437,2026-01-09,rejected,2026-01-09,Rate expectation,B1
S000140,V00025,K01185,2026-01-12,rejected,2026-01-16,Client chose other candidate,B2
S000141,V00025,K04209,2026-01-15,rejected,2026-01-15,Candidate withdrew,B1
S000142,V00025,K00685,2026-01-20,rejected,2026-01-27,Rate expectation,B2
S000143,V00025,K04219,2026-01-24,rejected,2026-01-29,English level,B1
S000144,V00025,K01922,2026-01-26,rejected,2026-01-26,Rate expectation,B2
S000145,V00026,K03854,2026-02-22,rejected,2026-02-22,Rate expectation,B2
S000146,V00026,K01106,2026-02-26,hired,2026-03-04,,B2
S000147,V00026,K00745,2026-03-03,rejected,2026-03-05,Candidate withdrew,C1
S000148,V00026,K03162,2026-03-06,rejected,2026-03-08,Availability,C1
S000149,V00026,K03818,2026-03-09,rejected,2026-03-09,Client cancelled,B1
S000150,V00026,K03013,2026-03-13,rejected,2026-03-13,Availability,B2
S000151,V00027,K04015,2025-07-02,rejected,2025-07-06,Skill mismatch,B1
S000152,V00027,K02548,2025-07-08,rejected,2025-07-08,Rate expectation,B2
S000153,V00027,K00422,2025-07-13,rejected,2025-07-18,English level,B1
S000154,V00027,K01764,2025-07-14,rejected,2025-07-14,Client chose other candidate,B2
S000155,V00028,K04160,2025-09-17,hired,2025-09-25,,B2
S000156,V00028,K00867,2025-09-20,rejected,2025-09-20,Client cancelled,B1
S000157,V00028,K02737,2025-09-25,rejected,2025-09-25,Skill mismatch,B1
S000158,V00028,K00725,2025-09-27,rejected,2025-09-27,Candidate withdrew,B2
S000159,V00028,K01921,2025-10-02,rejected,2025-10-10,Client chose other candidate,C1
S000160,V00029,K01785,2025-04-30,rejected,2025-04-30,Candidate withdrew,C1
S000161,V00029,K02273,2025-04-30,rejected,2025-05-06,Candidate withdrew,C1
S000162,V00029,K01410,2025-05-04,rejected,2025-05-04,Client cancelled,B1
S000163,V00029,K02717,2025-05-06,hired,2025-05-09,,C1
S000164,V00029,K02116,2025-05-07,rejected,2025-05-13,Client chose other candidate,B2
S000165,V00029,K01472,2025-05-13,rejected,2025-05-24,Rate expectation,C2
S000166,V00029,K02358,2025-05-14,rejected,2025-05-14,Client cancelled,B2
S000167,V00030,K03722,2025-12-18,rejected,2025-12-18,Candidate withdrew,B2
S000168,V00030,K02769,2025-12-30,hired,2026-01-13,,B2
S000169,V00030,K03566,2026-01-05,rejected,2026-01-05,Candidate withdrew,C1
S000170,V00030,K00445,2026-01-06,rejected,2026-01-06,Rate expectation,C1
S000171,V00030,K02884,2026-01-12,rejected,2026-01-15,English level,C2
S000172,V00030,K02252,2026-01-17,rejected,2026-01-17,Skill mismatch,B2
S000173,V00030,K02730,2026-01-22,rejected,2026-01-29,Client cancelled,B2
S000174,V00030,K02887,2026-01-28,rejected,2026-02-06,Client cancelled,C2
S000175,V00030,K01963,2026-02-01,rejected,2026-02-06,Client chose other candidate,C1
S000176,V00030,K01860,2026-02-08,rejected,2026-02-08,Client chose other candidate,B2
S000177,V00030,K01975,2026-02-12,rejected,2026-02-12,Client cancelled,B2
S000178,V00030,K00654,2026-02-22,rejected,2026-03-02,Client cancelled,B2
S000179,V00031,K02241,2025-07-11,rejected,2025-07-22,Skill mismatch,C1
S000180,V00031,K03562,2025-07-15,rejected,2025-07-15,Candidate withdrew,B1
S000181,V00031,K03148,2025-07-22,hired,2025-07-28,,C1
S000182,V00032,K03321,2026-02-22,rejected,2026-02-22,English level,C1
S000183,V00032,K03463,2026-02-26,rejected,2026-02-26,Client cancelled,C1
S000184,V00032,K00057,2026-02-27,offer_declined,2026-03-10,Candidate withdrew,C2
S000185,V00032,K03820,2026-02-28,rejected,2026-02-28,Availability,B2
S000186,V00032,K04011,2026-03-02,rejected,2026-03-02,Skill mismatch,B2
S000187,V00033,K00578,2025-12-24,rejected,2025-12-24,Candidate withdrew,B1
S000188,V00033,K01423,2025-12-30,rejected,2026-01-01,Client cancelled,B2
S000189,V00033,K01280,2026-01-03,rejected,2026-01-07,Rate expectation,C1
S000190,V00033,K02090,2026-01-05,rejected,2026-01-05,Candidate withdrew,B2
S000191,V00033,K00891,2026-01-12,rejected,2026-01-22,Availability,C1
S000192,V00033,K01330,2026-01-15,hired,2026-01-24,,C1
S000193,V00034,K01708,2026-07-03,rejected,2026-07-03,Client chose other candidate,C1
S000194,V00034,K03026,2026-07-03,rejected,2026-07-03,Rate expectation,B1
S000195,V00034,K00824,2026-07-08,hired,2026-07-10,,C2
S000196,V00034,K01395,2026-07-09,rejected,2026-07-16,Availability,B2
S000197,V00034,K02391,2026-07-12,rejected,2026-07-12,Client chose other candidate,B2
S000198,V00034,K03079,2026-07-14,rejected,2026-07-14,Skill mismatch,B1
S000199,V00034,K00026,2026-07-15,rejected,2026-07-15,Client cancelled,B1
S000200,V00034,K02825,2026-07-18,rejected,2026-07-18,Availability,B2
S000201,V00035,K01612,2026-06-23,rejected,2026-06-23,Skill mismatch,B2
S000202,V00035,K01988,2026-06-29,rejected,2026-06-29,Candidate withdrew,B1
S000203,V00035,K03823,2026-07-03,rejected,2026-07-03,Candidate withdrew,C1
S000204,V00035,K00278,2026-07-04,rejected,2026-07-04,English level,C2
S000205,V00035,K02117,2026-07-09,rejected,2026-07-09,Client chose other candidate,C1
S000206,V00035,K02028,2026-07-11,hired,2026-07-18,,B2
S000207,V00035,K02502,2026-07-17,rejected,2026-07-18,Client cancelled,C1
S000208,V00035,K02679,2026-07-21,client_review,2026-07-21,,C2
S000209,V00035,K00469,2026-07-21,client_review,2026-07-21,,C1
S000210,V00036,K02336,2025-05-21,rejected,2025-05-21,Skill mismatch,B2
S000211,V00036,K03307,2025-05-22,offer_declined,2025-06-04,Candidate withdrew,C1
S000212,V00036,K00559,2025-05-28,rejected,2025-05-28,Client chose other candidate,B1
S000213,V00036,K03444,2025-05-30,rejected,2025-06-06,Candidate withdrew,B2
S000214,V00036,K01385,2025-06-04,rejected,2025-06-12,Availability,C1
S000215,V00036,K00534,2025-06-07,rejected,2025-06-10,Client chose other candidate,B2
S000216,V00036,K03602,2025-06-13,rejected,2025-06-13,Skill mismatch,B1
S000217,V00037,K01680,2026-05-16,rejected,2026-05-16,Client chose other candidate,C1
S000218,V00037,K04053,2026-05-18,rejected,2026-05-18,Candidate withdrew,B1
S000219,V00037,K03081,2026-05-21,hired,2026-06-06,,B2
S000220,V00037,K03958,2026-05-22,rejected,2026-05-29,Skill mismatch,C1
S000221,V00037,K02752,2026-05-27,rejected,2026-06-01,Rate expectation,C1
S000222,V00037,K03089,2026-05-29,rejected,2026-06-05,Rate expectation,B2
S000223,V00037,K01901,2026-06-01,rejected,2026-06-01,Skill mismatch,B2
S000224,V00037,K01639,2026-06-04,rejected,2026-06-10,Candidate withdrew,C1
S000225,V00037,K03829,2026-06-07,rejected,2026-06-18,Candidate withdrew,B2
S000226,V00037,K04166,2026-06-09,rejected,2026-06-17,Skill mismatch,B2
S000227,V00038,K00601,2026-01-19,rejected,2026-01-19,Candidate withdrew,B2
S000228,V00038,K04060,2026-01-23,rejected,2026-02-02,Skill mismatch,B2
S000229,V00038,K03314,2026-01-25,rejected,2026-01-25,Client cancelled,B2
S000230,V00038,K03556,2026-01-28,rejected,2026-01-28,Candidate withdrew,B2
S000231,V00039,K00319,2025-03-12,rejected,2025-03-18,Rate expectation,B2
S000232,V00039,K01315,2025-03-17,rejected,2025-03-19,Skill mismatch,B2
S000233,V00039,K01599,2025-03-20,rejected,2025-03-20,Availability,B2
S000234,V00039,K02926,2025-03-24,rejected,2025-03-24,Candidate withdrew,C1
S000235,V00039,K02998,2025-03-27,rejected,2025-03-27,Availability,B2
S000236,V00039,K00274,2025-04-03,rejected,2025-04-03,English level,B1
S000237,V00040,K00945,2025-08-04,rejected,2025-08-05,Skill mismatch,B1
S000238,V00040,K02786,2025-08-07,rejected,2025-08-07,Rate expectation,B2
S000239,V00040,K04116,2025-08-11,offer_declined,2025-08-25,Candidate withdrew,C2
S000240,V00041,K03098,2025-03-29,rejected,2025-04-04,Skill mismatch,C2
S000241,V00041,K03045,2025-04-04,rejected,2025-04-11,Availability,C1
S000242,V00041,K02829,2025-04-07,rejected,2025-04-07,English level,C1
S000243,V00041,K01040,2025-04-12,rejected,2025-04-18,Client chose other candidate,B1
S000244,V00041,K03944,2025-04-15,offer_declined,2025-04-23,Candidate withdrew,B2
S000245,V00041,K00327,2025-04-17,rejected,2025-04-17,Client chose other candidate,B2
S000246,V00041,K00186,2025-04-24,offer_declined,2025-05-02,Candidate withdrew,C1
S000247,V00042,K03888,2025-06-25,hired,2025-07-07,,C1
S000248,V00042,K02177,2025-06-29,rejected,2025-06-29,Client cancelled,C1
S000249,V00042,K03591,2025-07-03,rejected,2025-07-03,Skill mismatch,B2
S000250,V00042,K01718,2025-07-11,rejected,2025-07-16,English level,C1
S000251,V00042,K01609,2025-07-14,rejected,2025-07-18,Availability,C2
S000252,V00042,K00847,2025-07-23,rejected,2025-07-23,Skill mismatch,C1
S000253,V00042,K03907,2025-07-26,rejected,2025-07-26,Skill mismatch,B2
S000254,V00042,K00023,2025-07-31,rejected,2025-08-08,English level,B1
S000255,V00042,K02241,2025-08-05,rejected,2025-08-10,Rate expectation,C1
S000256,V00042,K03777,2025-08-14,rejected,2025-08-23,Candidate withdrew,C1
S000257,V00042,K03717,2025-08-18,rejected,2025-08-18,Skill mismatch,B2
S000258,V00043,K02930,2026-06-19,rejected,2026-06-19,Client cancelled,B2
S000259,V00043,K03975,2026-06-21,rejected,2026-06-21,Availability,B2
S000260,V00043,K00869,2026-06-26,rejected,2026-06-26,Client cancelled,B2
S000261,V00043,K03468,2026-07-01,hired,2026-07-11,,C2
S000262,V00043,K00300,2026-07-02,rejected,2026-07-05,Candidate withdrew,B2
S000263,V00044,K00337,2025-08-29,rejected,2025-09-01,Availability,B2
S000264,V00044,K01475,2025-08-31,rejected,2025-08-31,Candidate withdrew,B2
S000265,V00044,K03290,2025-09-06,rejected,2025-09-06,English level,C2
S000266,V00044,K02878,2025-09-07,rejected,2025-09-11,Skill mismatch,C2
S000267,V00045,K03863,2026-04-15,rejected,2026-04-15,English level,B2
S000268,V00045,K02881,2026-04-17,rejected,2026-04-17,English level,B1
S000269,V00045,K02144,2026-04-20,rejected,2026-04-20,Client cancelled,B1
S000270,V00045,K03686,2026-04-21,rejected,2026-04-21,Client cancelled,B2
S000271,V00045,K02519,2026-04-23,rejected,2026-05-02,Skill mismatch,C2
S000272,V00046,K03318,2025-06-04,rejected,2025-06-04,Client cancelled,B1
S000273,V00046,K01937,2025-06-13,rejected,2025-06-18,Candidate withdrew,B2
S000274,V00046,K00794,2025-06-10,rejected,2025-06-14,Availability,B2
S000275,V00046,K01508,2025-06-19,rejected,2025-06-22,Candidate withdrew,B1
S000276,V00046,K01571,2025-06-24,rejected,2025-06-24,Availability,B2
S000277,V00047,K00678,2026-01-08,rejected,2026-01-08,Availability,C1
S000278,V00047,K01456,2026-01-10,hired,2026-01-16,,C1
S000279,V00047,K03237,2026-01-12,rejected,2026-01-18,Candidate withdrew,C1
S000280,V00047,K01777,2026-01-16,rejected,2026-01-24,English level,C1
S000281,V00047,K01708,2026-01-18,rejected,2026-01-21,English level,C1
S000282,V00047,K00131,2026-01-23,rejected,2026-01-24,Client cancelled,B2
S000283,V00048,K02862,2025-08-17,rejected,2025-08-30,Rate expectation,B1
S000284,V00048,K01841,2025-08-26,rejected,2025-08-27,Candidate withdrew,B2
S000285,V00048,K02252,2025-09-04,rejected,2025-09-13,English level,B2
S000286,V00048,K01933,2025-09-09,rejected,2025-09-09,Availability,B2
S000287,V00048,K02101,2025-09-10,hired,2025-09-15,,B2
S000288,V00048,K03300,2025-09-22,rejected,2025-09-28,Client cancelled,C1
S000289,V00048,K03747,2025-09-24,rejected,2025-09-24,Rate expectation,C2
S000290,V00049,K02545,2025-07-31,rejected,2025-07-31,Availability,B1
S000291,V00049,K01694,2025-08-02,hired,2025-08-13,,B2
S000292,V00049,K02593,2025-08-03,rejected,2025-08-13,Candidate withdrew,C1
S000293,V00049,K01268,2025-08-08,rejected,2025-08-08,Client chose other candidate,B1
S000294,V00049,K01349,2025-08-09,rejected,2025-08-09,Client chose other candidate,B2
S000295,V00049,K02580,2025-08-14,rejected,2025-08-14,Client cancelled,C2
S000296,V00049,K02466,2025-08-15,rejected,2025-08-15,English level,C1
S000297,V00049,K04016,2025-08-20,rejected,2025-08-20,Client chose other candidate,B1
S000298,V00049,K03299,2025-08-21,rejected,2025-08-22,Client chose other candidate,B2
S000299,V00050,K02651,2026-04-15,rejected,2026-04-15,Rate expectation,B1
S000300,V00051,K01737,2025-03-15,rejected,2025-03-18,Availability,B2
S000301,V00052,K03160,2026-02-15,rejected,2026-02-18,Skill mismatch,B2
S000302,V00052,K03729,2026-02-23,rejected,2026-02-23,Client chose other candidate,B1
S000303,V00052,K02835,2026-02-27,rejected,2026-02-27,Availability,B1
S000304,V00052,K03580,2026-03-06,rejected,2026-03-06,English level,B2
S000305,V00052,K01801,2026-03-09,rejected,2026-03-09,Rate expectation,C2
S000306,V00053,K03327,2025-03-08,rejected,2025-03-11,Availability,C1
S000307,V00053,K02775,2025-03-17,rejected,2025-03-17,Rate expectation,B1
S000308,V00053,K03372,2025-03-19,offer_declined,2025-03-25,Candidate withdrew,B2
S000309,V00053,K00919,2025-03-23,rejected,2025-03-25,Candidate withdrew,B2
S000310,V00053,K03723,2025-03-27,hired,2025-04-04,,C1
S000311,V00053,K00358,2025-03-31,rejected,2025-04-07,Skill mismatch,B2
S000312,V00053,K04092,2025-04-04,rejected,2025-04-04,Skill mismatch,B1
S000313,V00053,K02250,2025-04-07,rejected,2025-04-07,Skill mismatch,B2
S000314,V00054,K04000,2025-04-19,offer_declined,2025-05-01,Candidate withdrew,C2
S000315,V00054,K02844,2025-04-22,rejected,2025-04-23,English level,B2
S000316,V00054,K01803,2025-04-26,rejected,2025-04-26,Candidate withdrew,B2
S000317,V00054,K00077,2025-04-29,rejected,2025-04-29,Client cancelled,C1
S000318,V00054,K00150,2025-05-02,rejected,2025-05-08,Skill mismatch,B2
S000319,V00055,K04171,2025-05-15,rejected,2025-05-15,Client cancelled,B2
S000320,V00055,K00669,2025-05-18,rejected,2025-05-18,Availability,B2
S000321,V00055,K03996,2025-05-21,hired,2025-05-30,,B2
S000322,V00055,K00298,2025-05-24,rejected,2025-05-30,Rate expectation,C1
S000323,V00055,K01727,2025-05-27,rejected,2025-06-07,Client chose other candidate,C1
S000324,V00055,K02765,2025-05-30,rejected,2025-06-02,English level,B1
S000325,V00055,K03522,2025-06-02,rejected,2025-06-02,Client chose other candidate,C1
S000326,V00056,K01688,2026-03-26,offer_declined,2026-04-05,Candidate withdrew,C1
S000327,V00056,K02921,2026-03-29,rejected,2026-03-29,Candidate withdrew,B1
S000328,V00056,K02965,2026-04-04,rejected,2026-04-04,Client chose other candidate,B2
S000329,V00056,K00880,2026-04-09,rejected,2026-04-09,Rate expectation,C1
S000330,V00057,K01503,2025-10-22,rejected,2025-10-29,Candidate withdrew,C2
S000331,V00058,K02984,2025-11-11,rejected,2025-11-11,Availability,C1
S000332,V00058,K02710,2025-11-17,rejected,2025-11-17,Client chose other candidate,B2
S000333,V00058,K00676,2025-11-19,rejected,2025-11-23,Rate expectation,B2
S000334,V00058,K01051,2025-11-25,rejected,2025-12-06,Skill mismatch,C1
S000335,V00058,K03629,2025-12-03,rejected,2025-12-04,Client cancelled,B2
S000336,V00058,K02870,2025-12-06,rejected,2025-12-08,Rate expectation,B2
S000337,V00059,K03059,2026-02-28,rejected,2026-03-06,Availability,C1
S000338,V00059,K01700,2026-03-01,rejected,2026-03-01,Skill mismatch,B1
S000339,V00059,K00604,2026-03-03,rejected,2026-03-03,Client chose other candidate,B1
S000340,V00059,K00518,2026-03-06,rejected,2026-03-06,Client cancelled,C1
S000341,V00060,K03463,2025-05-12,rejected,2025-05-12,Client cancelled,C1
S000342,V00060,K02681,2025-05-17,rejected,2025-05-17,Rate expectation,B2
S000343,V00060,K03575,2025-05-21,rejected,2025-05-21,Candidate withdrew,C1
S000344,V00060,K02412,2025-05-22,hired,2025-06-04,,C1
S000345,V00060,K00561,2025-05-28,rejected,2025-06-02,Client chose other candidate,B2
S000346,V00061,K00779,2025-05-27,rejected,2025-05-27,Candidate withdrew,B2
S000347,V00061,K04197,2025-06-06,rejected,2025-06-06,Rate expectation,C1
S000348,V00061,K01012,2025-06-10,rejected,2025-06-11,English level,B1
S000349,V00062,K03305,2026-03-05,rejected,2026-03-05,Availability,B2
S000350,V00062,K01760,2026-03-05,hired,2026-03-19,,B2
S000351,V00062,K01550,2026-03-13,rejected,2026-03-13,Client chose other candidate,C1
S000352,V00062,K03525,2026-03-17,rejected,2026-03-26,Rate expectation,C1
S000353,V00063,K01334,2025-06-22,offer_declined,2025-07-01,Candidate withdrew,C1
S000354,V00063,K02233,2025-06-28,rejected,2025-06-28,Candidate withdrew,C1
S000355,V00063,K02288,2025-07-02,offer_declined,2025-07-04,Candidate withdrew,C1
S000356,V00063,K02839,2025-07-07,rejected,2025-07-07,Client cancelled,B2
S000357,V00063,K00514,2025-07-10,rejected,2025-07-10,Skill mismatch,C1
S000358,V00063,K01952,2025-07-14,hired,2025-07-28,,C2
S000359,V00063,K00661,2025-07-15,rejected,2025-07-15,Client cancelled,C1
S000360,V00064,K02289,2025-04-21,rejected,2025-04-21,Client chose other candidate,B2
S000361,V00064,K00422,2025-04-21,rejected,2025-04-21,English level,B1
S000362,V00064,K00077,2025-04-24,hired,2025-05-05,,C1
S000363,V00064,K02154,2025-04-27,rejected,2025-05-09,Client cancelled,C1
S000364,V00064,K02159,2025-04-29,rejected,2025-05-05,Candidate withdrew,B1
S000365,V00064,K01154,2025-04-30,rejected,2025-04-30,Skill mismatch,B2
S000366,V00065,K04006,2025-12-20,rejected,2025-12-20,Candidate withdrew,B1
S000367,V00065,K00758,2025-12-22,rejected,2025-12-22,Rate expectation,B2
S000368,V00065,K02513,2025-12-24,hired,2026-01-01,,B2
S000369,V00065,K03548,2025-12-28,rejected,2026-01-06,English level,B1
S000370,V00065,K03323,2025-12-30,rejected,2025-12-30,Client chose other candidate,B2
S000371,V00066,K02372,2026-05-15,rejected,2026-05-21,English level,B2
S000372,V00066,K03809,2026-05-18,rejected,2026-05-18,Skill mismatch,B2
S000373,V00066,K02060,2026-05-23,rejected,2026-05-23,Client chose other candidate,B1
S000374,V00066,K00692,2026-05-26,rejected,2026-05-26,Client chose other candidate,C1
S000375,V00066,K02477,2026-05-28,hired,2026-06-03,,C1
S000376,V00066,K01498,2026-05-30,rejected,2026-06-06,Availability,C1
S000377,V00066,K01730,2026-06-02,rejected,2026-06-02,Skill mismatch,B1
S000378,V00066,K03878,2026-06-03,rejected,2026-06-03,Rate expectation,C1
S000379,V00066,K02543,2026-06-08,rejected,2026-06-08,Rate expectation,B1
S000380,V00067,K03687,2026-07-06,rejected,2026-07-06,Candidate withdrew,C2
S000381,V00067,K00368,2026-07-08,rejected,2026-07-08,Skill mismatch,B1
S000382,V00067,K02405,2026-07-11,rejected,2026-07-18,Availability,C1
S000383,V00067,K03092,2026-07-19,rejected,2026-07-19,Availability,B2
S000384,V00067,K02177,2026-07-24,client_review,2026-07-24,,C1
S000385,V00067,K03100,2026-07-25,rejected,2026-07-25,Client cancelled,B1
S000386,V00068,K01709,2025-12-09,rejected,2025-12-14,Skill mismatch,B2
S000387,V00068,K01744,2025-12-10,hired,2025-12-25,,B2
S000388,V00068,K00125,2025-12-11,rejected,2025-12-13,Availability,B2
S000389,V00068,K02398,2025-12-14,rejected,2025-12-14,Client chose other candidate,B2
S000390,V00068,K01926,2025-12-19,rejected,2025-12-23,Rate expectation,B1
S000391,V00069,K03755,2025-10-16,rejected,2025-10-24,Availability,C1
S000392,V00070,K03001,2026-06-30,rejected,2026-07-06,English level,B2
S000393,V00070,K00317,2026-07-10,offer_declined,2026-07-19,Candidate withdrew,C1
S000394,V00070,K03060,2026-07-14,rejected,2026-07-14,Candidate withdrew,B1
S000395,V00070,K03136,2026-07-18,rejected,2026-07-19,Client chose other candidate,C1
S000396,V00070,K03911,2026-07-24,rejected,2026-07-24,English level,C2
S000397,V00071,K02392,2026-06-25,rejected,2026-06-25,Rate expectation,B1
S000398,V00071,K02389,2026-06-29,rejected,2026-07-06,English level,C2
S000399,V00071,K04199,2026-07-02,rejected,2026-07-06,English level,C2
S000400,V00071,K01336,2026-07-05,rejected,2026-07-05,Rate expectation,B2
S000401,V00071,K03138,2026-07-08,rejected,2026-07-08,Rate expectation,C1
S000402,V00071,K02543,2026-07-10,rejected,2026-07-10,Candidate withdrew,B1
S000403,V00071,K01697,2026-07-13,hired,2026-07-20,,B2
S000404,V00072,K00150,2026-04-17,rejected,2026-04-17,Client chose other candidate,B2
S000405,V00072,K03005,2026-04-20,rejected,2026-04-29,Availability,C2
S000406,V00072,K02289,2026-04-25,rejected,2026-04-25,English level,B2
S000407,V00072,K02667,2026-04-29,rejected,2026-04-29,English level,C1
S000408,V00072,K02308,2026-05-01,rejected,2026-05-12,Rate expectation,B1
S000409,V00072,K00267,2026-05-05,rejected,2026-05-05,Client cancelled,B2
S000410,V00072,K01603,2026-05-09,hired,2026-05-20,,B2
S000411,V00073,K01709,2026-02-22,rejected,2026-02-22,Availability,B2
S000412,V00073,K02691,2026-02-25,rejected,2026-02-25,Candidate withdrew,B2
S000413,V00073,K00653,2026-02-27,rejected,2026-02-27,Skill mismatch,C2
S000414,V00073,K03505,2026-03-04,rejected,2026-03-06,Availability,B1
S000415,V00073,K01256,2026-03-03,rejected,2026-03-10,Skill mismatch,B1
S000416,V00074,K02866,2026-04-02,rejected,2026-04-02,Rate expectation,B2
S000417,V00074,K02991,2026-04-08,rejected,2026-04-16,English level,C1
S000418,V00074,K03819,2026-04-10,rejected,2026-04-10,Client chose other candidate,B1
S000419,V00074,K02788,2026-04-13,hired,2026-04-20,,B2
S000420,V00074,K03478,2026-04-20,rejected,2026-04-20,Client chose other candidate,C1
S000421,V00074,K00446,2026-04-25,rejected,2026-04-25,Skill mismatch,C1
S000422,V00074,K01729,2026-04-28,rejected,2026-05-04,Client cancelled,C2
S000423,V00075,K00497,2026-01-09,rejected,2026-01-09,Client chose other candidate,B2
S000424,V00075,K00823,2026-01-16,rejected,2026-01-16,Client chose other candidate,C1
S000425,V00075,K03130,2026-01-21,rejected,2026-01-31,Candidate withdrew,B2
S000426,V00075,K01557,2026-01-23,rejected,2026-01-23,Client chose other candidate,C1
S000427,V00075,K01342,2026-01-27,rejected,2026-01-27,Rate expectation,B1
S000428,V00075,K03233,2026-01-31,rejected,2026-01-31,Client cancelled,B1
S000429,V00076,K01632,2026-01-13,offer_declined,2026-01-19,Candidate withdrew,B2
S000430,V00076,K03484,2026-01-15,rejected,2026-01-15,Client cancelled,C1
S000431,V00076,K02067,2026-01-16,hired,2026-01-31,,C1
S000432,V00076,K00145,2026-01-21,rejected,2026-01-25,Rate expectation,C1
S000433,V00076,K00653,2026-01-23,rejected,2026-01-26,Client chose other candidate,C2
S000434,V00076,K02285,2026-01-28,rejected,2026-02-01,Availability,B2
S000435,V00076,K02648,2026-01-29,rejected,2026-01-29,Availability,B2
S000436,V00076,K03968,2026-02-01,rejected,2026-02-01,Client cancelled,B2
S000437,V00076,K02728,2026-02-02,rejected,2026-02-02,Candidate withdrew,C2
S000438,V00077,K01142,2026-01-23,rejected,2026-01-29,Rate expectation,C1
S000439,V00077,K00559,2026-01-26,rejected,2026-01-31,English level,B1
S000440,V00077,K02947,2026-01-27,rejected,2026-01-27,English level,B1
S000441,V00077,K02924,2026-02-01,rejected,2026-02-01,English level,C1
S000442,V00078,K02804,2026-07-24,rejected,2026-07-24,Rate expectation,B2
S000443,V00079,K00650,2025-05-21,rejected,2025-05-21,Skill mismatch,C1
S000444,V00079,K00404,2025-05-27,offer_declined,2025-05-29,Candidate withdrew,B2
S000445,V00079,K03799,2025-05-25,rejected,2025-06-08,Candidate withdrew,C1
S000446,V00080,K02182,2025-07-07,rejected,2025-07-07,Rate expectation,C1
S000447,V00080,K00807,2025-07-08,rejected,2025-07-08,Rate expectation,B2
S000448,V00080,K00001,2025-07-12,rejected,2025-07-12,Candidate withdrew,C1
S000449,V00080,K00766,2025-07-11,hired,2025-07-17,,C1
S000450,V00080,K00255,2025-07-19,rejected,2025-07-26,Availability,B2
S000451,V00080,K00494,2025-07-23,rejected,2025-07-28,English level,C2
S000452,V00080,K00057,2025-07-25,rejected,2025-07-31,Availability,C2
S000453,V00081,K02880,2025-07-27,rejected,2025-08-03,Candidate withdrew,C1
S000454,V00081,K01889,2025-07-31,rejected,2025-07-31,English level,B1
S000455,V00081,K02007,2025-08-01,rejected,2025-08-01,Candidate withdrew,B2
S000456,V00081,K02851,2025-08-11,rejected,2025-08-11,Client cancelled,B2
S000457,V00082,K02659,2026-05-29,rejected,2026-05-29,Rate expectation,B2
S000458,V00082,K03754,2026-06-02,rejected,2026-06-11,Skill mismatch,B1
S000459,V00082,K01771,2026-06-05,rejected,2026-06-07,Client cancelled,C1
S000460,V00082,K03922,2026-06-10,rejected,2026-06-10,Client chose other candidate,B2
S000461,V00082,K00854,2026-06-10,rejected,2026-06-10,Rate expectation,B1
S000462,V00083,K02796,2026-05-15,rejected,2026-05-15,Client chose other candidate,B2
S000463,V00083,K03845,2026-05-17,rejected,2026-05-17,English level,C2
S000464,V00083,K02605,2026-05-19,rejected,2026-05-19,Candidate withdrew,B1
S000465,V00083,K00907,2026-05-26,rejected,2026-05-31,Rate expectation,B2
S000466,V00083,K03407,2026-05-31,rejected,2026-05-31,Client chose other candidate,C2
S000467,V00084,K01531,2026-06-05,rejected,2026-06-05,Candidate withdrew,B2
S000468,V00084,K00721,2026-06-08,rejected,2026-06-20,Rate expectation,B2
S000469,V00084,K03729,2026-06-13,rejected,2026-06-13,Availability,B1
S000470,V00084,K02241,2026-06-22,rejected,2026-06-22,Client chose other candidate,C1
S000471,V00084,K01098,2026-06-25,hired,2026-07-04,,C1
S000472,V00084,K04009,2026-07-01,rejected,2026-07-06,Candidate withdrew,C1
S000473,V00085,K01191,2025-10-05,rejected,2025-10-05,Client cancelled,C2
S000474,V00085,K01563,2025-10-12,rejected,2025-10-12,Candidate withdrew,B2
S000475,V00085,K03674,2025-10-15,rejected,2025-10-18,English level,B2
S000476,V00085,K00159,2025-10-23,rejected,2025-10-23,Client chose other candidate,B2
S000477,V00085,K03043,2025-10-27,rejected,2025-11-04,Client chose other candidate,C1
S000478,V00085,K00994,2025-11-04,rejected,2025-11-04,English level,C1
S000479,V00085,K00015,2025-11-09,hired,2025-11-23,,C2
S000480,V00086,K01407,2025-12-07,rejected,2025-12-10,Client cancelled,B1
S000481,V00086,K00164,2025-12-10,hired,2025-12-24,,B2
S000482,V00086,K03342,2025-12-13,rejected,2025-12-16,English level,C1
S000483,V00086,K03806,2025-12-14,rejected,2025-12-15,Rate expectation,C1
S000484,V00086,K03448,2025-12-18,rejected,2025-12-18,English level,C2
S000485,V00086,K00491,2025-12-21,rejected,2025-12-21,English level,C2
S000486,V00087,K04215,2025-09-18,rejected,2025-09-20,Rate expectation,C1
S000487,V00087,K03673,2025-09-19,rejected,2025-09-19,Client chose other candidate,B1
S000488,V00087,K00693,2025-09-24,rejected,2025-10-09,Availability,B2
S000489,V00087,K02239,2025-09-28,hired,2025-10-04,,C2
S000490,V00088,K01198,2025-07-11,hired,2025-07-24,,C1
S000491,V00088,K03528,2025-07-12,rejected,2025-07-14,Skill mismatch,C2
S000492,V00088,K04221,2025-07-15,rejected,2025-07-15,Availability,B2
S000493,V00088,K03394,2025-07-17,rejected,2025-07-24,Availability,C1
S000494,V00088,K01456,2025-07-23,rejected,2025-07-23,Candidate withdrew,C1
S000495,V00088,K02874,2025-07-25,rejected,2025-08-04,Rate expectation,C2
S000496,V00088,K00634,2025-07-28,rejected,2025-07-28,Client cancelled,B1
S000497,V00089,K03724,2025-07-31,rejected,2025-08-01,Client cancelled,C1
S000498,V00089,K01150,2025-08-09,hired,2025-08-21,,C1
S000499,V00089,K00061,2025-08-05,rejected,2025-08-05,Candidate withdrew,B1
S000500,V00089,K03598,2025-08-15,rejected,2025-08-19,Client chose other candidate,C1
S000501,V00089,K00513,2025-08-13,rejected,2025-08-13,Skill mismatch,B2
S000502,V00090,K03629,2026-02-12,rejected,2026-02-12,English level,B2
S000503,V00090,K00907,2026-02-16,rejected,2026-02-16,Candidate withdrew,B2
S000504,V00090,K02537,2026-02-19,rejected,2026-02-25,English level,B1
S000505,V00090,K01076,2026-02-24,rejected,2026-02-24,Rate expectation,C1
S000506,V00090,K03543,2026-02-26,rejected,2026-02-26,English level,C1
S000507,V00090,K02471,2026-03-05,rejected,2026-03-05,English level,B2
S000508,V00090,K01756,2026-03-08,offer_declined,2026-03-19,Candidate withdrew,C1
S000509,V00090,K00515,2026-03-12,rejected,2026-03-12,Candidate withdrew,B2
S000510,V00090,K03114,2026-03-16,rejected,2026-03-16,Client cancelled,B2
S000511,V00090,K03936,2026-03-22,rejected,2026-03-24,Availability,B2
S000512,V00090,K02037,2026-03-23,rejected,2026-03-23,Client chose other candidate,B2
S000513,V00091,K02715,2025-11-22,rejected,2025-11-28,Skill mismatch,B2
S000514,V00091,K03828,2025-11-28,rejected,2025-12-01,English level,B1
S000515,V00091,K03889,2025-12-01,rejected,2025-12-01,Availability,C2
S000516,V00091,K02843,2025-12-04,hired,2025-12-13,,C1
S000517,V00092,K01844,2025-05-25,rejected,2025-05-25,Client chose other candidate,C2
S000518,V00092,K02693,2025-05-26,rejected,2025-06-01,Client chose other candidate,B2
S000519,V00092,K03376,2025-05-30,rejected,2025-05-30,Client chose other candidate,B2
S000520,V00092,K01171,2025-06-02,hired,2025-06-05,,C1
S000521,V00092,K02860,2025-06-07,rejected,2025-06-12,Client chose other candidate,C1
S000522,V00092,K03996,2025-06-09,rejected,2025-06-16,Skill mismatch,B2
S000523,V00092,K01720,2025-06-11,rejected,2025-06-15,English level,C1
S000524,V00093,K02193,2025-05-09,hired,2025-05-25,,C2
S000525,V00093,K00104,2025-05-11,rejected,2025-05-19,Rate expectation,B2
S000526,V00093,K03164,2025-05-14,rejected,2025-05-20,Skill mismatch,C1
S000527,V00094,K02327,2025-08-17,hired,2025-08-19,,C1
S000528,V00094,K02078,2025-08-20,rejected,2025-08-20,Skill mismatch,C1
S000529,V00094,K01402,2025-08-27,rejected,2025-08-31,Availability,C1
S000530,V00094,K03698,2025-09-05,rejected,2025-09-05,English level,B2
S000531,V00094,K01527,2025-09-06,rejected,2025-09-08,Availability,B2
S000532,V00094,K02685,2025-09-15,rejected,2025-09-21,Skill mismatch,C1
S000533,V00094,K02020,2025-09-18,rejected,2025-09-23,Client chose other candidate,C1
S000534,V00094,K01590,2025-09-24,rejected,2025-09-24,Skill mismatch,B2
S000535,V00095,K01533,2026-06-04,rejected,2026-06-05,Client cancelled,B2
S000536,V00095,K02261,2026-06-06,rejected,2026-06-06,English level,C1
S000537,V00095,K02336,2026-06-11,rejected,2026-06-11,Client chose other candidate,B2
S000538,V00095,K01878,2026-06-14,hired,2026-06-24,,C1
S000539,V00095,K00267,2026-06-20,rejected,2026-06-20,English level,B2
S000540,V00096,K03730,2026-02-11,rejected,2026-02-16,Rate expectation,B2
S000541,V00096,K02844,2026-02-15,rejected,2026-02-15,Client chose other candidate,B2
S000542,V00096,K03531,2026-02-18,hired,2026-02-25,,B2
S000543,V00096,K01688,2026-02-23,rejected,2026-03-02,Skill mismatch,C1
S000544,V00096,K01169,2026-02-26,rejected,2026-03-01,Client chose other candidate,B2
S000545,V00096,K03515,2026-03-02,rejected,2026-03-02,Client cancelled,B1
S000546,V00096,K00027,2026-03-06,rejected,2026-03-06,Availability,B1
S000547,V00096,K01568,2026-03-08,rejected,2026-03-13,Candidate withdrew,C1
S000548,V00097,K00316,2025-05-20,rejected,2025-05-21,Client cancelled,B2
S000549,V00097,K00007,2025-05-25,hired,2025-05-31,,C1
S000550,V00097,K01920,2025-05-30,rejected,2025-06-06,Skill mismatch,C1
S000551,V00097,K01416,2025-06-03,rejected,2025-06-07,Skill mismatch,B2
S000552,V00097,K03367,2025-06-07,rejected,2025-06-07,Availability,C1
S000553,V00097,K00853,2025-06-10,rejected,2025-06-11,English level,B2
S000554,V00098,K02943,2025-08-28,rejected,2025-08-28,Rate expectation,B2
S000555,V00098,K01396,2025-08-29,rejected,2025-09-03,Rate expectation,B2
S000556,V00098,K01537,2025-09-03,rejected,2025-09-03,Client chose other candidate,B1
S000557,V00098,K02730,2025-09-09,hired,2025-09-15,,B2
S000558,V00098,K03846,2025-09-21,rejected,2025-09-30,Client cancelled,B1
S000559,V00098,K03580,2025-09-24,rejected,2025-09-30,Rate expectation,B2
S000560,V00098,K03844,2025-09-24,rejected,2025-09-24,Candidate withdrew,B2
S000561,V00099,K01085,2025-11-29,rejected,2025-11-29,Client chose other candidate,C1
S000562,V00100,K01417,2026-01-24,rejected,2026-02-03,Candidate withdrew,C1
S000563,V00100,K02323,2026-01-30,rejected,2026-01-30,English level,B2
S000564,V00100,K00310,2026-02-01,rejected,2026-02-01,English level,C2
S000565,V00100,K02545,2026-02-05,rejected,2026-02-05,Availability,B1
S000566,V00100,K03013,2026-02-10,rejected,2026-02-15,Availability,B2
S000567,V00100,K01778,2026-02-15,rejected,2026-02-15,Skill mismatch,C1
S000568,V00100,K00483,2026-02-19,rejected,2026-02-19,English level,B2
S000569,V00100,K01780,2026-02-22,rejected,2026-02-28,English level,B2
S000570,V00100,K00244,2026-02-26,rejected,2026-03-07,Availability,C1
S000571,V00101,K01007,2025-11-09,rejected,2025-11-09,English level,B1
S000572,V00101,K00113,2025-11-16,offer_declined,2025-11-27,Candidate withdrew,C2
S000573,V00101,K02265,2025-11-25,rejected,2025-12-03,Skill mismatch,C1
S000574,V00101,K01105,2025-11-27,rejected,2025-11-27,Rate expectation,C2
S000575,V00101,K01923,2025-12-02,hired,2025-12-19,,C1
S000576,V00101,K04146,2025-12-13,rejected,2025-12-18,Client cancelled,C1
S000577,V00101,K03008,2025-12-15,rejected,2025-12-15,Candidate withdrew,B2
S000578,V00101,K00866,2025-12-17,rejected,2025-12-26,Client chose other candidate,C2
S000579,V00101,K02244,2025-12-29,rejected,2025-12-30,Availability,C2
S000580,V00101,K02436,2025-12-30,rejected,2026-01-03,English level,B2
S000581,V00102,K01372,2025-05-05,hired,2025-05-13,,C1
S000582,V00102,K02957,2025-05-08,rejected,2025-05-08,Client chose other candidate,C2
S000583,V00102,K00765,2025-05-11,rejected,2025-05-11,Skill mismatch,C2
S000584,V00102,K02864,2025-05-13,rejected,2025-05-14,English level,C1
S000585,V00102,K01939,2025-05-17,rejected,2025-05-17,Skill mismatch,B2
S000586,V00102,K03325,2025-05-19,rejected,2025-05-23,English level,B2
S000587,V00102,K03781,2025-05-22,rejected,2025-05-29,Client cancelled,C1
S000588,V00102,K02398,2025-05-24,rejected,2025-05-24,Candidate withdrew,B2
S000589,V00103,K03419,2025-05-20,rejected,2025-05-31,Availability,C1
S000590,V00103,K02489,2025-05-26,rejected,2025-06-01,Client chose other candidate,B2
S000591,V00104,K03053,2026-02-07,hired,2026-02-19,,C2
S000592,V00104,K02003,2026-02-09,rejected,2026-02-09,Client chose other candidate,B2
S000593,V00104,K03745,2026-02-13,rejected,2026-02-15,Availability,C1
S000594,V00104,K00240,2026-02-16,rejected,2026-02-16,Client cancelled,B1
S000595,V00104,K00653,2026-02-19,rejected,2026-02-24,Client cancelled,C2
S000596,V00104,K01465,2026-02-18,rejected,2026-02-18,Availability,B2
S000597,V00104,K01230,2026-02-24,rejected,2026-03-05,Availability,C2
S000598,V00104,K02173,2026-02-28,rejected,2026-02-28,Client cancelled,C1
S000599,V00104,K01281,2026-03-02,rejected,2026-03-04,Client cancelled,C2
S000600,V00105,K03175,2026-01-04,hired,2026-01-10,,B2
S000601,V00105,K02262,2026-01-06,rejected,2026-01-13,Candidate withdrew,B2
S000602,V00105,K02879,2026-01-12,rejected,2026-01-15,Client cancelled,C1
S000603,V00105,K03779,2026-01-19,rejected,2026-01-19,Skill mismatch,C1
S000604,V00105,K01583,2026-01-22,rejected,2026-01-28,Skill mismatch,B2
S000605,V00105,K00707,2026-02-01,rejected,2026-02-01,Client cancelled,B2
S000606,V00105,K01648,2026-02-07,rejected,2026-02-07,Candidate withdrew,B1
S000607,V00105,K02396,2026-02-07,rejected,2026-02-11,Rate expectation,C1
S000608,V00105,K02122,2026-02-14,rejected,2026-02-22,Client cancelled,C2
S000609,V00105,K01975,2026-02-21,rejected,2026-02-21,English level,B2
S000610,V00106,K03179,2025-05-03,offer_declined,2025-05-12,Candidate withdrew,C1
S000611,V00107,K01850,2026-06-12,rejected,2026-06-12,Availability,B2
S000612,V00107,K03997,2026-06-20,rejected,2026-06-20,Client cancelled,C1
S000613,V00107,K00011,2026-06-19,rejected,2026-06-20,Client cancelled,B2
S000614,V00108,K02096,2025-10-05,rejected,2025-10-09,Skill mismatch,B2
S000615,V00108,K00935,2025-10-06,offer_declined,2025-10-16,Candidate withdrew,C1
S000616,V00108,K02942,2025-10-12,hired,2025-10-21,,C1
S000617,V00108,K01410,2025-10-16,rejected,2025-10-16,Availability,B1
S000618,V00108,K02047,2025-10-21,rejected,2025-10-21,Client cancelled,B1
S000619,V00108,K00061,2025-10-24,rejected,2025-10-24,Client chose other candidate,B1
S000620,V00108,K03038,2025-10-25,rejected,2025-10-31,Client chose other candidate,B1
S000621,V00109,K02381,2025-07-31,offer_declined,2025-08-03,Candidate withdrew,C1
S000622,V00109,K01689,2025-08-04,rejected,2025-08-04,Client cancelled,B2
S000623,V00109,K02142,2025-08-07,rejected,2025-08-07,English level,B2
S000624,V00109,K03409,2025-08-09,rejected,2025-08-09,Rate expectation,B1
S000625,V00109,K02875,2025-08-16,hired,2025-08-21,,C1
S000626,V00110,K02574,2026-01-29,rejected,2026-02-06,English level,C1
S000627,V00110,K01442,2026-02-01,rejected,2026-02-01,Client chose other candidate,B2
S000628,V00110,K03484,2026-02-03,hired,2026-02-09,,C1
S000629,V00110,K00999,2026-02-05,rejected,2026-02-05,Skill mismatch,C1
S000630,V00110,K00585,2026-02-08,rejected,2026-02-08,Candidate withdrew,C1
S000631,V00110,K03989,2026-02-09,rejected,2026-02-09,Skill mismatch,B2
S000632,V00111,K03850,2025-08-31,rejected,2025-09-02,Availability,B2
S000633,V00111,K02771,2025-09-10,rejected,2025-09-18,Skill mismatch,C2
S000634,V00111,K00480,2025-09-11,rejected,2025-09-11,Client cancelled,B2
S000635,V00111,K03228,2025-09-18,rejected,2025-09-18,Rate expectation,B2
S000636,V00111,K01773,2025-09-24,rejected,2025-09-24,Skill mismatch,C2
S000637,V00112,K00166,2025-05-26,rejected,2025-05-26,English level,B2
S000638,V00112,K00731,2025-05-30,rejected,2025-05-30,English level,B2
S000639,V00112,K03827,2025-06-07,rejected,2025-06-14,Rate expectation,B2
S000640,V00113,K03567,2025-05-23,hired,2025-06-07,,C2
S000641,V00113,K01359,2025-05-23,rejected,2025-05-23,English level,C1
S000642,V00113,K03370,2025-05-26,rejected,2025-05-29,Skill mismatch,B2
S000643,V00113,K00940,2025-05-28,rejected,2025-06-05,English level,C2
S000644,V00113,K00717,2025-06-02,rejected,2025-06-04,Skill mismatch,B1
S000645,V00113,K03946,2025-06-03,rejected,2025-06-03,Client cancelled,C1
S000646,V00113,K00993,2025-06-08,rejected,2025-06-14,Candidate withdrew,C1
S000647,V00114,K01718,2026-02-01,hired,2026-02-13,,C1
S000648,V00114,K01669,2026-02-09,rejected,2026-02-13,Candidate withdrew,C1
S000649,V00114,K01008,2026-02-16,rejected,2026-02-16,Rate expectation,B2
S000650,V00114,K03796,2026-02-18,rejected,2026-02-24,Client cancelled,C1
S000651,V00114,K00317,2026-02-27,rejected,2026-03-05,English level,C1
S000652,V00114,K01787,2026-03-07,rejected,2026-03-07,Client chose other candidate,B2
S000653,V00114,K01835,2026-03-12,rejected,2026-03-13,Skill mismatch,B1
S000654,V00114,K00520,2026-03-15,rejected,2026-03-15,Candidate withdrew,C1
S000655,V00114,K01705,2026-03-18,rejected,2026-03-27,Candidate withdrew,B2
S000656,V00115,K01210,2026-06-30,hired,2026-07-07,,B2
S000657,V00115,K00123,2026-07-03,rejected,2026-07-11,Client cancelled,B2
S000658,V00115,K04007,2026-07-09,rejected,2026-07-09,Skill mismatch,C1
S000659,V00115,K03144,2026-07-11,rejected,2026-07-19,Client cancelled,C1
S000660,V00116,K02574,2026-04-19,rejected,2026-04-19,Rate expectation,C1
S000661,V00116,K03905,2026-04-21,rejected,2026-04-21,Rate expectation,B2
S000662,V00116,K02495,2026-04-26,rejected,2026-04-26,Client cancelled,B2
S000663,V00116,K00008,2026-04-27,rejected,2026-05-03,Client cancelled,C2
S000664,V00117,K00806,2025-12-16,rejected,2025-12-16,Skill mismatch,B1
S000665,V00117,K02315,2025-12-19,rejected,2025-12-19,Skill mismatch,B2
S000666,V00117,K00378,2025-12-23,rejected,2025-12-28,Rate expectation,C1
S000667,V00117,K02998,2025-12-28,rejected,2026-01-03,Candidate withdrew,B2
S000668,V00117,K01380,2026-01-02,rejected,2026-01-02,English level,C1
S000669,V00117,K03924,2026-01-06,rejected,2026-01-06,English level,B2
S000670,V00117,K01543,2026-01-11,rejected,2026-01-16,Candidate withdrew,C1
S000671,V00117,K00919,2026-01-13,rejected,2026-01-13,English level,B2
S000672,V00118,K01164,2026-02-02,rejected,2026-02-02,Rate expectation,C2
S000673,V00118,K00587,2026-02-04,rejected,2026-02-04,Candidate withdrew,B2
S000674,V00118,K01728,2026-02-07,rejected,2026-02-07,Client cancelled,B2
S000675,V00120,K00341,2025-05-31,rejected,2025-06-07,Rate expectation,B2
S000676,V00120,K01438,2025-06-04,rejected,2025-06-07,Availability,B2
S000677,V00120,K00855,2025-06-09,rejected,2025-06-09,Client cancelled,B1
S000678,V00120,K03552,2025-06-14,rejected,2025-06-14,Rate expectation,C1
S000679,V00120,K02314,2025-06-18,rejected,2025-06-18,Availability,B2
S000680,V00120,K01896,2025-06-22,rejected,2025-06-24,Skill mismatch,B1
S000681,V00121,K01361,2025-08-24,rejected,2025-08-24,Availability,C2
S000682,V00121,K01795,2025-08-27,offer_declined,2025-09-04,Candidate withdrew,C1
S000683,V00121,K00552,2025-08-31,rejected,2025-09-05,Skill mismatch,B2
S000684,V00121,K03303,2025-09-02,rejected,2025-09-02,Availability,B2
S000685,V00121,K02707,2025-09-05,offer_declined,2025-09-19,Candidate withdrew,C2
S000686,V00121,K01235,2025-09-07,rejected,2025-09-07,Rate expectation,C1
S000687,V00121,K03323,2025-09-10,hired,2025-09-17,,B2
S000688,V00121,K01664,2025-09-14,rejected,2025-09-18,Candidate withdrew,B2
S000689,V00121,K03338,2025-09-16,rejected,2025-09-16,Client chose other candidate,C1
S000690,V00122,K03314,2025-10-31,hired,2025-11-06,,B2
S000691,V00122,K03325,2025-11-05,rejected,2025-11-09,Client cancelled,B2
S000692,V00122,K01480,2025-11-07,rejected,2025-11-07,Rate expectation,B1
S000693,V00122,K00247,2025-11-10,rejected,2025-11-10,English level,C2
S000694,V00122,K03473,2025-11-13,rejected,2025-11-13,English level,B2
S000695,V00122,K02386,2025-11-18,rejected,2025-11-18,English level,C1
S000696,V00123,K02390,2026-04-25,rejected,2026-04-25,Candidate withdrew,B1
S000697,V00123,K03921,2026-05-01,rejected,2026-05-05,Candidate withdrew,B2
S000698,V00123,K00925,2026-05-01,hired,2026-05-11,,C1
S000699,V00124,K03189,2025-10-01,rejected,2025-10-01,Candidate withdrew,C1
S000700,V00124,K00992,2025-10-05,rejected,2025-10-13,Availability,B1
S000701,V00124,K02359,2025-10-05,rejected,2025-10-05,Client chose other candidate,B2
S000702,V00124,K03781,2025-10-07,rejected,2025-10-15,English level,C1
S000703,V00124,K03853,2025-10-10,rejected,2025-10-18,Availability,B2
S000704,V00124,K01887,2025-10-11,rejected,2025-10-11,Skill mismatch,C1
S000705,V00124,K03314,2025-10-13,rejected,2025-10-25,Availability,B2
S000706,V00124,K02386,2025-10-17,rejected,2025-10-17,Skill mismatch,C1
S000707,V00125,K01750,2025-11-02,rejected,2025-11-10,English level,C2
S000708,V00125,K01486,2025-11-05,rejected,2025-11-10,Client cancelled,C1
S000709,V00125,K02388,2025-11-06,rejected,2025-11-06,Candidate withdrew,B1
S000710,V00125,K00985,2025-11-10,offer_declined,2025-11-18,Candidate withdrew,B2
S000711,V00125,K04108,2025-11-12,hired,2025-11-27,,B2
S000712,V00125,K03782,2025-11-18,rejected,2025-11-25,Candidate withdrew,C1
S000713,V00125,K00887,2025-11-20,rejected,2025-11-28,Rate expectation,B1
S000714,V00126,K01230,2025-07-12,rejected,2025-07-18,Availability,C2
S000715,V00126,K00758,2025-07-15,rejected,2025-07-15,Client cancelled,B2
S000716,V00126,K01328,2025-07-18,rejected,2025-07-18,English level,C1
S000717,V00126,K00116,2025-07-21,rejected,2025-07-27,Client cancelled,C2
S000718,V00127,K00497,2025-06-15,rejected,2025-06-15,Availability,B2
S000719,V00127,K03493,2025-06-18,offer_declined,2025-06-30,Candidate withdrew,C1
S000720,V00127,K04041,2025-06-25,rejected,2025-06-29,Candidate withdrew,B2
S000721,V00127,K02126,2025-06-27,hired,2025-07-10,,B2
S000722,V00127,K02810,2025-06-29,rejected,2025-06-29,Skill mismatch,B2
S000723,V00127,K03797,2025-07-07,rejected,2025-07-12,Availability,C1
S000724,V00127,K01517,2025-07-11,rejected,2025-07-11,Rate expectation,B2
S000725,V00127,K00539,2025-07-17,rejected,2025-07-21,Availability,C2
S000726,V00128,K02479,2026-03-28,rejected,2026-03-28,Availability,C2
S000727,V00128,K01937,2026-03-31,rejected,2026-03-31,Client chose other candidate,B2
S000728,V00129,K00414,2025-11-17,rejected,2025-11-17,Client cancelled,B2
S000729,V00129,K03639,2025-11-20,rejected,2025-11-23,Rate expectation,B2
S000730,V00129,K02809,2025-11-23,rejected,2025-11-23,Client cancelled,B2
S000731,V00129,K02219,2025-11-25,rejected,2025-12-05,Availability,C1
S000732,V00130,K02845,2025-05-31,hired,2025-06-06,,B2
S000733,V00130,K01025,2025-06-03,rejected,2025-06-03,Client cancelled,C1
S000734,V00130,K03986,2025-06-09,rejected,2025-06-09,Client chose other candidate,C1
S000735,V00130,K02431,2025-06-10,rejected,2025-06-17,English level,C1
S000736,V00131,K02733,2025-08-05,rejected,2025-08-05,Availability,C2
S000737,V00131,K02667,2025-08-05,rejected,2025-08-16,Rate expectation,C1
S000738,V00131,K03732,2025-08-11,rejected,2025-08-20,Candidate withdrew,C1
S000739,V00131,K01995,2025-08-13,rejected,2025-08-19,Candidate withdrew,B2
S000740,V00131,K02045,2025-08-18,rejected,2025-08-18,Rate expectation,C1
S000741,V00131,K02533,2025-08-22,rejected,2025-08-26,Rate expectation,B1
S000742,V00132,K03997,2026-03-29,rejected,2026-03-29,Client chose other candidate,C1
S000743,V00132,K02361,2026-03-31,rejected,2026-03-31,Rate expectation,B2
S000744,V00132,K02308,2026-04-05,rejected,2026-04-05,Rate expectation,B1
S000745,V00132,K01401,2026-04-07,rejected,2026-04-13,Skill mismatch,B2
S000746,V00132,K01789,2026-04-10,rejected,2026-04-10,Skill mismatch,C2
S000747,V00132,K03487,2026-04-13,rejected,2026-04-22,Candidate withdrew,B2
S000748,V00132,K04168,2026-04-13,rejected,2026-04-13,Client chose other candidate,B2
S000749,V00132,K01234,2026-04-18,hired,2026-04-27,,C2
S000750,V00133,K03370,2025-07-28,hired,2025-08-05,,B2
S000751,V00133,K01255,2025-08-01,rejected,2025-08-01,Skill mismatch,C1
S000752,V00133,K01969,2025-08-02,rejected,2025-08-08,Availability,C1
S000753,V00133,K02956,2025-08-06,rejected,2025-08-15,Skill mismatch,B1
S000754,V00133,K03769,2025-08-12,rejected,2025-08-18,Skill mismatch,B2
S000755,V00133,K00678,2025-08-12,rejected,2025-08-17,English level,C1
S000756,V00134,K00007,2025-06-26,hired,2025-07-04,,C1
S000757,V00134,K00507,2025-06-27,rejected,2025-07-03,Candidate withdrew,C2
S000758,V00134,K00289,2025-07-05,rejected,2025-07-05,Skill mismatch,B1
S000759,V00134,K02963,2025-07-04,rejected,2025-07-10,Availability,C2
S000760,V00134,K03921,2025-07-09,rejected,2025-07-09,Client cancelled,B2
S000761,V00134,K02349,2025-07-12,rejected,2025-07-17,Client cancelled,C2
S000762,V00134,K00123,2025-07-16,rejected,2025-07-26,English level,B2
S000763,V00134,K03162,2025-07-19,rejected,2025-07-26,Skill mismatch,C1
S000764,V00135,K03868,2026-07-19,client_review,2026-07-19,,C2
S000765,V00135,K01268,2026-07-23,rejected,2026-07-23,Skill mismatch,B1
S000766,V00136,K02969,2026-07-12,rejected,2026-07-12,Client chose other candidate,B1
S000767,V00136,K00722,2026-07-18,client_review,2026-07-18,,B2
S000768,V00136,K03941,2026-07-22,client_review,2026-07-22,,C1
S000769,V00136,K02581,2026-07-22,client_review,2026-07-22,,B2
S000770,V00136,K02787,2026-07-25,rejected,2026-07-25,Rate expectation,B2
S000771,V00137,K00816,2025-12-27,rejected,2025-12-27,Rate expectation,B2
S000772,V00137,K03286,2026-01-01,rejected,2026-01-01,Client chose other candidate,B1
S000773,V00137,K00897,2026-01-03,rejected,2026-01-06,Candidate withdrew,B2
S000774,V00137,K00692,2026-01-03,rejected,2026-01-03,Skill mismatch,C1
S000775,V00137,K03530,2026-01-08,rejected,2026-01-08,Availability,B1
S000776,V00137,K01013,2026-01-13,rejected,2026-01-13,Candidate withdrew,B2
S000777,V00138,K00126,2026-01-07,rejected,2026-01-07,Client chose other candidate,B2
S000778,V00138,K01071,2026-01-09,rejected,2026-01-18,Client chose other candidate,C1
S000779,V00138,K01341,2026-01-13,rejected,2026-01-21,Client chose other candidate,C1
S000780,V00138,K04108,2026-01-16,rejected,2026-01-16,English level,B2
S000781,V00139,K03477,2025-05-30,rejected,2025-06-02,Availability,C2
S000782,V00139,K02975,2025-06-01,rejected,2025-06-01,Skill mismatch,B2
S000783,V00139,K01098,2025-06-11,rejected,2025-06-18,Availability,C1
S000784,V00139,K00113,2025-06-17,hired,2025-06-30,,C2
S000785,V00139,K04024,2025-06-22,rejected,2025-06-22,Client cancelled,B1
S000786,V00139,K00051,2025-06-23,rejected,2025-06-23,Rate expectation,B1
S000787,V00139,K00400,2025-06-30,rejected,2025-07-06,Rate expectation,B2
S000788,V00140,K03263,2026-07-14,rejected,2026-07-14,Client cancelled,B1
S000789,V00140,K02204,2026-07-16,rejected,2026-07-16,Client cancelled,B2
S000790,V00141,K01939,2026-04-18,rejected,2026-04-22,Availability,B2
S000791,V00141,K03968,2026-04-20,rejected,2026-04-22,Skill mismatch,B2
S000792,V00141,K02612,2026-04-23,rejected,2026-04-25,Client cancelled,C1
S000793,V00141,K03118,2026-04-29,rejected,2026-04-29,Availability,B2
S000794,V00141,K01551,2026-05-02,rejected,2026-05-02,English level,B2
S000795,V00141,K00928,2026-05-02,rejected,2026-05-12,Client chose other candidate,B1
S000796,V00141,K02000,2026-05-06,rejected,2026-05-09,Skill mismatch,B2
S000797,V00141,K01887,2026-05-09,rejected,2026-05-15,Client cancelled,C1
S000798,V00141,K02744,2026-05-11,hired,2026-05-22,,B2
S000799,V00142,K00162,2025-06-16,rejected,2025-06-16,English level,B2
S000800,V00142,K02701,2025-06-20,rejected,2025-06-20,Availability,B2
S000801,V00143,K02942,2026-03-13,offer_declined,2026-03-25,Candidate withdrew,C1
S000802,V00143,K02571,2026-03-13,hired,2026-03-28,,C2
S000803,V00143,K02200,2026-03-20,rejected,2026-03-20,Skill mismatch,C1
S000804,V00143,K03740,2026-03-24,rejected,2026-03-28,English level,C1
S000805,V00143,K02855,2026-03-24,rejected,2026-03-24,Client cancelled,C1
S000806,V00143,K02577,2026-03-29,rejected,2026-03-29,Availability,C1
S000807,V00143,K00560,2026-03-31,rejected,2026-04-04,Client chose other candidate,C1
S000808,V00143,K02548,2026-04-05,rejected,2026-04-08,English level,B2
S000809,V00143,K00278,2026-04-09,rejected,2026-04-09,English level,C2
S000810,V00144,K02430,2026-01-29,rejected,2026-01-29,Rate expectation,C2
S000811,V00144,K02374,2026-01-31,rejected,2026-02-01,Rate expectation,B2
S000812,V00144,K00308,2026-02-04,rejected,2026-02-13,Client chose other candidate,B2
S000813,V00144,K01334,2026-02-09,rejected,2026-02-09,Client chose other candidate,C1
S000814,V00144,K02260,2026-02-15,rejected,2026-02-15,Client chose other candidate,B2
S000815,V00144,K01318,2026-02-21,rejected,2026-02-27,Skill mismatch,B2
S000816,V00144,K01455,2026-02-24,hired,2026-03-05,,B2
S000817,V00145,K02794,2026-02-21,rejected,2026-02-21,Rate expectation,B2
S000818,V00145,K00146,2026-02-27,hired,2026-03-04,,C1
S000819,V00145,K02582,2026-03-02,rejected,2026-03-07,Client chose other candidate,B2
S000820,V00145,K02843,2026-03-02,rejected,2026-03-06,Skill mismatch,C1
S000821,V00145,K03456,2026-03-06,rejected,2026-03-06,English level,C2
S000822,V00145,K00666,2026-03-12,rejected,2026-03-21,Candidate withdrew,B1
S000823,V00146,K00190,2026-01-13,rejected,2026-01-13,Rate expectation,B1
S000824,V00146,K00988,2026-01-17,rejected,2026-01-17,English level,B1
S000825,V00146,K00873,2026-01-18,offer_declined,2026-01-30,Candidate withdrew,C1
S000826,V00146,K03003,2026-01-20,hired,2026-01-25,,C1
S000827,V00146,K04130,2026-01-26,rejected,2026-01-30,Skill mismatch,B2
S000828,V00147,K02965,2026-03-24,rejected,2026-03-24,Candidate withdrew,B2
S000829,V00147,K04208,2026-03-25,rejected,2026-04-08,Client chose other candidate,B2
S000830,V00147,K02500,2026-03-29,rejected,2026-04-01,Client cancelled,C1
S000831,V00147,K00615,2026-04-01,rejected,2026-04-01,Availability,B2
S000832,V00147,K03735,2026-04-04,rejected,2026-04-07,Skill mismatch,B2
S000833,V00147,K00192,2026-04-05,rejected,2026-04-05,English level,B2
S000834,V00147,K01613,2026-04-10,rejected,2026-04-10,Candidate withdrew,B2
S000835,V00147,K03672,2026-04-12,hired,2026-04-14,,B2
S000836,V00147,K00198,2026-04-13,rejected,2026-04-13,Rate expectation,B2
S000837,V00147,K02498,2026-04-16,rejected,2026-04-26,Candidate withdrew,B2
S000838,V00147,K00812,2026-04-19,rejected,2026-04-25,Rate expectation,B2
S000839,V00147,K02026,2026-04-22,rejected,2026-04-22,Skill mismatch,B2
S000840,V00147,K02577,2026-04-23,rejected,2026-04-28,Client chose other candidate,C1
S000841,V00148,K02734,2025-11-13,offer_declined,2025-11-23,Candidate withdrew,C2
S000842,V00148,K01910,2025-11-17,rejected,2025-11-17,Client cancelled,B2
S000843,V00148,K03165,2025-11-21,rejected,2025-11-21,Client cancelled,B2
S000844,V00148,K02230,2025-11-22,hired,2025-12-02,,C2
S000845,V00148,K01770,2025-11-22,rejected,2025-11-26,Skill mismatch,B2
S000846,V00148,K03401,2025-11-26,rejected,2025-11-26,Availability,B1
S000847,V00149,K00855,2025-07-06,rejected,2025-07-06,Candidate withdrew,B1
S000848,V00149,K00111,2025-07-09,hired,2025-07-14,,C1
S000849,V00149,K01260,2025-07-14,rejected,2025-07-14,Candidate withdrew,C1
S000850,V00149,K02674,2025-07-22,rejected,2025-07-22,Availability,C1
S000851,V00150,K01602,2026-01-05,rejected,2026-01-05,Skill mismatch,B2
S000852,V00150,K00486,2026-01-09,rejected,2026-01-18,English level,C1
S000853,V00150,K01659,2026-01-16,rejected,2026-01-16,English level,B2
S000854,V00150,K00963,2026-01-24,rejected,2026-01-24,Availability,B2
S000855,V00150,K04110,2026-01-30,hired,2026-02-05,,B2
S000856,V00150,K00520,2026-02-05,rejected,2026-02-05,Candidate withdrew,C1
S000857,V00151,K00062,2025-09-19,rejected,2025-09-19,English level,C1
S000858,V00151,K02671,2025-09-23,rejected,2025-09-25,Candidate withdrew,C1
S000859,V00151,K00699,2025-09-25,rejected,2025-10-02,Skill mismatch,C2
S000860,V00151,K00632,2025-09-28,rejected,2025-09-28,Availability,C1
S000861,V00151,K02934,2025-09-30,rejected,2025-09-30,Candidate withdrew,B2
S000862,V00151,K00029,2025-10-04,hired,2025-10-18,,C2
S000863,V00152,K00773,2026-02-10,rejected,2026-02-10,Rate expectation,B2
S000864,V00152,K00276,2026-02-14,rejected,2026-02-14,Rate expectation,B2
S000865,V00152,K01194,2026-02-19,rejected,2026-02-20,English level,B2
S000866,V00152,K02653,2026-02-27,rejected,2026-02-27,Rate expectation,B2
S000867,V00152,K03058,2026-03-06,rejected,2026-03-08,Client chose other candidate,B1
S000868,V00152,K03636,2026-03-06,rejected,2026-03-06,Client chose other candidate,B2
S000869,V00152,K01335,2026-03-15,rejected,2026-03-15,Client cancelled,C1
S000870,V00152,K02992,2026-03-22,hired,2026-03-29,,B1
S000871,V00152,K00183,2026-03-25,rejected,2026-03-25,Rate expectation,C1
S000872,V00152,K02305,2026-04-06,rejected,2026-04-06,Skill mismatch,B2
S000873,V00153,K00964,2025-12-12,rejected,2025-12-17,Skill mismatch,C1
S000874,V00153,K01284,2025-12-14,rejected,2025-12-14,Skill mismatch,C1
S000875,V00153,K02533,2025-12-19,rejected,2025-12-19,Client cancelled,B1
S000876,V00153,K02309,2025-12-19,rejected,2025-12-28,English level,C1
S000877,V00153,K02042,2025-12-23,hired,2026-01-05,,C2
S000878,V00153,K02671,2025-12-24,rejected,2026-01-02,Candidate withdrew,C1
S000879,V00153,K03948,2025-12-26,rejected,2025-12-26,Client cancelled,B1
S000880,V00153,K02983,2025-12-31,rejected,2025-12-31,Client cancelled,C1
S000881,V00154,K00994,2026-06-10,rejected,2026-06-14,Client chose other candidate,C1
S000882,V00154,K00031,2026-06-13,rejected,2026-06-13,Client chose other candidate,B2
S000883,V00154,K04188,2026-06-22,rejected,2026-06-26,English level,B2
S000884,V00154,K02689,2026-06-29,rejected,2026-06-29,Client chose other candidate,B1
S000885,V00154,K03760,2026-07-05,hired,2026-07-10,,B2
S000886,V00154,K00726,2026-07-08,rejected,2026-07-11,Client chose other candidate,B2
S000887,V00154,K01098,2026-07-16,rejected,2026-07-16,English level,C1
S000888,V00155,K02272,2026-06-21,rejected,2026-06-21,Client chose other candidate,C1
S000889,V00155,K00286,2026-06-23,rejected,2026-06-24,Candidate withdrew,C1
S000890,V00155,K03764,2026-06-26,rejected,2026-07-04,Rate expectation,C1
S000891,V00155,K00761,2026-06-27,rejected,2026-07-04,Client chose other candidate,B2
S000892,V00155,K02398,2026-06-30,rejected,2026-06-30,Client cancelled,B2
S000893,V00155,K02008,2026-07-03,rejected,2026-07-03,Rate expectation,B2
S000894,V00156,K02489,2026-03-29,hired,2026-04-09,,B2
S000895,V00156,K01659,2026-04-07,rejected,2026-04-16,Client cancelled,B2
S000896,V00156,K03146,2026-04-06,rejected,2026-04-06,Skill mismatch,C1
S000897,V00156,K03369,2026-04-16,rejected,2026-04-23,Candidate withdrew,B2
S000898,V00156,K02862,2026-04-21,rejected,2026-04-21,Rate expectation,B1
S000899,V00156,K03197,2026-04-28,rejected,2026-05-02,Client chose other candidate,C1
S000900,V00156,K02074,2026-05-04,rejected,2026-05-04,Client cancelled,B2
S000901,V00156,K03670,2026-05-08,rejected,2026-05-08,Candidate withdrew,C1
S000902,V00156,K00509,2026-05-15,rejected,2026-05-24,English level,B2
S000903,V00156,K02579,2026-05-23,rejected,2026-05-30,English level,B2
S000904,V00156,K01646,2026-05-26,rejected,2026-05-27,Rate expectation,B2
S000905,V00156,K00939,2026-05-29,rejected,2026-05-29,English level,C2
S000906,V00157,K00261,2025-09-23,rejected,2025-09-23,Availability,C1
S000907,V00157,K00049,2025-09-27,rejected,2025-09-27,Rate expectation,B2
S000908,V00157,K03335,2025-10-03,rejected,2025-10-05,Rate expectation,B2
S000909,V00157,K03439,2025-10-12,rejected,2025-10-12,Candidate withdrew,B2
S000910,V00157,K02439,2025-10-15,rejected,2025-10-23,Skill mismatch,B2
S000911,V00157,K01223,2025-10-22,rejected,2025-10-30,Candidate withdrew,B1
S000912,V00158,K02564,2026-07-24,rejected,2026-07-24,Candidate withdrew,B1
S000913,V00159,K02767,2025-06-10,hired,2025-06-15,,B2
S000914,V00159,K01358,2025-06-20,rejected,2025-06-20,Rate expectation,B2
S000915,V00159,K03772,2025-06-20,rejected,2025-06-28,Skill mismatch,C1
S000916,V00160,K00356,2026-04-12,rejected,2026-04-12,Client cancelled,B2
S000917,V00160,K02963,2026-04-14,hired,2026-04-27,,C2
S000918,V00160,K01023,2026-04-17,rejected,2026-04-20,English level,B2
S000919,V00160,K02545,2026-04-20,rejected,2026-04-20,Availability,B1
S000920,V00160,K01611,2026-04-25,rejected,2026-04-25,Client cancelled,B2
S000921,V00160,K00690,2026-04-28,rejected,2026-04-29,Availability,B2
S000922,V00160,K03728,2026-05-04,rejected,2026-05-15,Rate expectation,B1
S000923,V00160,K01327,2026-05-04,rejected,2026-05-08,English level,B2
S000924,V00160,K01165,2026-05-07,rejected,2026-05-12,Rate expectation,B2
S000925,V00160,K00025,2026-05-12,rejected,2026-05-12,Client cancelled,B1
S000926,V00160,K01508,2026-05-19,rejected,2026-05-19,English level,B1
S000927,V00161,K03457,2026-05-05,rejected,2026-05-08,Client chose other candidate,B2
S000928,V00161,K04148,2026-05-09,offer_declined,2026-05-19,Candidate withdrew,C1
S000929,V00161,K02032,2026-05-13,rejected,2026-05-13,Client chose other candidate,B2
S000930,V00161,K02702,2026-05-15,rejected,2026-05-15,Skill mismatch,B2
S000931,V00161,K01019,2026-05-20,rejected,2026-05-27,English level,B2
S000932,V00161,K01510,2026-05-21,rejected,2026-05-21,English level,B1
S000933,V00161,K03258,2026-05-27,rejected,2026-05-27,Availability,C1
S000934,V00161,K03531,2026-05-31,rejected,2026-05-31,English level,B2
S000935,V00162,K04201,2025-07-18,rejected,2025-07-18,Client chose other candidate,B1
S000936,V00162,K01308,2025-07-22,hired,2025-08-04,,B2
S000937,V00162,K01334,2025-07-23,rejected,2025-07-24,Client cancelled,C1
S000938,V00162,K00204,2025-07-26,rejected,2025-07-26,Availability,B1
S000939,V00162,K03552,2025-08-06,rejected,2025-08-13,Rate expectation,C1
S000940,V00162,K03496,2025-08-06,rejected,2025-08-15,Client cancelled,C1
S000941,V00163,K02401,2025-08-31,rejected,2025-08-31,Availability,B1
S000942,V00163,K00222,2025-09-03,hired,2025-09-07,,C1
S000943,V00163,K03887,2025-09-05,rejected,2025-09-05,Client chose other candidate,B2
S000944,V00163,K02514,2025-09-09,rejected,2025-09-13,Availability,C2
S000945,V00163,K02144,2025-09-11,rejected,2025-09-11,Skill mismatch,B1
S000946,V00164,K00571,2026-01-13,rejected,2026-01-13,Client chose other candidate,B1
S000947,V00164,K02300,2026-01-17,rejected,2026-01-17,English level,C2
S000948,V00164,K03839,2026-01-21,rejected,2026-01-21,English level,C1
S000949,V00164,K01742,2026-01-25,hired,2026-01-29,,B2
S000950,V00164,K03401,2026-01-29,rejected,2026-01-29,Availability,B1
S000951,V00164,K00853,2026-02-04,rejected,2026-02-13,English level,B2
S000952,V00164,K03040,2026-02-05,rejected,2026-02-10,Rate expectation,C2
S000953,V00164,K03977,2026-02-09,rejected,2026-02-14,English level,C2
S000954,V00164,K00754,2026-02-12,rejected,2026-02-20,Skill mismatch,C1
S000955,V00165,K03679,2026-02-12,rejected,2026-02-12,Availability,C1
S000956,V00166,K04017,2026-04-21,hired,2026-04-30,,C1
S000957,V00166,K03723,2026-04-24,rejected,2026-04-25,Client cancelled,C1
S000958,V00166,K00856,2026-04-30,rejected,2026-05-09,Skill mismatch,B2
S000959,V00166,K02353,2026-05-02,rejected,2026-05-03,Rate expectation,C2
S000960,V00166,K01091,2026-05-09,rejected,2026-05-14,Candidate withdrew,C1
S000961,V00167,K01749,2026-03-23,rejected,2026-03-23,Client chose other candidate,C1
S000962,V00167,K01855,2026-03-27,rejected,2026-03-27,Candidate withdrew,B2
S000963,V00167,K03812,2026-03-29,rejected,2026-03-29,Rate expectation,B1
S000964,V00167,K01250,2026-03-30,hired,2026-04-07,,B2
S000965,V00167,K02238,2026-04-03,rejected,2026-04-03,Candidate withdrew,B2
S000966,V00167,K00533,2026-04-05,rejected,2026-04-14,Availability,C1
S000967,V00167,K01443,2026-04-08,rejected,2026-04-08,Client chose other candidate,C1
S000968,V00168,K03665,2025-12-29,rejected,2025-12-29,Skill mismatch,B2
S000969,V00168,K01196,2026-01-02,rejected,2026-01-02,English level,C1
S000970,V00168,K03768,2026-01-05,rejected,2026-01-06,Rate expectation,B2
S000971,V00168,K02714,2026-01-10,rejected,2026-01-10,Rate expectation,B2
S000972,V00168,K03319,2026-01-12,rejected,2026-01-12,Candidate withdrew,B1
S000973,V00169,K03624,2026-06-08,rejected,2026-06-14,Client cancelled,B2
S000974,V00169,K02026,2026-06-09,rejected,2026-06-21,Rate expectation,B2
S000975,V00169,K00492,2026-06-14,rejected,2026-06-14,Availability,B2
S000976,V00169,K00799,2026-06-16,rejected,2026-06-21,Rate expectation,C1
S000977,V00169,K01553,2026-06-20,rejected,2026-06-20,Client cancelled,B1
S000978,V00169,K02643,2026-06-27,rejected,2026-06-27,English level,C1
S000979,V00170,K00482,2026-07-18,rejected,2026-07-18,Client cancelled,B2
S000980,V00170,K02030,2026-07-26,client_review,2026-07-26,,C1
S000981,V00171,K01401,2025-11-10,rejected,2025-11-10,Client chose other candidate,B2
S000982,V00171,K01805,2025-11-12,rejected,2025-11-14,Availability,B2
S000983,V00171,K02484,2025-11-18,rejected,2025-11-24,Skill mismatch,C1
S000984,V00171,K03803,2025-11-19,rejected,2025-11-19,Skill mismatch,C1
S000985,V00171,K01410,2025-11-23,rejected,2025-11-23,Availability,B1
S000986,V00171,K01147,2025-11-26,hired,2025-11-29,,C1
S000987,V00171,K02332,2025-11-30,rejected,2025-12-03,Client cancelled,C1
S000988,V00171,K02951,2025-12-05,rejected,2025-12-12,English level,B1
S000989,V00171,K00902,2025-12-06,rejected,2025-12-07,Skill mismatch,C1
S000990,V00172,K03605,2026-05-19,rejected,2026-05-19,Client chose other candidate,B2
S000991,V00172,K01940,2026-05-23,offer_declined,2026-06-01,Candidate withdrew,C1
S000992,V00172,K04051,2026-05-26,rejected,2026-05-26,Candidate withdrew,B1
S000993,V00172,K03161,2026-05-29,rejected,2026-06-05,Client cancelled,C1
S000994,V00172,K01029,2026-06-03,hired,2026-06-15,,B2
S000995,V00172,K01966,2026-06-05,rejected,2026-06-14,Rate expectation,B1
S000996,V00173,K02696,2025-07-27,rejected,2025-07-30,Skill mismatch,B1
S000997,V00173,K02050,2025-08-03,rejected,2025-08-07,English level,B2
S000998,V00173,K03250,2025-08-05,rejected,2025-08-11,Client cancelled,B2
S000999,V00173,K02771,2025-08-13,rejected,2025-08-13,Skill mismatch,C2
S001000,V00173,K01609,2025-08-19,rejected,2025-08-19,English level,C2
S001001,V00174,K01135,2025-07-11,hired,2025-07-20,,B2
S001002,V00174,K00531,2025-07-14,rejected,2025-07-14,Rate expectation,B2
S001003,V00174,K01176,2025-07-15,rejected,2025-07-18,Client cancelled,B2
S001004,V00174,K04153,2025-07-18,rejected,2025-07-27,Availability,B2
S001005,V00174,K00553,2025-07-22,rejected,2025-07-30,Skill mismatch,B1
S001006,V00174,K02363,2025-07-27,rejected,2025-08-05,Client cancelled,C1
S001007,V00174,K00765,2025-07-27,rejected,2025-07-27,Client chose other candidate,C2
S001008,V00175,K00876,2025-11-09,hired,2025-11-18,,C2
S001009,V00176,K01240,2025-11-06,rejected,2025-11-06,Skill mismatch,B2
S001010,V00176,K02597,2025-11-08,rejected,2025-11-08,Skill mismatch,C2
S001011,V00176,K04124,2025-11-09,rejected,2025-11-09,Client chose other candidate,C2
S001012,V00176,K03665,2025-11-12,rejected,2025-11-16,Candidate withdrew,B2
S001013,V00176,K02445,2025-11-16,rejected,2025-11-16,Client chose other candidate,C1
S001014,V00176,K00616,2025-11-18,rejected,2025-11-21,Client chose other candidate,B1
S001015,V00177,K00502,2025-06-18,rejected,2025-06-18,Skill mismatch,C1
S001016,V00177,K02409,2025-06-21,rejected,2025-06-21,Availability,B2
S001017,V00177,K00944,2025-06-23,rejected,2025-06-30,Candidate withdrew,C2
S001018,V00177,K00760,2025-06-25,rejected,2025-06-25,Skill mismatch,B2
S001019,V00177,K01934,2025-06-27,hired,2025-07-12,,C1
S001020,V00177,K00090,2025-06-30,rejected,2025-06-30,Client cancelled,B2
S001021,V00178,K03161,2026-06-01,rejected,2026-06-06,Candidate withdrew,C1
S001022,V00178,K02174,2026-06-07,rejected,2026-06-13,Client chose other candidate,C1
S001023,V00178,K02768,2026-06-11,rejected,2026-06-14,Client chose other candidate,C1
S001024,V00178,K03514,2026-06-10,hired,2026-06-16,,B2
S001025,V00178,K02650,2026-06-18,rejected,2026-06-18,Candidate withdrew,C1
S001026,V00178,K03992,2026-06-17,rejected,2026-06-17,Candidate withdrew,B2
S001027,V00178,K02047,2026-06-24,rejected,2026-07-04,English level,B1
S001028,V00178,K02296,2026-06-26,rejected,2026-06-26,Availability,B2
S001029,V00179,K02841,2026-05-26,rejected,2026-05-26,Rate expectation,C2
S001030,V00179,K00699,2026-06-02,rejected,2026-06-03,Client cancelled,C2
S001031,V00179,K03584,2026-06-07,rejected,2026-06-11,Client cancelled,C1
S001032,V00179,K00815,2026-06-08,offer_declined,2026-06-21,Candidate withdrew,C1
S001033,V00179,K00011,2026-06-08,rejected,2026-06-19,Candidate withdrew,B2
S001034,V00179,K01029,2026-06-13,rejected,2026-06-13,Candidate withdrew,B2
S001035,V00180,K02650,2026-03-09,rejected,2026-03-16,English level,C1
S001036,V00180,K00699,2026-03-11,rejected,2026-03-11,Client cancelled,C2
S001037,V00180,K03709,2026-03-15,hired,2026-03-26,,B2
S001038,V00180,K03771,2026-03-18,rejected,2026-03-18,Client cancelled,B2
S001039,V00180,K00793,2026-03-22,rejected,2026-03-22,Client chose other candidate,B2
S001040,V00180,K01533,2026-03-26,rejected,2026-04-06,English level,B2
S001041,V00181,K03234,2026-06-09,rejected,2026-06-09,English level,B2
S001042,V00181,K00511,2026-06-12,hired,2026-06-16,,B1
S001043,V00181,K03594,2026-06-13,rejected,2026-06-19,Availability,C1
S001044,V00181,K03585,2026-06-18,rejected,2026-06-26,Availability,C1
S001045,V00181,K03499,2026-06-18,rejected,2026-06-21,Candidate withdrew,C1
S001046,V00182,K01904,2025-08-03,rejected,2025-08-03,Candidate withdrew,B1
S001047,V00182,K01982,2025-08-08,rejected,2025-08-08,Client cancelled,C1
S001048,V00182,K00649,2025-08-11,hired,2025-08-16,,C1
S001049,V00182,K03071,2025-08-17,rejected,2025-08-29,Candidate withdrew,C1
S001050,V00183,K03447,2025-12-16,rejected,2025-12-18,English level,B2
S001051,V00183,K01401,2025-12-14,rejected,2025-12-14,Rate expectation,B2
S001052,V00183,K01809,2025-12-18,offer_declined,2025-12-26,Candidate withdrew,B2
S001053,V00183,K03648,2025-12-24,rejected,2025-12-31,English level,C1
S001054,V00183,K02832,2025-12-24,rejected,2026-01-04,Client chose other candidate,C1
S001055,V00183,K00729,2025-12-29,rejected,2025-12-29,Skill mismatch,C2
S001056,V00184,K02588,2026-02-13,rejected,2026-02-20,Rate expectation,B1
S001057,V00184,K02437,2026-02-16,rejected,2026-02-16,Skill mismatch,B1
S001058,V00184,K00835,2026-02-23,rejected,2026-03-06,Client chose other candidate,B2
S001059,V00184,K01863,2026-02-23,rejected,2026-03-01,Skill mismatch,C1
S001060,V00184,K02754,2026-03-01,rejected,2026-03-06,Client chose other candidate,C1
S001061,V00184,K03529,2026-03-02,rejected,2026-03-02,Client chose other candidate,B2
S001062,V00185,K00379,2025-07-07,rejected,2025-07-07,Candidate withdrew,B2
S001063,V00185,K02273,2025-07-08,rejected,2025-07-08,Availability,C1
S001064,V00185,K00534,2025-07-13,rejected,2025-07-13,English level,B2
S001065,V00185,K02852,2025-07-14,rejected,2025-07-14,Skill mismatch,C1
S001066,V00185,K03948,2025-07-19,rejected,2025-07-19,Candidate withdrew,B1
S001067,V00185,K02172,2025-07-22,rejected,2025-07-22,Client chose other candidate,B2
S001068,V00185,K02159,2025-07-27,rejected,2025-07-27,Client chose other candidate,B1
S001069,V00185,K04131,2025-07-28,rejected,2025-07-30,Rate expectation,B2
S001070,V00186,K00272,2026-04-05,hired,2026-04-16,,B2
S001071,V00186,K01337,2026-04-08,rejected,2026-04-08,Skill mismatch,C1
S001072,V00186,K02618,2026-04-10,rejected,2026-04-10,Candidate withdrew,B2
S001073,V00186,K03184,2026-04-15,rejected,2026-04-26,Candidate withdrew,C1
S001074,V00186,K01715,2026-04-17,rejected,2026-04-18,English level,C1
S001075,V00187,K02164,2026-05-21,rejected,2026-05-26,Client chose other candidate,C2
S001076,V00187,K00266,2026-05-28,hired,2026-06-07,,C2
S001077,V00187,K02822,2026-05-31,rejected,2026-06-04,Candidate withdrew,C1
S001078,V00187,K00909,2026-06-01,rejected,2026-06-03,Availability,C1
S001079,V00187,K03881,2026-06-06,rejected,2026-06-06,Client chose other candidate,B2
S001080,V00187,K00103,2026-06-11,rejected,2026-06-13,Availability,B2
S001081,V00187,K03511,2026-06-16,rejected,2026-06-16,Availability,B2
S001082,V00187,K04102,2026-06-20,rejected,2026-06-23,Skill mismatch,C1
S001083,V00187,K01751,2026-06-19,rejected,2026-06-21,Rate expectation,B1
S001084,V00187,K01236,2026-06-28,rejected,2026-07-08,Client cancelled,B2
S001085,V00188,K03756,2026-04-27,rejected,2026-04-27,English level,B2
S001086,V00188,K00524,2026-05-02,hired,2026-05-12,,B2
S001087,V00188,K04143,2026-05-03,rejected,2026-05-03,Candidate withdrew,B2
S001088,V00188,K03839,2026-05-06,rejected,2026-05-07,Candidate withdrew,C1
S001089,V00188,K02433,2026-05-13,rejected,2026-05-17,Candidate withdrew,C2
S001090,V00188,K02068,2026-05-16,rejected,2026-05-16,Client cancelled,B1
S001091,V00188,K03253,2026-05-22,rejected,2026-05-27,Client cancelled,C1
S001092,V00188,K04007,2026-05-26,rejected,2026-05-26,Availability,C1
S001093,V00189,K00965,2025-07-19,rejected,2025-07-19,Client cancelled,B2
S001094,V00189,K01482,2025-07-26,rejected,2025-07-26,Rate expectation,C1
S001095,V00189,K03762,2025-07-31,rejected,2025-07-31,English level,C1
S001096,V00189,K04240,2025-08-09,rejected,2025-08-09,Candidate withdrew,B2
S001097,V00189,K02894,2025-08-10,rejected,2025-08-10,Rate expectation,C1
S001098,V00190,K03646,2026-02-03,rejected,2026-02-10,English level,C1
S001099,V00190,K02831,2026-02-03,rejected,2026-02-03,Client cancelled,B2
S001100,V00190,K03699,2026-02-07,rejected,2026-02-07,English level,B2
S001101,V00191,K01516,2026-03-07,rejected,2026-03-07,English level,B1
S001102,V00191,K00732,2026-03-09,rejected,2026-03-09,Skill mismatch,C1
S001103,V00191,K03871,2026-03-14,hired,2026-03-16,,C1
S001104,V00191,K03539,2026-03-19,rejected,2026-03-19,English level,C1
S001105,V00191,K01181,2026-03-23,rejected,2026-03-23,Availability,B1
S001106,V00191,K01925,2026-03-28,rejected,2026-03-28,Skill mismatch,C1
S001107,V00192,K01917,2025-10-17,rejected,2025-10-25,Client chose other candidate,B1
S001108,V00192,K00388,2025-10-22,hired,2025-11-04,,C1
S001109,V00192,K00374,2025-10-25,rejected,2025-10-31,Availability,C2
S001110,V00193,K00121,2026-01-07,rejected,2026-01-14,Availability,C2
S001111,V00193,K02143,2026-01-10,rejected,2026-01-10,Skill mismatch,B2
S001112,V00193,K01612,2026-01-17,rejected,2026-01-22,Candidate withdrew,B2
S001113,V00193,K03024,2026-01-21,hired,2026-01-30,,C2
S001114,V00193,K04156,2026-01-22,rejected,2026-01-22,Client chose other candidate,B1
S001115,V00193,K02308,2026-01-25,rejected,2026-02-03,Client cancelled,B1
S001116,V00193,K02667,2026-01-29,rejected,2026-02-12,Availability,C1
S001117,V00193,K00722,2026-02-02,rejected,2026-02-10,Candidate withdrew,B2
S001118,V00194,K03642,2026-02-14,rejected,2026-02-14,Candidate withdrew,B2
S001119,V00194,K00447,2026-02-21,hired,2026-03-06,,B1
S001120,V00194,K00500,2026-02-22,rejected,2026-02-24,Client cancelled,B2
S001121,V00194,K02671,2026-02-26,rejected,2026-02-26,Client chose other candidate,C1
S001122,V00194,K03326,2026-03-01,rejected,2026-03-05,Client chose other candidate,C2
S001123,V00194,K02154,2026-03-05,rejected,2026-03-05,Skill mismatch,C1
S001124,V00194,K03082,2026-03-10,rejected,2026-03-10,Availability,B2
S001125,V00194,K01815,2026-03-13,rejected,2026-03-13,Availability,C1
S001126,V00194,K00513,2026-03-16,rejected,2026-03-16,Client cancelled,B2
S001127,V00195,K01415,2026-04-29,hired,2026-05-07,,B2
S001128,V00196,K02734,2026-02-12,rejected,2026-02-12,Availability,C2
S001129,V00196,K03915,2026-02-15,rejected,2026-02-15,English level,B1
S001130,V00196,K01770,2026-02-16,rejected,2026-02-21,Client chose other candidate,B2
S001131,V00196,K01253,2026-02-24,rejected,2026-02-24,English level,C1
S001132,V00196,K00383,2026-02-26,rejected,2026-03-06,Client chose other candidate,B2
S001133,V00196,K01905,2026-03-02,rejected,2026-03-02,Client cancelled,C1
S001134,V00196,K00803,2026-03-02,rejected,2026-03-02,Client chose other candidate,B1
S001135,V00196,K03756,2026-03-11,rejected,2026-03-11,Rate expectation,B2
S001136,V00196,K01303,2026-03-15,rejected,2026-03-15,Rate expectation,C1
S001137,V00197,K03406,2026-01-22,rejected,2026-01-22,Client chose other candidate,B1
S001138,V00197,K03148,2026-01-26,rejected,2026-01-30,Rate expectation,C1
S001139,V00197,K00239,2026-02-02,hired,2026-02-17,,C2
S001140,V00197,K02616,2026-02-08,rejected,2026-02-09,Client cancelled,B2
S001141,V00197,K03423,2026-02-09,rejected,2026-02-16,Client chose other candidate,B2
S001142,V00197,K04037,2026-02-17,rejected,2026-02-21,Rate expectation,B2
S001143,V00197,K01213,2026-02-24,rejected,2026-02-24,Skill mismatch,B2
S001144,V00198,K03346,2025-09-17,rejected,2025-09-17,Availability,C1
S001145,V00198,K00798,2025-09-20,rejected,2025-09-20,Candidate withdrew,B2
S001146,V00198,K03301,2025-09-22,hired,2025-09-29,,C1
S001147,V00198,K02320,2025-09-27,rejected,2025-09-27,Client cancelled,B1
S001148,V00198,K00875,2025-09-30,rejected,2025-10-04,Availability,B2
S001149,V00198,K00456,2025-10-01,rejected,2025-10-01,Client chose other candidate,C1
S001150,V00198,K03159,2025-10-01,rejected,2025-10-07,Client chose other candidate,C2
S001151,V00198,K00115,2025-10-07,rejected,2025-10-07,Availability,B2
S001152,V00199,K03161,2026-06-18,rejected,2026-06-18,Rate expectation,C1
S001153,V00199,K03450,2026-06-22,rejected,2026-06-26,Rate expectation,B2
S001154,V00199,K03115,2026-06-26,rejected,2026-06-26,Client cancelled,C2
S001155,V00199,K03773,2026-06-28,rejected,2026-06-28,Client cancelled,B2
S001156,V00200,K01736,2026-07-24,client_review,2026-07-24,,C1
S001157,V00200,K01813,2026-07-25,client_review,2026-07-25,,B2
S001158,V00201,K04212,2025-12-12,offer_declined,2026-01-03,Candidate withdrew,C1
S001159,V00201,K03944,2025-12-12,rejected,2025-12-12,Client cancelled,B2
S001160,V00201,K03959,2025-12-17,rejected,2025-12-17,Availability,C1
S001161,V00201,K03558,2025-12-19,hired,2025-12-31,,C1
S001162,V00201,K03055,2025-12-22,rejected,2025-12-28,English level,C1
S001163,V00201,K00723,2025-12-29,rejected,2025-12-29,Client cancelled,B2
S001164,V00201,K00882,2026-01-05,rejected,2026-01-11,Candidate withdrew,B2
S001165,V00201,K03027,2026-01-04,rejected,2026-01-04,Client chose other candidate,B2
S001166,V00201,K01914,2026-01-09,rejected,2026-01-09,English level,B2
S001167,V00202,K03527,2026-06-25,rejected,2026-06-25,Client chose other candidate,C2
S001168,V00202,K00875,2026-06-27,rejected,2026-06-27,Client cancelled,B2
S001169,V00202,K02313,2026-06-29,hired,2026-07-12,,B1
S001170,V00202,K03958,2026-07-02,rejected,2026-07-02,Rate expectation,C1
S001171,V00202,K03699,2026-07-04,rejected,2026-07-04,Candidate withdrew,B2
S001172,V00202,K03272,2026-07-07,rejected,2026-07-07,Rate expectation,B2
S001173,V00203,K00993,2026-03-01,hired,2026-03-09,,C1
S001174,V00203,K03277,2026-03-05,rejected,2026-03-08,Availability,B2
S001175,V00203,K00303,2026-03-05,rejected,2026-03-08,Rate expectation,C2
S001176,V00203,K01270,2026-03-08,rejected,2026-03-08,Client cancelled,B1
S001177,V00203,K01467,2026-03-10,rejected,2026-03-16,Client cancelled,C1
S001178,V00203,K02820,2026-03-14,rejected,2026-03-18,Client cancelled,C1
S001179,V00203,K03969,2026-03-15,rejected,2026-03-15,Candidate withdrew,B2
S001180,V00204,K03477,2026-02-28,rejected,2026-03-09,Client cancelled,C2
S001181,V00204,K01223,2026-03-06,rejected,2026-03-06,English level,B1
S001182,V00204,K03851,2026-03-12,rejected,2026-03-21,Availability,B2
S001183,V00204,K01208,2026-03-18,hired,2026-04-02,,B2
S001184,V00204,K00663,2026-03-21,rejected,2026-03-21,Client chose other candidate,B2
S001185,V00204,K03763,2026-04-01,rejected,2026-04-01,Client cancelled,C1
S001186,V00205,K03444,2026-05-20,rejected,2026-05-20,Rate expectation,B2
S001187,V00205,K00267,2026-05-23,hired,2026-05-25,,B2
S001188,V00205,K01293,2026-05-27,rejected,2026-06-06,Client cancelled,C1
S001189,V00205,K03124,2026-05-31,rejected,2026-06-06,Client chose other candidate,B1
S001190,V00205,K00385,2026-05-30,rejected,2026-06-05,Candidate withdrew,C1
S001191,V00206,K02849,2026-03-17,rejected,2026-03-17,Client cancelled,B1
S001192,V00206,K02806,2026-03-20,hired,2026-04-02,,B2
S001193,V00206,K03210,2026-03-24,rejected,2026-03-24,Skill mismatch,B2
S001194,V00206,K01524,2026-03-28,rejected,2026-03-28,Availability,B2
S001195,V00206,K00763,2026-03-29,rejected,2026-04-08,Skill mismatch,C1
S001196,V00206,K04147,2026-04-02,rejected,2026-04-08,Candidate withdrew,C1
S001197,V00206,K02868,2026-04-07,rejected,2026-04-07,Client cancelled,B1
S001198,V00206,K02641,2026-04-09,rejected,2026-04-16,English level,B2
S001199,V00206,K04185,2026-04-11,rejected,2026-04-17,English level,C1
S001200,V00207,K00399,2025-11-02,rejected,2025-11-02,Availability,B1
S001201,V00207,K02010,2025-11-02,offer_declined,2025-11-15,Candidate withdrew,B2
S001202,V00207,K00438,2025-11-07,rejected,2025-11-07,Availability,B2
S001203,V00207,K00001,2025-11-08,offer_declined,2025-11-18,Candidate withdrew,C1
S001204,V00207,K01395,2025-11-09,rejected,2025-11-12,English level,B2
S001205,V00208,K02718,2025-10-26,rejected,2025-11-01,Client chose other candidate,B2
S001206,V00208,K01391,2025-10-29,rejected,2025-11-05,English level,B1
S001207,V00209,K00788,2026-02-02,offer_declined,2026-02-08,Candidate withdrew,C1
S001208,V00209,K02288,2026-02-07,hired,2026-02-21,,C1
S001209,V00209,K04161,2026-02-13,rejected,2026-02-15,Rate expectation,C2
S001210,V00209,K02677,2026-02-15,rejected,2026-02-23,Availability,B2
S001211,V00209,K02819,2026-02-19,rejected,2026-02-26,Client chose other candidate,B2
S001212,V00210,K02958,2025-09-13,rejected,2025-09-13,Rate expectation,B2
S001213,V00210,K01368,2025-09-22,rejected,2025-09-22,Availability,C1
S001214,V00210,K01928,2025-09-23,hired,2025-09-30,,C1
S001215,V00210,K02819,2025-09-27,rejected,2025-10-03,English level,B2
S001216,V00210,K02940,2025-10-03,rejected,2025-10-04,English level,B2
S001217,V00211,K00570,2025-09-11,rejected,2025-09-11,Skill mismatch,C2
S001218,V00211,K03538,2025-09-11,rejected,2025-09-15,Candidate withdrew,B2
S001219,V00211,K03570,2025-09-19,offer_declined,2025-09-24,Candidate withdrew,C1
S001220,V00211,K04145,2025-09-19,rejected,2025-09-19,Candidate withdrew,C1
S001221,V00211,K03918,2025-09-26,rejected,2025-09-26,Candidate withdrew,C2
S001222,V00211,K00822,2025-10-01,rejected,2025-10-07,Rate expectation,B2
S001223,V00212,K02363,2025-11-15,rejected,2025-11-15,English level,C1
S001224,V00212,K02595,2025-11-16,rejected,2025-11-16,English level,C1
S001225,V00212,K01354,2025-11-22,hired,2025-12-02,,B2
S001226,V00212,K01230,2025-11-22,rejected,2025-11-22,Availability,C2
S001227,V00212,K01027,2025-11-26,rejected,2025-12-02,Candidate withdrew,C2
S001228,V00212,K02701,2025-11-28,rejected,2025-12-07,Client chose other candidate,B2
S001229,V00213,K01315,2026-05-28,rejected,2026-05-28,Rate expectation,B2
S001230,V00213,K02237,2026-06-05,rejected,2026-06-05,Availability,B2
S001231,V00213,K04161,2026-06-09,rejected,2026-06-10,English level,C2
S001232,V00213,K00045,2026-06-14,rejected,2026-06-14,Availability,B1
S001233,V00213,K00814,2026-06-16,hired,2026-06-24,,C1
S001234,V00213,K03914,2026-06-17,rejected,2026-06-24,Client cancelled,C1
S001235,V00213,K00582,2026-06-22,rejected,2026-06-24,Availability,B2
S001236,V00213,K00207,2026-06-29,rejected,2026-07-11,Candidate withdrew,B2
S001237,V00214,K00150,2025-09-16,rejected,2025-09-24,Rate expectation,B2
S001238,V00214,K02096,2025-09-18,rejected,2025-09-22,Skill mismatch,B2
S001239,V00214,K00682,2025-09-22,rejected,2025-09-24,Skill mismatch,B2
S001240,V00214,K02077,2025-09-24,rejected,2025-09-24,Candidate withdrew,B2
S001241,V00214,K01186,2025-09-27,rejected,2025-09-27,Client chose other candidate,C1
S001242,V00214,K00693,2025-09-28,rejected,2025-09-28,Skill mismatch,B2
S001243,V00214,K00542,2025-10-02,rejected,2025-10-02,Client chose other candidate,C1
S001244,V00215,K00772,2026-05-09,rejected,2026-05-10,Client chose other candidate,B2
S001245,V00215,K00782,2026-05-15,rejected,2026-05-23,Skill mismatch,B1
S001246,V00215,K01399,2026-05-15,rejected,2026-05-18,Candidate withdrew,C1
S001247,V00215,K04073,2026-05-19,rejected,2026-05-19,Availability,B2
S001248,V00215,K01058,2026-05-23,rejected,2026-05-23,Client cancelled,B2
S001249,V00215,K03815,2026-05-27,rejected,2026-05-27,Skill mismatch,C1
S001250,V00215,K01613,2026-05-29,rejected,2026-05-29,Client cancelled,B2
S001251,V00215,K01878,2026-06-03,hired,2026-06-13,,C1
S001252,V00216,K02585,2026-05-30,rejected,2026-05-30,Availability,B1
S001253,V00216,K00691,2026-06-09,rejected,2026-06-10,Rate expectation,C1
S001254,V00216,K01089,2026-06-13,rejected,2026-06-22,Client chose other candidate,B2
S001255,V00216,K00642,2026-06-21,rejected,2026-06-28,Availability,B2
S001256,V00216,K03343,2026-06-23,rejected,2026-06-24,Candidate withdrew,C1
S001257,V00217,K02648,2025-10-21,rejected,2025-10-21,Skill mismatch,B2
S001258,V00217,K00816,2025-10-23,rejected,2025-10-23,Rate expectation,B2
S001259,V00217,K01230,2025-10-26,rejected,2025-10-30,Client cancelled,C2
S001260,V00217,K00927,2025-10-29,rejected,2025-11-06,Client chose other candidate,C2
S001261,V00217,K03166,2025-11-02,hired,2025-11-14,,C1
S001262,V00217,K01389,2025-11-03,rejected,2025-11-11,Availability,C1
S001263,V00217,K02019,2025-11-06,rejected,2025-11-06,Rate expectation,B2
S001264,V00217,K00489,2025-11-10,rejected,2025-11-10,Rate expectation,B2
S001265,V00217,K01047,2025-11-13,rejected,2025-11-13,Skill mismatch,B2
S001266,V00217,K00036,2025-11-18,rejected,2025-11-18,Skill mismatch,C1
S001267,V00217,K02326,2025-11-18,rejected,2025-11-26,Rate expectation,C1
S001268,V00218,K00704,2025-07-05,rejected,2025-07-05,Client cancelled,C1
S001269,V00218,K03459,2025-07-13,rejected,2025-07-13,Candidate withdrew,C1
S001270,V00218,K00845,2025-07-21,offer_declined,2025-08-02,Candidate withdrew,B2
S001271,V00218,K02767,2025-07-23,rejected,2025-07-23,Skill mismatch,B2
S001272,V00218,K04029,2025-08-01,rejected,2025-08-01,English level,B2
S001273,V00219,K04029,2026-07-23,rejected,2026-07-24,English level,B2
S001274,V00220,K00264,2025-09-11,rejected,2025-09-14,Client cancelled,C1
S001275,V00220,K02569,2025-09-18,rejected,2025-09-18,Skill mismatch,B1
S001276,V00220,K00232,2025-09-25,rejected,2025-09-30,Client chose other candidate,B2
S001277,V00220,K00677,2025-09-30,hired,2025-10-16,,C1
S001278,V00220,K03236,2025-10-03,rejected,2025-10-10,Candidate withdrew,B2
S001279,V00220,K02055,2025-10-07,rejected,2025-10-08,Client cancelled,B2
S001280,V00220,K01949,2025-10-11,rejected,2025-10-15,Client chose other candidate,C1
S001281,V00220,K02305,2025-10-22,rejected,2025-10-23,Candidate withdrew,B2
S001282,V00221,K03078,2025-10-27,rejected,2025-10-27,Skill mismatch,B2
S001283,V00221,K02518,2025-10-28,rejected,2025-11-07,English level,C2
S001284,V00221,K02305,2025-11-06,rejected,2025-11-06,Skill mismatch,B2
S001285,V00221,K03583,2025-11-12,rejected,2025-11-18,Candidate withdrew,C1
S001286,V00221,K02072,2025-11-18,rejected,2025-11-19,Client chose other candidate,C2
S001287,V00222,K02072,2025-07-13,rejected,2025-07-19,Rate expectation,C2
S001288,V00222,K00735,2025-07-19,rejected,2025-07-24,English level,B2
S001289,V00222,K02078,2025-07-22,rejected,2025-08-01,Skill mismatch,C1
S001290,V00222,K02223,2025-07-27,rejected,2025-07-27,Client chose other candidate,B2
S001291,V00222,K01846,2025-08-01,rejected,2025-08-01,English level,C1
S001292,V00222,K00201,2025-08-04,rejected,2025-08-09,Rate expectation,B2
S001293,V00222,K01738,2025-08-12,rejected,2025-08-12,Rate expectation,B1
S001294,V00223,K01672,2025-10-12,rejected,2025-10-12,Client chose other candidate,B2
S001295,V00223,K00924,2025-10-10,rejected,2025-10-10,Candidate withdrew,B2
S001296,V00223,K01899,2025-10-16,rejected,2025-10-22,Client cancelled,C1
S001297,V00223,K03564,2025-10-23,rejected,2025-10-23,Rate expectation,B2
S001298,V00223,K00548,2025-10-23,rejected,2025-10-23,Availability,B2
S001299,V00223,K01695,2025-10-26,hired,2025-11-12,,C2
S001300,V00223,K00379,2025-11-01,rejected,2025-11-07,Skill mismatch,B2
S001301,V00224,K00838,2025-11-03,hired,2025-11-13,,C1
S001302,V00224,K02604,2025-11-04,rejected,2025-11-07,Rate expectation,B2
S001303,V00224,K01434,2025-11-07,rejected,2025-11-07,Rate expectation,B2
S001304,V00224,K03047,2025-11-11,rejected,2025-11-17,Rate expectation,C1
S001305,V00224,K02505,2025-11-12,rejected,2025-11-12,Client chose other candidate,B2
S001306,V00224,K02637,2025-11-17,rejected,2025-11-17,Availability,B2
S001307,V00224,K00921,2025-11-20,rejected,2025-11-20,Rate expectation,C2
S001308,V00225,K02927,2026-01-05,rejected,2026-01-05,Candidate withdrew,B2
S001309,V00225,K04232,2026-01-11,rejected,2026-01-11,English level,B1
S001310,V00225,K02859,2026-01-12,rejected,2026-01-12,Candidate withdrew,B2
S001311,V00225,K02123,2026-01-13,rejected,2026-01-13,Candidate withdrew,B1
S001312,V00226,K00633,2025-11-25,rejected,2025-11-29,Skill mismatch,C2
S001313,V00226,K04157,2025-11-27,hired,2025-12-06,,B2
S001314,V00226,K01480,2025-12-01,rejected,2025-12-01,Rate expectation,B1
S001315,V00226,K01170,2025-12-04,rejected,2025-12-10,Rate expectation,C1
S001316,V00226,K00193,2025-12-07,rejected,2025-12-14,Availability,C2
S001317,V00227,K00865,2026-07-16,rejected,2026-07-24,Client cancelled,C2
S001318,V00227,K00016,2026-07-24,rejected,2026-07-25,English level,C1
S001319,V00227,K03823,2026-07-24,client_review,2026-07-24,,C1
S001320,V00227,K02308,2026-07-26,rejected,2026-07-26,Rate expectation,B1
S001321,V00228,K02795,2026-04-28,rejected,2026-04-28,Candidate withdrew,B2
S001322,V00229,K01183,2026-07-17,rejected,2026-07-17,Candidate withdrew,B2
S001323,V00229,K04045,2026-07-22,rejected,2026-07-22,Availability,B2
S001324,V00230,K01897,2025-09-30,rejected,2025-09-30,Rate expectation,B2
S001325,V00231,K02498,2026-03-19,hired,2026-03-28,,B2
S001326,V00231,K00937,2026-03-20,rejected,2026-03-20,English level,B2
S001327,V00231,K03287,2026-03-22,rejected,2026-03-22,Client cancelled,B1
S001328,V00231,K03307,2026-03-29,rejected,2026-03-29,Rate expectation,C1
S001329,V00231,K00361,2026-04-01,rejected,2026-04-08,Client cancelled,B2
S001330,V00231,K00375,2026-04-07,rejected,2026-04-07,Skill mismatch,B2
S001331,V00232,K00071,2026-04-10,hired,2026-04-21,,B1
S001332,V00232,K01973,2026-04-12,rejected,2026-04-12,Skill mismatch,B2
S001333,V00232,K02203,2026-04-17,rejected,2026-04-17,Candidate withdrew,C1
S001334,V00232,K02230,2026-04-21,rejected,2026-04-21,English level,C2
S001335,V00232,K02215,2026-04-21,rejected,2026-04-21,Skill mismatch,C1
S001336,V00232,K00995,2026-04-26,rejected,2026-04-29,Skill mismatch,B2
S001337,V00233,K01427,2025-10-30,rejected,2025-11-05,Candidate withdrew,B2
S001338,V00233,K02870,2025-11-01,rejected,2025-11-01,Candidate withdrew,B2
S001339,V00233,K00649,2025-11-04,rejected,2025-11-04,Skill mismatch,C1
S001340,V00233,K00319,2025-11-10,rejected,2025-11-19,Client cancelled,B2
S001341,V00234,K03327,2026-01-21,rejected,2026-01-21,Availability,C1
S001342,V00234,K00805,2026-01-29,rejected,2026-02-04,English level,B2
S001343,V00234,K02288,2026-01-30,hired,2026-02-11,,C1
S001344,V00234,K01347,2026-02-03,rejected,2026-02-03,English level,B1
S001345,V00234,K02237,2026-02-07,rejected,2026-02-16,Client chose other candidate,B2
S001346,V00234,K00319,2026-02-13,rejected,2026-02-19,Client chose other candidate,B2
S001347,V00234,K01011,2026-02-17,rejected,2026-02-24,Rate expectation,C1
S001348,V00234,K00792,2026-02-22,rejected,2026-02-22,Client cancelled,B2
S001349,V00234,K01094,2026-02-28,rejected,2026-02-28,Skill mismatch,B2
S001350,V00234,K00857,2026-02-27,rejected,2026-02-27,Candidate withdrew,C1
S001351,V00235,K01257,2026-07-13,rejected,2026-07-17,Client chose other candidate,B2
S001352,V00235,K03521,2026-07-19,client_review,2026-07-19,,B2
S001353,V00235,K00852,2026-07-18,rejected,2026-07-23,Skill mismatch,C1
S001354,V00235,K00350,2026-07-23,rejected,2026-07-23,English level,B2
S001355,V00236,K01759,2026-03-22,rejected,2026-03-27,Skill mismatch,C1
S001356,V00236,K01644,2026-03-25,rejected,2026-03-25,Skill mismatch,B2
S001357,V00236,K00185,2026-03-28,rejected,2026-03-28,Client chose other candidate,B2
S001358,V00236,K04202,2026-04-04,rejected,2026-04-12,Rate expectation,C1
S001359,V00236,K03911,2026-04-04,hired,2026-04-15,,C2
S001360,V00236,K03744,2026-04-12,rejected,2026-04-12,Client chose other candidate,B2
S001361,V00236,K02696,2026-04-14,rejected,2026-04-14,Rate expectation,B1
S001362,V00236,K03970,2026-04-19,rejected,2026-04-19,Availability,C2
S001363,V00236,K00593,2026-04-26,rejected,2026-04-26,Skill mismatch,B2
S001364,V00237,K04178,2026-02-01,rejected,2026-02-03,Availability,B2
S001365,V00237,K03489,2026-02-07,rejected,2026-02-13,Client cancelled,B2
S001366,V00238,K03766,2026-04-19,rejected,2026-04-24,Skill mismatch,B2
S001367,V00238,K03259,2026-04-25,hired,2026-05-06,,C1
S001368,V00238,K02364,2026-04-27,rejected,2026-04-27,Candidate withdrew,B1
S001369,V00238,K02886,2026-05-02,rejected,2026-05-02,Client chose other candidate,B1
S001370,V00238,K00040,2026-05-05,rejected,2026-05-05,Skill mismatch,C2
S001371,V00238,K00007,2026-05-09,rejected,2026-05-17,English level,C1
S001372,V00238,K03868,2026-05-11,rejected,2026-05-20,English level,C2
S001373,V00238,K04212,2026-05-17,rejected,2026-05-17,Rate expectation,C1
S001374,V00239,K02277,2026-06-17,rejected,2026-06-17,Availability,B2
S001375,V00239,K03525,2026-06-24,hired,2026-07-04,,C1
S001376,V00239,K03369,2026-06-23,rejected,2026-06-23,English level,B2
S001377,V00239,K01657,2026-07-01,rejected,2026-07-04,Availability,B1
S001378,V00239,K03302,2026-07-07,rejected,2026-07-14,English level,B2
S001379,V00239,K00963,2026-07-15,rejected,2026-07-15,Client cancelled,B2
S001380,V00239,K03204,2026-07-15,rejected,2026-07-15,Skill mismatch,B2
S001381,V00239,K00245,2026-07-22,client_review,2026-07-22,,C1
S001382,V00240,K01224,2026-05-08,rejected,2026-05-09,Client chose other candidate,B2
S001383,V00240,K03430,2026-05-09,rejected,2026-05-09,Skill mismatch,B1
S001384,V00240,K01978,2026-05-11,offer_declined,2026-05-17,Candidate withdrew,C1
S001385,V00240,K01133,2026-05-13,rejected,2026-05-22,English level,B2
S001386,V00240,K03551,2026-05-17,rejected,2026-05-17,Rate expectation,B2
S001387,V00240,K04177,2026-05-18,rejected,2026-05-18,Client cancelled,B2
S001388,V00240,K03910,2026-05-22,rejected,2026-05-22,Candidate withdrew,C1
S001389,V00241,K00118,2025-11-30,rejected,2025-12-09,Skill mismatch,C1
S001390,V00241,K03653,2025-12-06,rejected,2025-12-06,Candidate withdrew,C2
S001391,V00241,K00671,2025-12-07,hired,2025-12-17,,C1
S001392,V00241,K03786,2025-12-09,rejected,2025-12-11,Rate expectation,B2
S001393,V00241,K02715,2025-12-12,rejected,2025-12-17,Client cancelled,B2
S001394,V00242,K03420,2026-06-25,hired,2026-07-05,,B2
S001395,V00242,K02807,2026-06-30,rejected,2026-06-30,Skill mismatch,B1
S001396,V00242,K01427,2026-07-03,rejected,2026-07-07,Candidate withdrew,B2
S001397,V00242,K02810,2026-07-07,rejected,2026-07-11,English level,B2
S001398,V00243,K01186,2025-10-28,rejected,2025-10-28,Candidate withdrew,C1
S001399,V00243,K01401,2025-10-27,hired,2025-11-02,,B2
S001400,V00243,K03024,2025-11-04,rejected,2025-11-04,Skill mismatch,C2
S001401,V00243,K00937,2025-11-04,rejected,2025-11-04,Client cancelled,B2
S001402,V00243,K01900,2025-11-06,rejected,2025-11-06,Rate expectation,C1
S001403,V00243,K02184,2025-11-13,rejected,2025-11-18,Rate expectation,B1
S001404,V00243,K03019,2025-11-14,rejected,2025-11-14,Client cancelled,B2
S001405,V00243,K00256,2025-11-19,rejected,2025-11-25,Skill mismatch,C1
S001406,V00243,K00631,2025-11-20,rejected,2025-11-25,Skill mismatch,B2
S001407,V00244,K02531,2026-02-28,rejected,2026-02-28,Candidate withdrew,B2
S001408,V00244,K04008,2026-03-03,rejected,2026-03-07,Skill mismatch,C1
S001409,V00245,K03658,2025-09-16,rejected,2025-09-16,Skill mismatch,B2
S001410,V00245,K03540,2025-09-19,rejected,2025-09-19,Client cancelled,B2
S001411,V00245,K04162,2025-09-24,rejected,2025-09-24,Rate expectation,B2
S001412,V00245,K01215,2025-09-27,hired,2025-10-14,,C2
S001413,V00245,K01265,2025-09-29,rejected,2025-09-29,Candidate withdrew,B2
S001414,V00245,K01472,2025-10-05,rejected,2025-10-05,Skill mismatch,C2
S001415,V00245,K02283,2025-10-07,rejected,2025-10-09,Skill mismatch,B2
S001416,V00245,K03941,2025-10-09,rejected,2025-10-09,Candidate withdrew,C1
S001417,V00246,K01475,2026-07-19,rejected,2026-07-19,Skill mismatch,B2
S001418,V00246,K02120,2026-07-21,offer_declined,2026-07-29,Candidate withdrew,B2
S001419,V00246,K01036,2026-07-25,rejected,2026-07-25,Candidate withdrew,C1
S001420,V00246,K01249,2026-07-24,client_review,2026-07-24,,C1
S001421,V00247,K00314,2026-04-05,rejected,2026-04-05,English level,B2
S001422,V00247,K00196,2026-04-07,rejected,2026-04-15,Client cancelled,B2
S001423,V00247,K02591,2026-04-15,rejected,2026-04-15,Rate expectation,B2
S001424,V00247,K02232,2026-04-21,rejected,2026-05-01,Client chose other candidate,C2
S001425,V00247,K02148,2026-04-21,rejected,2026-04-21,Client chose other candidate,B2
S001426,V00248,K01846,2025-11-01,rejected,2025-11-04,Skill mismatch,C1
S001427,V00248,K02447,2025-11-06,offer_declined,2025-11-14,Candidate withdrew,B2
S001428,V00248,K01357,2025-11-11,rejected,2025-11-20,Candidate withdrew,B2
S001429,V00248,K03349,2025-11-22,hired,2025-11-27,,B2
S001430,V00249,K03356,2025-12-20,rejected,2025-12-25,Client chose other candidate,B1
S001431,V00249,K00022,2025-12-23,offer_declined,2025-12-29,Candidate withdrew,B2
S001432,V00249,K01842,2025-12-23,rejected,2025-12-30,Skill mismatch,C1
S001433,V00249,K02952,2025-12-29,rejected,2025-12-29,Client cancelled,B2
S001434,V00249,K04054,2026-01-05,offer_declined,2026-01-19,Candidate withdrew,C2
S001435,V00249,K03088,2026-01-09,rejected,2026-01-09,Rate expectation,B2
S001436,V00249,K01334,2026-01-12,rejected,2026-01-16,Client chose other candidate,C1
S001437,V00249,K03231,2026-01-16,rejected,2026-01-16,Candidate withdrew,B2
S001438,V00250,K02231,2026-04-10,rejected,2026-04-20,Rate expectation,B2
S001439,V00250,K02912,2026-04-18,rejected,2026-04-21,Candidate withdrew,C1
S001440,V00250,K02112,2026-04-21,rejected,2026-04-21,Client cancelled,B1
S001441,V00250,K00239,2026-04-24,rejected,2026-04-25,Rate expectation,C2
S001442,V00251,K01861,2026-01-31,rejected,2026-02-04,Candidate withdrew,C1
S001443,V00251,K03638,2026-02-05,rejected,2026-02-08,Rate expectation,C1
S001444,V00251,K03884,2026-02-07,rejected,2026-02-07,Skill mismatch,B2
S001445,V00251,K03899,2026-02-08,rejected,2026-02-17,Rate expectation,C2
S001446,V00251,K02588,2026-02-14,rejected,2026-02-14,Rate expectation,B1
S001447,V00251,K02565,2026-02-15,rejected,2026-02-15,Candidate withdrew,B2
S001448,V00251,K02950,2026-02-18,rejected,2026-02-18,English level,C1
S001449,V00252,K02567,2026-07-09,rejected,2026-07-09,Rate expectation,B1
S001450,V00252,K00585,2026-07-12,rejected,2026-07-12,Candidate withdrew,C1
S001451,V00252,K02704,2026-07-15,rejected,2026-07-15,Client chose other candidate,B1
S001452,V00252,K03923,2026-07-18,rejected,2026-07-18,Client cancelled,B1
S001453,V00252,K01810,2026-07-21,rejected,2026-07-21,Skill mismatch,B2
S001454,V00252,K03995,2026-07-22,rejected,2026-07-22,Availability,B2
S001455,V00253,K02056,2026-03-29,hired,2026-04-09,,C1
S001456,V00253,K03673,2026-04-01,rejected,2026-04-01,English level,B1
S001457,V00254,K02393,2026-03-05,rejected,2026-03-05,Candidate withdrew,B2
S001458,V00254,K01127,2026-03-07,rejected,2026-03-07,Client chose other candidate,B1
S001459,V00254,K01919,2026-03-12,rejected,2026-03-12,Rate expectation,B2
S001460,V00254,K02566,2026-03-15,rejected,2026-03-15,English level,B1
S001461,V00254,K01158,2026-03-16,rejected,2026-03-18,Client chose other candidate,B1
S001462,V00254,K02517,2026-03-24,hired,2026-04-02,,B2
S001463,V00254,K01010,2026-03-25,rejected,2026-04-04,Availability,C2
S001464,V00254,K01696,2026-03-28,rejected,2026-03-28,Skill mismatch,B2
S001465,V00254,K02800,2026-04-01,rejected,2026-04-01,Client cancelled,B2
S001466,V00255,K00531,2025-09-20,hired,2025-10-02,,B2
S001467,V00255,K00220,2025-09-23,rejected,2025-09-25,Candidate withdrew,C2
S001468,V00255,K00874,2025-09-25,rejected,2025-09-25,Client chose other candidate,B2
S001469,V00255,K02634,2025-09-30,rejected,2025-10-09,Skill mismatch,C2
S001470,V00255,K01108,2025-10-01,rejected,2025-10-01,Candidate withdrew,B2
S001471,V00255,K02073,2025-10-07,rejected,2025-10-16,Availability,B2
S001472,V00256,K00642,2025-10-17,rejected,2025-10-17,English level,B2
S001473,V00256,K01818,2025-10-24,rejected,2025-10-24,Client chose other candidate,B2
S001474,V00256,K03844,2025-10-27,rejected,2025-11-04,Client cancelled,B2
S001475,V00256,K03398,2025-11-05,hired,2025-11-19,,B2
S001476,V00256,K03043,2025-11-12,rejected,2025-11-12,Candidate withdrew,C1
S001477,V00256,K00058,2025-11-15,rejected,2025-11-23,Availability,C1
S001478,V00256,K03762,2025-11-22,rejected,2025-11-22,Availability,C1
S001479,V00256,K03846,2025-11-26,rejected,2025-11-26,Availability,B1
S001480,V00256,K01156,2025-12-05,rejected,2025-12-12,Candidate withdrew,C2
S001481,V00256,K00704,2025-12-11,rejected,2025-12-11,English level,C1
S001482,V00257,K01168,2025-08-21,rejected,2025-08-21,Rate expectation,B2
S001483,V00257,K01797,2025-08-27,rejected,2025-09-07,Candidate withdrew,B2
S001484,V00257,K02616,2025-09-05,rejected,2025-09-05,English level,B2
S001485,V00257,K03664,2025-09-11,rejected,2025-09-11,Candidate withdrew,B1
S001486,V00257,K00847,2025-09-18,rejected,2025-09-18,Client chose other candidate,C1
S001487,V00257,K01788,2025-09-22,hired,2025-09-30,,B1
S001488,V00257,K03439,2025-10-01,rejected,2025-10-01,Candidate withdrew,B2
S001489,V00257,K03591,2025-09-27,rejected,2025-10-02,Candidate withdrew,B2
S001490,V00257,K00679,2025-10-05,rejected,2025-10-12,Client chose other candidate,C1
S001491,V00257,K01800,2025-10-15,rejected,2025-10-15,Client chose other candidate,C1
S001492,V00258,K00648,2025-11-14,rejected,2025-11-14,Client cancelled,B2
S001493,V00258,K00481,2025-11-20,rejected,2025-11-20,Client cancelled,B2
S001494,V00258,K02163,2025-11-20,hired,2025-11-30,,C2
S001495,V00258,K00054,2025-11-24,rejected,2025-11-28,English level,C1
S001496,V00258,K03017,2025-11-27,rejected,2025-11-27,Client chose other candidate,B2
S001497,V00259,K00183,2026-06-06,rejected,2026-06-06,Skill mismatch,C1
S001498,V00259,K00721,2026-06-13,rejected,2026-06-13,Skill mismatch,B2
S001499,V00259,K01370,2026-06-17,rejected,2026-06-17,English level,C2
S001500,V00259,K04099,2026-06-29,rejected,2026-06-29,Candidate withdrew,B2
S001501,V00259,K00185,2026-06-29,rejected,2026-06-29,Client chose other candidate,B2
S001502,V00259,K00074,2026-07-06,hired,2026-07-13,,C1
S001503,V00259,K01263,2026-07-12,rejected,2026-07-12,Client cancelled,B1
S001504,V00260,K03767,2026-02-25,rejected,2026-03-06,Candidate withdrew,B2
S001505,V00260,K01480,2026-02-27,rejected,2026-02-27,Availability,B1
S001506,V00260,K02728,2026-02-28,rejected,2026-02-28,Client cancelled,C2
S001507,V00260,K00024,2026-03-01,rejected,2026-03-01,Candidate withdrew,B2
S001508,V00260,K04069,2026-03-04,hired,2026-03-10,,C1
S001509,V00260,K02144,2026-03-07,rejected,2026-03-07,English level,B1
S001510,V00260,K00755,2026-03-10,rejected,2026-03-18,Skill mismatch,C1
S001511,V00261,K02536,2025-10-26,rejected,2025-10-26,Candidate withdrew,B1
S001512,V00261,K00478,2025-10-31,hired,2025-11-13,,B2
S001513,V00261,K01797,2025-11-06,rejected,2025-11-06,Skill mismatch,B2
S001514,V00261,K00320,2025-11-16,rejected,2025-11-16,Client cancelled,B2
S001515,V00261,K02094,2025-11-17,rejected,2025-11-17,Client chose other candidate,C1
S001516,V00261,K02730,2025-11-26,rejected,2025-11-26,Rate expectation,B2
S001517,V00261,K01078,2025-11-26,rejected,2025-11-26,English level,B1
S001518,V00261,K02972,2025-12-05,rejected,2025-12-05,Client chose other candidate,B1
S001519,V00262,K03852,2026-06-14,rejected,2026-06-27,Client chose other candidate,C2
S001520,V00262,K01616,2026-06-18,rejected,2026-06-18,Client chose other candidate,B1
S001521,V00262,K03451,2026-06-23,rejected,2026-06-23,Client chose other candidate,C1
S001522,V00262,K00699,2026-06-24,rejected,2026-06-24,Candidate withdrew,C2
S001523,V00262,K04210,2026-07-01,rejected,2026-07-01,Client chose other candidate,C1
S001524,V00262,K02917,2026-07-01,rejected,2026-07-04,Candidate withdrew,C1
S001525,V00262,K01344,2026-07-04,rejected,2026-07-07,English level,B2
S001526,V00262,K03292,2026-07-11,rejected,2026-07-18,Client chose other candidate,B2
S001527,V00262,K00260,2026-07-11,hired,2026-07-16,,C1
S001528,V00263,K00502,2026-01-21,rejected,2026-01-25,Client cancelled,C1
S001529,V00263,K00739,2026-01-24,rejected,2026-01-29,Candidate withdrew,B2
S001530,V00263,K02803,2026-01-25,rejected,2026-01-25,Client cancelled,B2
S001531,V00263,K02412,2026-01-28,rejected,2026-01-28,Availability,C1
S001532,V00263,K04111,2026-01-31,rejected,2026-01-31,Rate expectation,B1
S001533,V00263,K03647,2026-02-01,rejected,2026-02-01,Client chose other candidate,C2
S001534,V00263,K04035,2026-02-04,rejected,2026-02-13,Client cancelled,C1
S001535,V00263,K00634,2026-02-07,rejected,2026-02-12,Availability,B1
S001536,V00263,K02714,2026-02-10,rejected,2026-02-12,English level,B2
S001537,V00264,K01988,2026-06-09,rejected,2026-06-09,English level,B1
S001538,V00264,K00361,2026-06-12,hired,2026-06-23,,B2
S001539,V00264,K02951,2026-06-16,rejected,2026-06-16,Client chose other candidate,B1
S001540,V00264,K02056,2026-06-15,rejected,2026-06-24,Availability,C1
S001541,V00265,K02098,2025-09-10,hired,2025-09-21,,B2
S001542,V00265,K02386,2025-09-11,rejected,2025-09-11,English level,C1
S001543,V00265,K01825,2025-09-16,rejected,2025-09-16,Client chose other candidate,B1
S001544,V00265,K01188,2025-09-21,rejected,2025-09-24,Availability,C1
S001545,V00265,K00607,2025-09-20,rejected,2025-09-20,Rate expectation,B1
S001546,V00265,K02427,2025-09-23,rejected,2025-09-23,Candidate withdrew,B2
S001547,V00265,K03505,2025-09-26,rejected,2025-09-26,Skill mismatch,B1
S001548,V00266,K01832,2025-09-25,rejected,2025-09-25,Client cancelled,C1
S001549,V00267,K01543,2026-06-13,rejected,2026-06-13,English level,C1
S001550,V00267,K02414,2026-06-17,hired,2026-06-23,,B2
S001551,V00267,K04041,2026-06-18,rejected,2026-06-25,English level,B2
S001552,V00268,K00063,2026-06-23,rejected,2026-06-23,Availability,C1
S001553,V00268,K00532,2026-06-27,hired,2026-07-09,,C1
S001554,V00268,K01645,2026-07-01,rejected,2026-07-01,Skill mismatch,B2
S001555,V00269,K01656,2026-02-17,rejected,2026-02-24,Client cancelled,C1
S001556,V00269,K01417,2026-02-21,rejected,2026-02-27,Availability,C1
S001557,V00269,K02496,2026-02-24,rejected,2026-02-24,Skill mismatch,B2
S001558,V00269,K00080,2026-03-01,rejected,2026-03-05,English level,B1
S001559,V00269,K01413,2026-03-04,rejected,2026-03-05,Client chose other candidate,B2
S001560,V00270,K03727,2025-11-25,hired,2025-12-05,,C2
S001561,V00270,K02928,2025-11-28,rejected,2025-11-28,Rate expectation,B2
S001562,V00270,K02293,2025-12-04,rejected,2025-12-04,English level,B2
S001563,V00270,K02105,2025-12-06,rejected,2025-12-12,English level,C1
S001564,V00270,K01395,2025-12-10,rejected,2025-12-10,Candidate withdrew,B2
S001565,V00270,K01743,2025-12-12,rejected,2025-12-12,Rate expectation,C2
S001566,V00270,K02597,2025-12-16,rejected,2025-12-16,Client chose other candidate,C2
S001567,V00270,K00739,2025-12-15,rejected,2025-12-15,Candidate withdrew,B2
S001568,V00270,K03896,2025-12-23,rejected,2025-12-28,Candidate withdrew,B2
S001569,V00270,K00357,2025-12-22,rejected,2025-12-22,English level,B2
S001570,V00271,K01654,2025-09-27,rejected,2025-09-27,Skill mismatch,B2
S001571,V00271,K03113,2025-09-28,rejected,2025-09-28,Rate expectation,B1
S001572,V00271,K02502,2025-10-05,rejected,2025-10-06,Rate expectation,C1
S001573,V00271,K03682,2025-10-08,offer_declined,2025-10-22,Candidate withdrew,C2
S001574,V00271,K00771,2025-10-12,rejected,2025-10-12,Client chose other candidate,B2
S001575,V00271,K02724,2025-10-14,rejected,2025-10-14,Rate expectation,B2
S001576,V00272,K02496,2026-03-17,rejected,2026-03-17,Rate expectation,B2
S001577,V00272,K01207,2026-03-19,hired,2026-03-28,,B2
S001578,V00272,K03240,2026-03-19,rejected,2026-03-19,English level,B1
S001579,V00272,K01757,2026-03-23,rejected,2026-03-24,Candidate withdrew,B2
S001580,V00272,K04112,2026-03-30,rejected,2026-03-30,Availability,B1
S001581,V00272,K00658,2026-04-02,rejected,2026-04-06,Candidate withdrew,C2
S001582,V00272,K00350,2026-04-05,rejected,2026-04-10,Candidate withdrew,B2
S001583,V00272,K02640,2026-04-12,rejected,2026-04-20,Skill mismatch,B2
S001584,V00273,K00560,2025-12-11,hired,2025-12-18,,C1
S001585,V00273,K03847,2025-12-12,rejected,2025-12-12,Client cancelled,B2
S001586,V00273,K00837,2025-12-18,rejected,2025-12-18,Skill mismatch,C1
S001587,V00274,K03588,2026-05-20,rejected,2026-05-20,English level,B2
S001588,V00274,K00735,2026-05-24,rejected,2026-05-24,English level,B2
S001589,V00274,K03275,2026-05-29,rejected,2026-06-06,Client cancelled,B2
S001590,V00274,K00486,2026-06-05,rejected,2026-06-05,Availability,C1
S001591,V00274,K03752,2026-06-14,hired,2026-06-22,,C2
S001592,V00274,K00046,2026-06-15,rejected,2026-06-17,English level,B2
S001593,V00274,K00697,2026-06-20,rejected,2026-06-20,Availability,B1
S001594,V00274,K01242,2026-06-23,rejected,2026-06-23,Availability,C1
S001595,V00275,K01322,2026-05-15,rejected,2026-05-15,Skill mismatch,C2
S001596,V00275,K01166,2026-05-18,rejected,2026-05-18,Candidate withdrew,B1
S001597,V00275,K01195,2026-05-21,rejected,2026-05-25,Client cancelled,C2
S001598,V00276,K02284,2025-08-21,rejected,2025-08-21,Candidate withdrew,B1
S001599,V00276,K01360,2025-08-25,rejected,2025-08-25,Candidate withdrew,B1
S001600,V00276,K01765,2025-08-28,rejected,2025-08-29,Client chose other candidate,B2
S001601,V00276,K03935,2025-08-29,rejected,2025-08-29,Client chose other candidate,B2
S001602,V00276,K02205,2025-09-03,rejected,2025-09-03,Client cancelled,B1
S001603,V00277,K03027,2026-01-30,rejected,2026-01-31,Client cancelled,B2
S001604,V00277,K02034,2026-02-02,rejected,2026-02-02,Candidate withdrew,C1
S001605,V00277,K00184,2026-02-05,rejected,2026-02-11,Client cancelled,C1
S001606,V00277,K02433,2026-02-08,rejected,2026-02-08,Rate expectation,C2
S001607,V00277,K01192,2026-02-13,rejected,2026-02-15,Candidate withdrew,B1
S001608,V00278,K00411,2026-04-03,rejected,2026-04-12,Availability,C1
S001609,V00278,K00851,2026-04-05,rejected,2026-04-05,Rate expectation,C1
S001610,V00278,K00795,2026-04-08,rejected,2026-04-08,Client chose other candidate,B2
S001611,V00278,K00076,2026-04-08,rejected,2026-04-19,Client cancelled,B2
S001612,V00279,K00262,2026-03-21,rejected,2026-03-21,Client cancelled,B2
S001613,V00279,K02122,2026-03-28,rejected,2026-04-05,Skill mismatch,C2
S001614,V00280,K03609,2025-09-02,offer_declined,2025-09-12,Candidate withdrew,C1
S001615,V00280,K04201,2025-09-04,rejected,2025-09-07,Availability,B1
S001616,V00280,K04017,2025-09-13,rejected,2025-09-13,Candidate withdrew,C1
S001617,V00280,K01711,2025-09-17,rejected,2025-09-17,Client cancelled,B2
S001618,V00280,K00868,2025-09-22,rejected,2025-09-22,Client cancelled,B2
S001619,V00280,K02609,2025-09-26,rejected,2025-09-26,Candidate withdrew,B2
S001620,V00281,K00165,2026-01-17,rejected,2026-01-17,Client cancelled,B2
S001621,V00281,K02358,2026-01-18,rejected,2026-01-18,Candidate withdrew,B2
S001622,V00281,K01329,2026-01-21,rejected,2026-01-21,Rate expectation,C1
S001623,V00281,K03791,2026-01-25,hired,2026-02-01,,B2
S001624,V00282,K03024,2026-06-21,rejected,2026-06-21,Client chose other candidate,C2
S001625,V00282,K02026,2026-06-27,hired,2026-07-06,,B2
S001626,V00282,K00234,2026-06-29,rejected,2026-07-06,Candidate withdrew,B2
S001627,V00282,K00705,2026-07-05,rejected,2026-07-13,Skill mismatch,C1
S001628,V00283,K00426,2026-03-05,rejected,2026-03-12,English level,B2
S001629,V00283,K03683,2026-03-11,rejected,2026-03-16,English level,B1
S001630,V00283,K02967,2026-03-23,rejected,2026-03-23,Availability,B1
S001631,V00283,K00030,2026-03-25,offer_declined,2026-03-31,Candidate withdrew,C2
S001632,V00283,K03497,2026-04-01,rejected,2026-04-01,Skill mismatch,B2
S001633,V00284,K00217,2026-06-24,rejected,2026-07-03,Availability,C2
S001634,V00284,K02360,2026-06-28,rejected,2026-07-01,Availability,C1
S001635,V00284,K00495,2026-07-01,rejected,2026-07-06,Client chose other candidate,C2
S001636,V00284,K03434,2026-07-06,rejected,2026-07-06,Skill mismatch,C1
S001637,V00284,K03880,2026-07-08,rejected,2026-07-08,Skill mismatch,B2
S001638,V00285,K02698,2026-04-10,rejected,2026-04-10,Skill mismatch,C1
S001639,V00285,K02771,2026-04-21,rejected,2026-04-21,Client cancelled,C2
S001640,V00285,K01800,2026-04-24,rejected,2026-04-30,Client cancelled,C1
S001641,V00285,K02727,2026-04-27,rejected,2026-04-28,Rate expectation,C1
S001642,V00285,K02585,2026-05-08,rejected,2026-05-08,Rate expectation,B1
S001643,V00286,K01133,2026-04-15,rejected,2026-04-15,Skill mismatch,B2
S001644,V00286,K03980,2026-04-18,rejected,2026-04-24,Availability,B2
S001645,V00286,K02335,2026-04-22,rejected,2026-04-22,Availability,B1
S001646,V00287,K00246,2026-06-15,rejected,2026-06-15,Availability,B2
S001647,V00287,K02045,2026-06-19,rejected,2026-06-25,Rate expectation,C1
S001648,V00287,K02257,2026-06-23,rejected,2026-06-23,Client chose other candidate,C1
S001649,V00287,K02680,2026-06-28,rejected,2026-06-28,English level,B2
S001650,V00287,K02121,2026-07-02,rejected,2026-07-04,Rate expectation,C1
S001651,V00287,K02708,2026-07-01,rejected,2026-07-06,Rate expectation,B2
S001652,V00287,K00793,2026-07-05,rejected,2026-07-05,Client cancelled,B2
S001653,V00288,K02561,2026-02-10,hired,2026-02-19,,C1
S001654,V00288,K02587,2026-02-14,rejected,2026-02-20,Rate expectation,B2
S001655,V00288,K04067,2026-02-16,rejected,2026-02-16,Candidate withdrew,C2
S001656,V00288,K00366,2026-02-21,rejected,2026-02-22,Rate expectation,B2
S001657,V00288,K03575,2026-02-25,rejected,2026-02-25,Rate expectation,C1
S001658,V00288,K01684,2026-03-02,rejected,2026-03-02,Candidate withdrew,B1
S001659,V00288,K00336,2026-03-02,rejected,2026-03-02,Availability,B2
S001660,V00288,K02791,2026-03-06,rejected,2026-03-12,Skill mismatch,B2
S001661,V00289,K02816,2025-11-20,rejected,2025-11-20,English level,B2
S001662,V00289,K02003,2025-11-25,hired,2025-12-09,,B2
S001663,V00289,K02249,2025-11-25,rejected,2025-11-25,Client chose other candidate,B1
S001664,V00289,K01176,2025-12-01,rejected,2025-12-01,English level,B2
S001665,V00289,K01998,2025-12-04,rejected,2025-12-04,Client cancelled,C1
S001666,V00289,K02222,2025-12-05,rejected,2025-12-10,Skill mismatch,B2
S001667,V00290,K01747,2026-01-14,rejected,2026-01-14,Client cancelled,B2
S001668,V00290,K03155,2026-01-22,rejected,2026-01-25,Client cancelled,B2
S001669,V00290,K00401,2026-01-23,hired,2026-01-31,,B1
S001670,V00290,K02515,2026-01-27,rejected,2026-01-27,Rate expectation,B1
S001671,V00290,K01892,2026-02-01,rejected,2026-02-01,Candidate withdrew,B2
S001672,V00291,K00561,2026-01-24,rejected,2026-01-24,Candidate withdrew,B2
S001673,V00291,K03499,2026-01-27,rejected,2026-01-27,Rate expectation,C1
S001674,V00291,K03025,2026-01-30,rejected,2026-02-07,English level,C1
S001675,V00291,K01885,2026-02-01,rejected,2026-02-01,Skill mismatch,B1
S001676,V00291,K02608,2026-02-06,rejected,2026-02-06,Client cancelled,B2
S001677,V00291,K04021,2026-02-04,rejected,2026-02-06,Rate expectation,B1
S001678,V00292,K01553,2026-02-15,rejected,2026-02-15,Availability,B1
S001679,V00292,K01169,2026-02-20,hired,2026-03-05,,B2
S001680,V00292,K02920,2026-02-24,rejected,2026-02-24,Skill mismatch,B1
S001681,V00292,K01980,2026-02-25,rejected,2026-03-07,Skill mismatch,B2
S001682,V00292,K01559,2026-03-01,rejected,2026-03-01,Availability,B2
S001683,V00292,K04156,2026-03-04,rejected,2026-03-04,Client chose other candidate,B1
S001684,V00292,K02500,2026-03-06,rejected,2026-03-06,Skill mismatch,C1
S001685,V00292,K01672,2026-03-12,rejected,2026-03-12,Candidate withdrew,B2
S001686,V00292,K00267,2026-03-16,rejected,2026-03-26,Rate expectation,B2
S001687,V00293,K01701,2026-05-30,rejected,2026-05-30,Availability,B1
S001688,V00293,K02321,2026-06-04,rejected,2026-06-04,English level,B1
S001689,V00293,K00001,2026-06-05,rejected,2026-06-05,Skill mismatch,C1
S001690,V00293,K01676,2026-06-10,rejected,2026-06-10,Client cancelled,B2
S001691,V00293,K02393,2026-06-09,rejected,2026-06-09,Availability,B2
S001692,V00293,K01888,2026-06-14,hired,2026-06-19,,B2
S001693,V00293,K02205,2026-06-21,rejected,2026-06-26,English level,B1
S001694,V00293,K04185,2026-06-20,rejected,2026-06-26,Skill mismatch,C1
S001695,V00293,K03209,2026-06-23,rejected,2026-06-23,Client chose other candidate,C1
S001696,V00293,K02016,2026-06-27,rejected,2026-07-04,English level,B1
S001697,V00294,K00412,2025-12-14,rejected,2025-12-14,Rate expectation,C1
S001698,V00294,K01312,2025-12-20,rejected,2025-12-20,Availability,B1
S001699,V00294,K03287,2025-12-19,rejected,2025-12-19,Client chose other candidate,B1
S001700,V00294,K01273,2025-12-25,rejected,2026-01-01,English level,B1
S001701,V00294,K02606,2025-12-30,rejected,2025-12-30,English level,B2
S001702,V00294,K00964,2026-01-03,hired,2026-01-13,,C1
S001703,V00294,K03983,2026-01-03,rejected,2026-01-03,Client cancelled,B2
S001704,V00295,K02617,2025-11-26,rejected,2025-12-03,Candidate withdrew,C1
S001705,V00295,K02143,2025-11-29,rejected,2025-11-29,Candidate withdrew,B2
S001706,V00295,K04154,2025-12-04,rejected,2025-12-09,Candidate withdrew,C2
S001707,V00295,K01911,2025-12-08,rejected,2025-12-16,Skill mismatch,B2
S001708,V00295,K04015,2025-12-09,rejected,2025-12-09,Availability,B1
S001709,V00295,K02832,2025-12-14,rejected,2025-12-14,Client chose other candidate,C1
S001710,V00295,K03117,2025-12-16,rejected,2025-12-16,Skill mismatch,C1
S001711,V00296,K02044,2025-09-20,rejected,2025-09-21,Availability,B2
S001712,V00296,K02855,2025-09-24,rejected,2025-09-24,Client chose other candidate,C1
S001713,V00296,K03526,2025-09-27,rejected,2025-10-02,Rate expectation,C1
S001714,V00297,K02228,2025-10-10,rejected,2025-10-10,Client chose other candidate,B2
S001715,V00297,K02898,2025-10-13,rejected,2025-10-13,Candidate withdrew,B2
S001716,V00298,K03342,2025-12-08,rejected,2025-12-20,Rate expectation,C1
S001717,V00298,K04198,2025-12-12,hired,2025-12-20,,C2
S001718,V00298,K03813,2025-12-17,rejected,2025-12-24,Candidate withdrew,B2
S001719,V00298,K00499,2025-12-18,rejected,2025-12-26,English level,C2
S001720,V00298,K03288,2025-12-22,rejected,2025-12-31,Client chose other candidate,C1
S001721,V00298,K02326,2025-12-23,rejected,2025-12-30,Client cancelled,C1
S001722,V00298,K03484,2025-12-26,rejected,2025-12-26,Availability,C1
S001723,V00298,K01991,2025-12-30,rejected,2025-12-30,Availability,C1
S001724,V00298,K01811,2026-01-03,rejected,2026-01-10,Client chose other candidate,C1
S001725,V00298,K02595,2026-01-05,rejected,2026-01-12,Skill mismatch,C1
S001726,V00299,K03476,2026-06-24,hired,2026-07-04,,C2
S001727,V00299,K04015,2026-07-01,rejected,2026-07-02,English level,B1
S001728,V00299,K01142,2026-07-03,rejected,2026-07-07,Client cancelled,C1
S001729,V00299,K03574,2026-07-04,rejected,2026-07-04,Client chose other candidate,B2
S001730,V00300,K00075,2025-10-31,hired,2025-11-04,,C1
S001731,V00300,K01246,2025-11-03,rejected,2025-11-03,English level,B2
S001732,V00300,K03148,2025-11-15,rejected,2025-11-20,English level,C1
S001733,V00300,K01311,2025-11-15,rejected,2025-11-23,Client cancelled,B1
S001734,V00300,K02622,2025-11-27,rejected,2025-11-27,Skill mismatch,B2
S001735,V00300,K00597,2025-12-01,rejected,2025-12-01,Rate expectation,C2
S001736,V00300,K01130,2025-12-07,rejected,2025-12-13,Client chose other candidate,B2
S001737,V00300,K00859,2025-12-11,rejected,2025-12-11,Candidate withdrew,B2
S001738,V00300,K03888,2025-12-19,rejected,2025-12-19,Rate expectation,C1
S001739,V00301,K02259,2026-06-23,rejected,2026-06-23,Client chose other candidate,B2
S001740,V00301,K02563,2026-06-29,rejected,2026-06-29,Skill mismatch,B2
S001741,V00301,K01468,2026-07-02,rejected,2026-07-02,Rate expectation,C1
S001742,V00301,K01315,2026-07-08,rejected,2026-07-13,Candidate withdrew,B2
S001743,V00301,K02722,2026-07-11,hired,2026-07-18,,C1
S001744,V00301,K03003,2026-07-15,rejected,2026-07-15,Candidate withdrew,C1
S001745,V00301,K01771,2026-07-22,rejected,2026-07-26,Client chose other candidate,C1
S001746,V00301,K03542,2026-07-22,rejected,2026-07-22,Rate expectation,C1
S001747,V00302,K01921,2026-04-27,rejected,2026-04-27,Skill mismatch,C1
S001748,V00302,K03214,2026-04-30,rejected,2026-04-30,Candidate withdrew,B2
S001749,V00302,K01711,2026-05-06,hired,2026-05-22,,B2
S001750,V00302,K00341,2026-05-08,rejected,2026-05-15,Client chose other candidate,B2
S001751,V00302,K02742,2026-05-14,rejected,2026-05-14,English level,B2
S001752,V00302,K04054,2026-05-21,rejected,2026-05-21,Skill mismatch,C2
S001753,V00303,K02506,2026-03-04,rejected,2026-03-11,Candidate withdrew,B2
S001754,V00303,K03416,2026-03-09,rejected,2026-03-09,Availability,B2
S001755,V00303,K01810,2026-03-09,rejected,2026-03-12,Rate expectation,B2
S001756,V00303,K00927,2026-03-14,hired,2026-03-24,,C2
S001757,V00303,K03582,2026-03-17,rejected,2026-03-17,Skill mismatch,B2
S001758,V00303,K02113,2026-03-19,rejected,2026-03-25,Rate expectation,C1
S001759,V00303,K04086,2026-03-21,rejected,2026-03-21,English level,B2
S001760,V00303,K01515,2026-03-25,rejected,2026-04-03,Candidate withdrew,B2
S001761,V00303,K00639,2026-03-28,rejected,2026-04-01,English level,B1
S001762,V00304,K01127,2026-01-12,rejected,2026-01-12,Availability,B1
S001763,V00304,K02625,2026-01-14,rejected,2026-01-14,Candidate withdrew,B2
S001764,V00304,K02794,2026-01-18,rejected,2026-01-18,Rate expectation,B2
S001765,V00304,K01317,2026-01-17,rejected,2026-01-20,Rate expectation,C2
S001766,V00304,K01548,2026-01-21,rejected,2026-01-21,Candidate withdrew,B1
S001767,V00304,K03910,2026-01-23,rejected,2026-01-23,English level,C1
S001768,V00305,K02432,2026-02-03,rejected,2026-02-15,Rate expectation,C1
S001769,V00305,K00372,2026-02-08,rejected,2026-02-08,Skill mismatch,C1
S001770,V00305,K00617,2026-02-11,rejected,2026-02-11,Skill mismatch,C2
S001771,V00305,K03773,2026-02-16,hired,2026-02-21,,B2
S001772,V00305,K00603,2026-02-19,rejected,2026-02-28,Availability,C2
S001773,V00305,K01553,2026-02-22,rejected,2026-02-28,Skill mismatch,B1
S001774,V00305,K02607,2026-02-25,rejected,2026-02-25,Skill mismatch,B1
S001775,V00305,K02830,2026-02-28,rejected,2026-02-28,Rate expectation,B2
S001776,V00306,K03039,2026-01-22,rejected,2026-01-25,English level,B1
S001777,V00306,K02587,2026-01-27,rejected,2026-01-27,Rate expectation,B2
S001778,V00306,K03508,2026-02-02,hired,2026-02-13,,B2
S001779,V00306,K00545,2026-02-01,rejected,2026-02-01,Availability,B2
S001780,V00306,K02620,2026-02-04,rejected,2026-02-04,Client chose other candidate,B1
S001781,V00307,K01084,2026-01-16,rejected,2026-01-16,Client cancelled,B1
S001782,V00307,K00816,2026-01-15,rejected,2026-01-15,Client cancelled,B2
S001783,V00307,K02180,2026-01-20,rejected,2026-01-26,Rate expectation,C1
S001784,V00307,K00164,2026-01-24,offer_declined,2026-02-01,Candidate withdrew,B2
S001785,V00307,K00651,2026-01-26,rejected,2026-01-26,Client cancelled,C1
S001786,V00308,K02136,2026-06-28,rejected,2026-06-28,Rate expectation,B1
S001787,V00308,K03721,2026-07-03,rejected,2026-07-03,English level,B2
S001788,V00308,K04079,2026-07-07,rejected,2026-07-07,Skill mismatch,C1
S001789,V00308,K01317,2026-07-07,rejected,2026-07-11,Client chose other candidate,C2
S001790,V00309,K00918,2026-04-06,rejected,2026-04-14,Candidate withdrew,B2
S001791,V00309,K04072,2026-04-09,rejected,2026-04-15,English level,C1
S001792,V00310,K00448,2026-01-12,rejected,2026-01-12,Candidate withdrew,B1
S001793,V00310,K00688,2026-01-17,rejected,2026-01-22,Availability,C1
S001794,V00310,K00091,2026-01-19,rejected,2026-01-19,Availability,C1
S001795,V00310,K01538,2026-01-24,rejected,2026-01-24,Client chose other candidate,B2
S001796,V00310,K02926,2026-01-29,hired,2026-02-11,,C1
S001797,V00310,K04194,2026-02-04,rejected,2026-02-04,Client cancelled,B2
S001798,V00311,K04230,2026-07-15,rejected,2026-07-15,English level,B2
S001799,V00311,K01290,2026-07-19,rejected,2026-07-19,Rate expectation,B2
S001800,V00311,K03447,2026-07-22,client_review,2026-07-22,,B2
S001801,V00312,K01018,2026-03-02,hired,2026-03-11,,C1
S001802,V00312,K02242,2026-03-05,rejected,2026-03-09,Client cancelled,C2
S001803,V00312,K03795,2026-03-06,rejected,2026-03-12,Client chose other candidate,C1
S001804,V00312,K03821,2026-03-10,rejected,2026-03-15,Availability,B2
S001805,V00313,K02313,2025-12-23,rejected,2025-12-23,English level,B1
S001806,V00313,K00012,2025-12-27,rejected,2025-12-27,English level,C1
S001807,V00314,K03057,2026-06-18,rejected,2026-06-18,Client chose other candidate,B2
S001808,V00314,K03821,2026-06-20,rejected,2026-06-21,Availability,B2
S001809,V00314,K00095,2026-06-26,rejected,2026-06-26,Client chose other candidate,B1
S001810,V00314,K03168,2026-06-26,rejected,2026-07-04,Skill mismatch,C2
S001811,V00314,K04141,2026-07-02,hired,2026-07-12,,C2
S001812,V00314,K01327,2026-07-02,rejected,2026-07-08,Availability,B2
S001813,V00315,K02311,2025-10-14,rejected,2025-10-20,Rate expectation,B2
S001814,V00315,K03997,2025-10-15,rejected,2025-10-17,Client chose other candidate,C1
S001815,V00315,K02830,2025-10-18,rejected,2025-10-18,Availability,B2
S001816,V00315,K02650,2025-10-24,rejected,2025-10-27,English level,C1
S001817,V00315,K01735,2025-10-29,rejected,2025-11-03,Client chose other candidate,C1
S001818,V00315,K01667,2025-11-02,rejected,2025-11-02,English level,B2
S001819,V00315,K03709,2025-11-03,rejected,2025-11-10,Availability,B2
S001820,V00315,K01186,2025-11-06,hired,2025-11-16,,C1
S001821,V00316,K00853,2025-09-24,rejected,2025-09-24,Candidate withdrew,B2
S001822,V00316,K00741,2025-09-29,rejected,2025-10-02,Client chose other candidate,B2
S001823,V00317,K00474,2026-05-15,rejected,2026-05-26,English level,B2
S001824,V00317,K02252,2026-05-21,rejected,2026-05-21,Client chose other candidate,B2
S001825,V00317,K03132,2026-05-26,rejected,2026-05-26,Rate expectation,B2
S001826,V00317,K03377,2026-06-02,offer_declined,2026-06-06,Candidate withdrew,C1
S001827,V00317,K00994,2026-06-09,rejected,2026-06-11,Candidate withdrew,C1
S001828,V00317,K00348,2026-06-12,rejected,2026-06-23,Rate expectation,B2
S001829,V00318,K01966,2026-06-16,rejected,2026-06-16,Skill mismatch,B1
S001830,V00318,K00682,2026-06-20,rejected,2026-06-21,Client chose other candidate,B2
S001831,V00318,K02283,2026-06-24,rejected,2026-06-24,Candidate withdrew,B2
S001832,V00318,K00267,2026-06-28,rejected,2026-07-06,Client cancelled,B2
S001833,V00318,K02377,2026-07-01,rejected,2026-07-07,Skill mismatch,B2
S001834,V00318,K00500,2026-07-05,rejected,2026-07-15,Skill mismatch,B2
S001835,V00319,K01433,2025-10-16,rejected,2025-10-16,Client chose other candidate,B2
S001836,V00319,K01617,2025-10-21,rejected,2025-10-21,Skill mismatch,B1
S001837,V00319,K00954,2025-10-28,rejected,2025-10-28,Skill mismatch,C1
S001838,V00319,K00348,2025-11-04,rejected,2025-11-15,Client chose other candidate,B2
S001839,V00320,K02994,2026-04-14,rejected,2026-04-17,English level,C2
S001840,V00321,K00405,2025-11-14,rejected,2025-11-14,Client chose other candidate,B2
S001841,V00321,K03667,2025-11-25,rejected,2025-11-25,Candidate withdrew,C1
S001842,V00321,K00015,2025-11-30,rejected,2025-11-30,Candidate withdrew,C2
S001843,V00322,K01531,2026-06-16,rejected,2026-06-23,Skill mismatch,B2
S001844,V00322,K01137,2026-06-19,hired,2026-07-04,,B2
S001845,V00322,K04004,2026-06-24,rejected,2026-07-03,Client cancelled,C2
S001846,V00322,K01736,2026-06-30,rejected,2026-07-04,Availability,C1
S001847,V00323,K03786,2026-07-22,rejected,2026-07-22,Client chose other candidate,B2
S001848,V00323,K03378,2026-07-24,rejected,2026-07-24,English level,B2
S001849,V00323,K00467,2026-07-25,rejected,2026-07-25,Candidate withdrew,B1
S001850,V00324,K00920,2026-02-06,rejected,2026-02-06,Skill mismatch,C1
S001851,V00324,K02904,2026-02-07,hired,2026-02-17,,C1
S001852,V00324,K01883,2026-02-11,rejected,2026-02-14,Client chose other candidate,C1
S001853,V00324,K00055,2026-02-15,rejected,2026-02-15,Skill mismatch,B1
S001854,V00324,K01336,2026-02-16,rejected,2026-02-22,Client chose other candidate,B2
S001855,V00324,K01480,2026-02-21,rejected,2026-03-03,English level,B1
S001856,V00324,K02595,2026-02-23,rejected,2026-02-23,Availability,C1
S001857,V00324,K03135,2026-02-26,rejected,2026-02-26,Availability,B2
S001858,V00324,K01873,2026-02-27,rejected,2026-02-27,English level,B1
S001859,V00324,K00843,2026-02-28,rejected,2026-02-28,Client chose other candidate,B2
S001860,V00325,K01186,2026-01-05,hired,2026-01-19,,C1
S001861,V00325,K01613,2026-01-07,rejected,2026-01-07,Skill mismatch,B2
S001862,V00325,K02768,2026-01-09,rejected,2026-01-09,Client chose other candidate,C1
S001863,V00325,K01288,2026-01-13,rejected,2026-01-13,Availability,B2
S001864,V00325,K02453,2026-01-13,rejected,2026-01-20,English level,B2
S001865,V00326,K02357,2025-12-11,rejected,2025-12-17,Skill mismatch,B2
S001866,V00326,K01290,2025-12-17,rejected,2025-12-17,Client chose other candidate,B2
S001867,V00326,K03304,2025-12-18,rejected,2025-12-21,Client chose other candidate,C2
S001868,V00326,K03269,2025-12-21,hired,2026-01-05,,C2
S001869,V00326,K03150,2025-12-28,rejected,2025-12-28,Rate expectation,C1
S001870,V00327,K02894,2026-04-18,rejected,2026-04-18,Client chose other candidate,C1
S001871,V00327,K01617,2026-04-21,rejected,2026-04-21,Rate expectation,B1
S001872,V00327,K01800,2026-04-26,rejected,2026-04-26,Client cancelled,C1
S001873,V00327,K00916,2026-04-26,rejected,2026-04-29,Rate expectation,B1
S001874,V00327,K03588,2026-05-06,rejected,2026-05-07,English level,B2
S001875,V00328,K03570,2026-07-02,rejected,2026-07-06,Rate expectation,C1
S001876,V00328,K01772,2026-07-09,rejected,2026-07-09,Availability,C1
S001877,V00328,K00231,2026-07-12,rejected,2026-07-20,Skill mismatch,C2
S001878,V00328,K01928,2026-07-18,rejected,2026-07-18,Candidate withdrew,C1
S001879,V00328,K01140,2026-07-24,rejected,2026-07-24,Skill mismatch,C1
S001880,V00328,K02659,2026-07-24,client_review,2026-07-24,,B2
S001881,V00329,K03869,2026-03-25,rejected,2026-03-25,Candidate withdrew,B2
S001882,V00329,K03598,2026-03-28,rejected,2026-04-02,English level,C1
S001883,V00329,K01528,2026-03-29,rejected,2026-03-29,Client chose other candidate,C1
S001884,V00329,K02273,2026-04-01,rejected,2026-04-01,Availability,C1
S001885,V00329,K03000,2026-04-02,rejected,2026-04-02,Client chose other candidate,B2
S001886,V00329,K03866,2026-04-06,rejected,2026-04-09,Client cancelled,B1
S001887,V00329,K03440,2026-04-08,rejected,2026-04-13,Candidate withdrew,C1
S001888,V00329,K03083,2026-04-11,rejected,2026-04-11,Availability,C1
S001889,V00330,K01817,2026-01-20,rejected,2026-01-29,Candidate withdrew,B2
S001890,V00330,K03032,2026-01-19,rejected,2026-01-19,Skill mismatch,C1
S001891,V00330,K03701,2026-01-23,offer_declined,2026-01-29,Candidate withdrew,B2
S001892,V00330,K01551,2026-01-28,rejected,2026-01-29,Client chose other candidate,B2
S001893,V00331,K03805,2026-04-28,rejected,2026-04-28,Availability,B1
S001894,V00331,K01821,2026-04-30,rejected,2026-04-30,Rate expectation,B2
S001895,V00331,K03177,2026-05-04,rejected,2026-05-04,Skill mismatch,B2
S001896,V00331,K04233,2026-05-07,rejected,2026-05-07,Skill mismatch,B2
S001897,V00331,K00168,2026-05-10,rejected,2026-05-17,Client cancelled,C1
S001898,V00331,K03593,2026-05-12,rejected,2026-05-22,Client chose other candidate,B2
S001899,V00331,K03913,2026-05-17,rejected,2026-05-17,Client cancelled,B1
S001900,V00331,K02950,2026-05-21,rejected,2026-05-21,Client cancelled,C1
S001901,V00331,K00417,2026-05-23,rejected,2026-06-01,Rate expectation,B1
S001902,V00331,K00666,2026-05-26,rejected,2026-05-26,Availability,B1
S001903,V00332,K03943,2026-03-31,rejected,2026-03-31,Client cancelled,B2
S001904,V00332,K02957,2026-04-03,rejected,2026-04-03,Skill mismatch,C2
S001905,V00332,K01275,2026-04-08,rejected,2026-04-08,Client cancelled,B2
S001906,V00333,K03584,2026-01-01,rejected,2026-01-01,Rate expectation,C1
S001907,V00333,K02044,2026-01-02,rejected,2026-01-02,Skill mismatch,B2
S001908,V00333,K01862,2026-01-06,rejected,2026-01-06,Rate expectation,B1
S001909,V00333,K00354,2026-01-09,rejected,2026-01-09,Candidate withdrew,B1
S001910,V00333,K00542,2026-01-14,offer_declined,2026-01-20,Candidate withdrew,C1
S001911,V00333,K01959,2026-01-16,rejected,2026-01-16,Candidate withdrew,B2
S001912,V00333,K03091,2026-01-21,rejected,2026-01-25,Skill mismatch,B2
S001913,V00333,K03709,2026-01-25,rejected,2026-01-25,Availability,B2
S001914,V00334,K02293,2025-10-26,hired,2025-11-02,,B2
S001915,V00334,K03312,2025-10-30,rejected,2025-11-03,Client cancelled,C1
S001916,V00334,K03140,2025-11-02,rejected,2025-11-11,Client chose other candidate,C2
S001917,V00334,K03174,2025-11-05,rejected,2025-11-05,Client cancelled,C1
S001918,V00334,K03123,2025-11-09,rejected,2025-11-09,Client chose other candidate,B2
S001919,V00334,K01456,2025-11-13,rejected,2025-11-18,Client cancelled,C1
S001920,V00335,K01160,2026-03-09,rejected,2026-03-09,Client chose other candidate,C1
S001921,V00336,K03151,2026-01-08,rejected,2026-01-16,Rate expectation,B2
S001922,V00336,K02173,2026-01-11,rejected,2026-01-11,English level,C1
S001923,V00336,K03579,2026-01-14,offer_declined,2026-01-21,Candidate withdrew,C1
S001924,V00336,K02634,2026-01-18,hired,2026-02-04,,C2
S001925,V00337,K00198,2025-11-25,rejected,2025-11-25,Candidate withdrew,B2
S001926,V00337,K01204,2025-12-01,rejected,2025-12-01,Candidate withdrew,B1
S001927,V00337,K02680,2025-12-02,rejected,2025-12-02,Candidate withdrew,B2
S001928,V00337,K02687,2025-12-07,rejected,2025-12-12,Client chose other candidate,B2
S001929,V00337,K01410,2025-12-13,hired,2025-12-30,,B1
S001930,V00337,K00971,2025-12-15,rejected,2025-12-26,Skill mismatch,C2
S001931,V00338,K03125,2026-04-18,rejected,2026-04-18,Client chose other candidate,C1
S001932,V00338,K03684,2026-04-27,rejected,2026-05-02,Rate expectation,B1
S001933,V00338,K03538,2026-04-27,hired,2026-04-30,,B2
S001934,V00338,K03357,2026-05-06,rejected,2026-05-06,Skill mismatch,B1
S001935,V00339,K02514,2026-06-23,rejected,2026-06-23,Candidate withdrew,C2
S001936,V00339,K01458,2026-06-25,rejected,2026-06-25,Rate expectation,B2
S001937,V00339,K00420,2026-06-26,rejected,2026-07-03,English level,B2
S001938,V00339,K03455,2026-06-30,rejected,2026-06-30,Rate expectation,B2
S001939,V00339,K04190,2026-07-03,hired,2026-07-12,,C1
S001940,V00339,K02892,2026-07-05,rejected,2026-07-11,English level,B2
S001941,V00339,K03006,2026-07-08,rejected,2026-07-13,Skill mismatch,B2
S001942,V00339,K00719,2026-07-12,rejected,2026-07-12,English level,B2
S001943,V00340,K01067,2026-03-27,rejected,2026-03-27,Candidate withdrew,B1
S001944,V00340,K02071,2026-03-28,rejected,2026-03-28,Availability,B1
S001945,V00340,K00943,2026-03-31,rejected,2026-03-31,Skill mismatch,B2
S001946,V00340,K00165,2026-04-03,rejected,2026-04-03,English level,B2
S001947,V00340,K03658,2026-04-05,rejected,2026-04-05,Availability,B2
S001948,V00340,K03836,2026-04-11,rejected,2026-04-11,Skill mismatch,C2
S001949,V00340,K01988,2026-04-15,rejected,2026-04-15,Client chose other candidate,B1
S001950,V00340,K01826,2026-04-18,rejected,2026-04-29,Skill mismatch,C1
S001951,V00340,K01703,2026-04-23,rejected,2026-04-30,Skill mismatch,B2
S001952,V00340,K01995,2026-04-26,rejected,2026-05-03,Rate expectation,B2
S001953,V00341,K04023,2026-02-01,rejected,2026-02-11,Client cancelled,C1
S001954,V00341,K02909,2026-02-04,rejected,2026-02-04,Client chose other candidate,B2
S001955,V00341,K00221,2026-02-08,hired,2026-02-16,,C1
S001956,V00341,K01075,2026-02-12,rejected,2026-02-12,Rate expectation,B2
S001957,V00341,K01993,2026-02-16,rejected,2026-02-23,Client chose other candidate,C2
S001958,V00341,K02600,2026-02-22,rejected,2026-02-22,English level,B1
S001959,V00341,K04071,2026-02-26,rejected,2026-03-07,Client cancelled,B2
S001960,V00342,K04096,2025-12-25,rejected,2025-12-25,Skill mismatch,C1
S001961,V00342,K03002,2025-12-30,rejected,2025-12-30,Candidate withdrew,B2
S001962,V00342,K00139,2026-01-06,rejected,2026-01-14,Client cancelled,C1
S001963,V00342,K00591,2026-01-09,rejected,2026-01-09,Skill mismatch,C1
S001964,V00342,K00968,2026-01-14,rejected,2026-01-15,Candidate withdrew,C1
S001965,V00342,K03146,2026-01-21,hired,2026-01-28,,C1
S001966,V00342,K04197,2026-01-25,rejected,2026-01-28,Client cancelled,C1
S001967,V00343,K01891,2026-01-10,offer_declined,2026-01-21,Candidate withdrew,C2
S001968,V00343,K00453,2026-01-13,rejected,2026-01-17,Client chose other candidate,B1
S001969,V00344,K01663,2026-05-05,offer_declined,2026-05-13,Candidate withdrew,C2
S001970,V00344,K02049,2026-05-12,rejected,2026-05-12,Client chose other candidate,B1
S001971,V00344,K00817,2026-05-18,rejected,2026-05-18,English level,B2
S001972,V00344,K00910,2026-05-28,rejected,2026-05-28,Skill mismatch,B1
S001973,V00344,K03851,2026-06-01,hired,2026-06-15,,B2
S001974,V00344,K04173,2026-06-07,rejected,2026-06-07,Rate expectation,B1
S001975,V00344,K01228,2026-06-11,rejected,2026-06-11,Skill mismatch,B2
S001976,V00344,K02507,2026-06-22,rejected,2026-06-22,Candidate withdrew,B2
S001977,V00344,K02482,2026-06-21,rejected,2026-06-23,Client cancelled,C2
S001978,V00344,K03777,2026-06-28,rejected,2026-06-28,Client cancelled,C1
S001979,V00345,K01700,2026-01-04,rejected,2026-01-17,Skill mismatch,B1
S001980,V00345,K01877,2026-01-09,rejected,2026-01-14,Skill mismatch,B1
S001981,V00345,K04032,2026-01-11,rejected,2026-01-11,Availability,C1
S001982,V00345,K00125,2026-01-12,rejected,2026-01-18,Client chose other candidate,B2
S001983,V00346,K02771,2025-10-21,rejected,2025-10-21,Client chose other candidate,C2
S001984,V00346,K01375,2025-10-29,rejected,2025-10-29,English level,B2
S001985,V00346,K00030,2025-11-04,rejected,2025-11-09,Client cancelled,C2
S001986,V00346,K02541,2025-11-04,rejected,2025-11-11,Client chose other candidate,B1
S001987,V00347,K04212,2026-06-12,hired,2026-06-21,,C1
S001988,V00347,K00482,2026-06-18,rejected,2026-06-18,English level,B2
S001989,V00347,K03978,2026-06-19,rejected,2026-06-19,Rate expectation,B2
S001990,V00347,K02583,2026-06-22,rejected,2026-06-22,Skill mismatch,B1
S001991,V00347,K00312,2026-06-26,rejected,2026-06-26,Client cancelled,B2
S001992,V00347,K00686,2026-07-02,rejected,2026-07-05,English level,C1
S001993,V00347,K02886,2026-07-03,rejected,2026-07-03,Availability,B1
S001994,V00347,K04050,2026-07-10,rejected,2026-07-17,English level,B1
S001995,V00347,K03950,2026-07-14,rejected,2026-07-14,Client cancelled,B1
S001996,V00348,K02491,2026-01-21,rejected,2026-01-21,Availability,C2
S001997,V00348,K01250,2026-01-26,hired,2026-02-06,,B2
S001998,V00348,K03253,2026-01-27,rejected,2026-01-27,Candidate withdrew,C1
S001999,V00348,K01597,2026-01-30,rejected,2026-02-02,English level,C1
S002000,V00348,K01048,2026-01-30,rejected,2026-02-06,Client cancelled,B2
S002001,V00349,K00203,2025-11-21,rejected,2025-11-21,Candidate withdrew,B2
S002002,V00349,K03214,2025-11-28,rejected,2025-11-28,Rate expectation,B2
S002003,V00349,K01076,2025-12-04,hired,2025-12-15,,C1
S002004,V00349,K02710,2025-12-04,rejected,2025-12-12,Rate expectation,B2
S002005,V00349,K02745,2025-12-08,rejected,2025-12-08,Rate expectation,C1
S002006,V00349,K01471,2025-12-13,rejected,2025-12-13,Skill mismatch,B2
S002007,V00349,K03545,2025-12-16,rejected,2025-12-23,Candidate withdrew,C1
S002008,V00350,K02143,2025-12-12,rejected,2025-12-15,Rate expectation,B2
S002009,V00350,K02054,2025-12-14,rejected,2025-12-14,Skill mismatch,B1
S002010,V00350,K00966,2025-12-20,rejected,2025-12-20,Skill mismatch,C1
S002011,V00350,K00902,2025-12-23,offer_declined,2026-01-06,Candidate withdrew,C1
S002012,V00350,K02780,2025-12-27,rejected,2025-12-30,Rate expectation,B1
S002013,V00350,K01031,2025-12-30,rejected,2026-01-06,Candidate withdrew,B2
S002014,V00350,K01126,2026-01-03,rejected,2026-01-10,Candidate withdrew,B2
S002015,V00351,K03173,2025-10-27,rejected,2025-11-06,Candidate withdrew,C1
S002016,V00351,K03598,2025-10-29,rejected,2025-10-29,Skill mismatch,C1
S002017,V00351,K03564,2025-11-02,rejected,2025-11-09,Client cancelled,B2
S002018,V00351,K00848,2025-11-08,rejected,2025-11-08,Candidate withdrew,B2
S002019,V00351,K03389,2025-11-13,rejected,2025-11-16,Availability,B2
S002020,V00351,K01221,2025-11-13,rejected,2025-11-19,Client cancelled,C1
S002021,V00351,K04179,2025-11-20,rejected,2025-11-20,Client chose other candidate,C1
S002022,V00352,K03112,2026-03-19,rejected,2026-03-19,Availability,C1
S002023,V00352,K03361,2026-03-23,rejected,2026-03-27,Skill mismatch,C1
S002024,V00352,K00516,2026-03-28,rejected,2026-03-28,Rate expectation,B2
S002025,V00352,K03149,2026-04-01,hired,2026-04-14,,C1
S002026,V00353,K01117,2026-03-02,rejected,2026-03-11,Skill mismatch,B2
S002027,V00353,K01227,2026-03-07,hired,2026-03-18,,C1
S002028,V00354,K03993,2025-10-16,hired,2025-10-30,,B2
S002029,V00354,K00833,2025-10-19,rejected,2025-10-19,English level,C1
S002030,V00354,K02353,2025-10-25,rejected,2025-11-10,English level,C2
S002031,V00354,K00919,2025-10-30,rejected,2025-11-01,Client chose other candidate,B2
S002032,V00354,K02897,2025-11-03,rejected,2025-11-03,Skill mismatch,B2
S002033,V00354,K02250,2025-11-06,rejected,2025-11-12,Candidate withdrew,B2
S002034,V00355,K00655,2025-11-12,rejected,2025-11-23,Client cancelled,B2
S002035,V00355,K02217,2025-11-17,hired,2025-11-20,,B2
S002036,V00355,K00125,2025-11-16,rejected,2025-11-16,English level,B2
S002037,V00355,K02770,2025-11-22,rejected,2025-11-24,English level,B2
S002038,V00355,K02857,2025-11-25,rejected,2025-12-05,English level,B1
S002039,V00355,K02023,2025-11-27,rejected,2025-12-06,Client cancelled,B2
S002040,V00355,K03714,2025-11-27,rejected,2025-11-27,Skill mismatch,B1
S002041,V00355,K02735,2025-12-02,rejected,2025-12-02,Rate expectation,B2
S002042,V00355,K03877,2025-12-02,rejected,2025-12-02,Rate expectation,B2
S002043,V00356,K03159,2026-07-19,rejected,2026-07-22,Candidate withdrew,C2
S002044,V00356,K01939,2026-07-22,hired,2026-07-26,,B2
S002045,V00356,K02805,2026-07-23,client_review,2026-07-23,,B2
S002046,V00357,K01732,2026-03-27,rejected,2026-03-27,English level,B1
S002047,V00357,K01767,2026-04-05,rejected,2026-04-05,English level,C1
S002048,V00357,K01892,2026-04-06,rejected,2026-04-06,Availability,B2
S002049,V00357,K02989,2026-04-12,rejected,2026-04-12,English level,B1
S002050,V00357,K02684,2026-04-15,rejected,2026-04-21,Candidate withdrew,C1
S002051,V00358,K04114,2026-03-15,rejected,2026-03-15,Candidate withdrew,B2
S002052,V00358,K02882,2026-03-21,rejected,2026-03-21,Client cancelled,B1
S002053,V00358,K00068,2026-03-23,rejected,2026-03-23,Client chose other candidate,B2
S002054,V00358,K04181,2026-03-30,rejected,2026-03-30,Rate expectation,B2
S002055,V00358,K03644,2026-04-01,rejected,2026-04-01,Skill mismatch,B2
S002056,V00358,K01254,2026-04-04,rejected,2026-04-04,Candidate withdrew,B2
S002057,V00358,K03951,2026-04-08,hired,2026-04-11,,C1
S002058,V00359,K03440,2026-04-23,rejected,2026-04-23,Skill mismatch,C1
S002059,V00359,K03215,2026-04-27,rejected,2026-04-27,Client cancelled,B2
S002060,V00359,K02934,2026-04-28,rejected,2026-04-28,Client chose other candidate,B2
S002061,V00360,K03961,2026-03-15,rejected,2026-03-15,Client cancelled,B2
S002062,V00360,K00654,2026-03-22,rejected,2026-03-29,English level,B2
S002063,V00360,K02480,2026-03-30,rejected,2026-03-30,Rate expectation,B2
S002064,V00360,K01596,2026-04-05,rejected,2026-04-05,Candidate withdrew,B2
S002065,V00360,K01659,2026-04-08,rejected,2026-04-13,Rate expectation,B2
S002066,V00360,K03816,2026-04-13,rejected,2026-04-13,Client cancelled,B2
S002067,V00360,K02049,2026-04-18,rejected,2026-04-18,Client chose other candidate,B1
S002068,V00361,K02521,2025-12-22,hired,2026-01-03,,B2
S002069,V00361,K03437,2025-12-26,rejected,2025-12-29,Rate expectation,B2
S002070,V00361,K00781,2025-12-25,rejected,2025-12-27,Client cancelled,C2
S002071,V00361,K01876,2025-12-30,rejected,2025-12-30,Client cancelled,B1
S002072,V00361,K02938,2026-01-06,rejected,2026-01-06,Client cancelled,B1
S002073,V00361,K02286,2026-01-09,rejected,2026-01-20,Availability,C1
S002074,V00361,K01252,2026-01-12,rejected,2026-01-21,Candidate withdrew,B1
S002075,V00361,K01757,2026-01-13,rejected,2026-01-17,English level,B2
S002076,V00361,K03510,2026-01-19,rejected,2026-01-19,Availability,C1
S002077,V00361,K01339,2026-01-26,rejected,2026-01-26,Client chose other candidate,B2
S002078,V00362,K01135,2025-12-07,rejected,2025-12-07,Rate expectation,B2
S002079,V00362,K01122,2025-12-08,rejected,2025-12-08,Client chose other candidate,B1
S002080,V00362,K02560,2025-12-12,rejected,2025-12-12,Candidate withdrew,B1
S002081,V00362,K01833,2025-12-14,rejected,2025-12-14,Client cancelled,B2
S002082,V00362,K04190,2025-12-19,offer_declined,2025-12-29,Candidate withdrew,C1
S002083,V00362,K02744,2025-12-21,rejected,2025-12-21,English level,B2
S002084,V00362,K02269,2025-12-22,rejected,2025-12-30,Rate expectation,C2
S002085,V00363,K02394,2026-04-24,rejected,2026-04-24,Client cancelled,C1
S002086,V00363,K03255,2026-05-01,rejected,2026-05-01,Candidate withdrew,B2
S002087,V00363,K01430,2026-05-02,rejected,2026-05-02,English level,B2
S002088,V00363,K02636,2026-05-08,rejected,2026-05-08,Skill mismatch,C2
S002089,V00364,K02288,2026-05-27,rejected,2026-05-27,Availability,C1
S002090,V00364,K02827,2026-05-31,rejected,2026-05-31,Skill mismatch,C1
S002091,V00364,K03719,2026-06-03,rejected,2026-06-05,Availability,B1
S002092,V00364,K01386,2026-06-10,rejected,2026-06-10,Candidate withdrew,C1
S002093,V00364,K00409,2026-06-13,rejected,2026-06-13,Availability,C1
S002094,V00365,K02928,2026-04-19,rejected,2026-04-19,Rate expectation,B2
S002095,V00365,K01692,2026-04-23,rejected,2026-04-23,Rate expectation,B2
S002096,V00365,K02388,2026-04-26,rejected,2026-04-30,Rate expectation,B1
S002097,V00365,K02582,2026-04-29,rejected,2026-04-29,Skill mismatch,B2
S002098,V00365,K02114,2026-05-02,rejected,2026-05-02,English level,B2
S002099,V00366,K03603,2026-01-09,rejected,2026-01-09,English level,B2
S002100,V00366,K00300,2026-01-15,hired,2026-01-20,,B2
S002101,V00366,K03625,2026-01-14,rejected,2026-01-14,English level,B1
S002102,V00366,K01454,2026-01-18,rejected,2026-01-18,Rate expectation,B2
S002103,V00367,K00438,2026-06-08,hired,2026-06-14,,B2
S002104,V00367,K01775,2026-06-13,rejected,2026-06-14,Rate expectation,C1
S002105,V00367,K00004,2026-06-15,rejected,2026-06-15,Rate expectation,B2
S002106,V00367,K02400,2026-06-18,rejected,2026-06-22,Candidate withdrew,B1
S002107,V00367,K00901,2026-06-23,rejected,2026-07-03,English level,B1
S002108,V00368,K03777,2025-12-15,rejected,2025-12-15,Client cancelled,C1
S002109,V00368,K02894,2025-12-19,rejected,2025-12-31,Rate expectation,C1
S002110,V00368,K02265,2025-12-23,rejected,2025-12-25,Candidate withdrew,C1
S002111,V00369,K02274,2026-03-08,rejected,2026-03-08,Client cancelled,B2
S002112,V00369,K02373,2026-03-10,rejected,2026-03-20,Rate expectation,B2
S002113,V00369,K03997,2026-03-13,hired,2026-03-18,,C1
S002114,V00369,K00986,2026-03-19,rejected,2026-03-31,Candidate withdrew,C1
S002115,V00369,K02717,2026-03-21,rejected,2026-03-24,Availability,C1
S002116,V00370,K03261,2026-03-13,rejected,2026-03-13,Candidate withdrew,B1
S002117,V00370,K01620,2026-03-18,rejected,2026-03-24,Rate expectation,B2
S002118,V00370,K02248,2026-03-22,hired,2026-04-02,,C2
S002119,V00370,K00385,2026-03-26,rejected,2026-04-02,Availability,C1
S002120,V00371,K00073,2026-02-01,rejected,2026-02-01,Skill mismatch,B2
S002121,V00371,K00659,2026-02-01,rejected,2026-02-04,Client cancelled,B2
S002122,V00371,K03571,2026-02-04,hired,2026-02-21,,B2
S002123,V00371,K02497,2026-02-07,rejected,2026-02-14,English level,C1
S002124,V00371,K02892,2026-02-10,rejected,2026-02-10,Rate expectation,B2
S002125,V00372,K01911,2026-04-28,rejected,2026-04-28,Client cancelled,B2
S002126,V00372,K04051,2026-05-01,rejected,2026-05-01,Skill mismatch,B1
S002127,V00372,K02990,2026-05-01,rejected,2026-05-04,Skill mismatch,B1
S002128,V00372,K01391,2026-05-04,rejected,2026-05-13,Client cancelled,B1
S002129,V00372,K03605,2026-05-07,rejected,2026-05-07,Availability,B2
S002130,V00372,K00937,2026-05-10,rejected,2026-05-10,Skill mismatch,B2
S002131,V00372,K02167,2026-05-13,rejected,2026-05-13,Availability,B2
S002132,V00372,K02631,2026-05-17,rejected,2026-05-17,Skill mismatch,B2
S002133,V00373,K01841,2026-04-22,rejected,2026-04-22,English level,B2
S002134,V00373,K01213,2026-04-25,rejected,2026-04-26,Candidate withdrew,B2
S002135,V00373,K01117,2026-04-30,rejected,2026-04-30,English level,B2
S002136,V00373,K00183,2026-05-04,rejected,2026-05-07,Candidate withdrew,C1
S002137,V00373,K03591,2026-05-07,rejected,2026-05-07,English level,B2
S002138,V00373,K00866,2026-05-09,rejected,2026-05-19,Client cancelled,C2
S002139,V00373,K03623,2026-05-16,rejected,2026-05-16,Availability,C1
S002140,V00373,K02403,2026-05-22,rejected,2026-05-26,Availability,C1
S002141,V00373,K02689,2026-05-25,rejected,2026-05-25,Availability,B1
S002142,V00374,K01995,2026-02-07,hired,2026-02-25,,B2
S002143,V00374,K00305,2026-02-10,rejected,2026-02-10,Skill mismatch,B1
S002144,V00374,K02852,2026-02-16,rejected,2026-02-20,Client chose other candidate,C1
S002145,V00374,K01399,2026-02-17,rejected,2026-02-17,Rate expectation,C1
S002146,V00374,K02328,2026-02-23,rejected,2026-02-28,Skill mismatch,B2
S002147,V00374,K04168,2026-02-28,rejected,2026-03-01,English level,B2
S002148,V00374,K01031,2026-03-02,rejected,2026-03-02,Client cancelled,B2
S002149,V00374,K02309,2026-03-03,rejected,2026-03-11,Client chose other candidate,C1
S002150,V00374,K02581,2026-03-11,rejected,2026-03-11,Candidate withdrew,B2
S002151,V00374,K00093,2026-03-13,rejected,2026-03-21,Candidate withdrew,C2
S002152,V00375,K00533,2026-04-27,hired,2026-05-06,,C1
S002153,V00375,K00498,2026-04-26,rejected,2026-05-03,Availability,B2
S002154,V00375,K01214,2026-04-30,rejected,2026-05-02,Client chose other candidate,C1
S002155,V00375,K03563,2026-05-06,rejected,2026-05-06,English level,B2
S002156,V00376,K01779,2025-12-23,rejected,2025-12-29,Rate expectation,C1
S002157,V00376,K02805,2025-12-27,rejected,2025-12-27,Availability,B2
S002158,V00376,K00706,2025-12-31,hired,2026-01-11,,B1
S002159,V00376,K02098,2026-01-02,rejected,2026-01-02,Skill mismatch,B2
S002160,V00376,K03641,2026-01-05,rejected,2026-01-05,Rate expectation,B2
S002161,V00376,K01446,2026-01-08,rejected,2026-01-08,Client cancelled,B2
S002162,V00376,K03630,2026-01-11,rejected,2026-01-18,Client chose other candidate,C1
S002163,V00376,K03654,2026-01-14,rejected,2026-01-14,Client chose other candidate,B2
S002164,V00376,K02568,2026-01-16,rejected,2026-01-19,Client chose other candidate,B1
S002165,V00377,K01955,2025-12-22,rejected,2025-12-22,Rate expectation,B2
S002166,V00377,K01211,2025-12-27,rejected,2025-12-27,Skill mismatch,B1
S002167,V00377,K02798,2026-01-01,rejected,2026-01-01,Availability,C1
S002168,V00377,K03185,2026-01-10,rejected,2026-01-14,Client cancelled,B2
S002169,V00377,K03441,2026-01-14,rejected,2026-01-14,Rate expectation,B2
S002170,V00377,K01130,2026-01-18,rejected,2026-01-22,English level,B2
S002171,V00377,K04033,2026-01-28,rejected,2026-01-28,Rate expectation,C2
S002172,V00378,K01624,2026-03-11,rejected,2026-03-11,Candidate withdrew,B2
S002173,V00378,K01630,2026-03-16,rejected,2026-03-21,Client cancelled,B2
S002174,V00378,K01021,2026-03-17,rejected,2026-03-26,Skill mismatch,C1
S002175,V00378,K00063,2026-03-23,rejected,2026-03-23,Skill mismatch,C1
S002176,V00378,K03959,2026-03-26,hired,2026-04-08,,C1
S002177,V00378,K02007,2026-03-31,rejected,2026-04-01,Candidate withdrew,B2
S002178,V00378,K02888,2026-04-02,rejected,2026-04-02,Rate expectation,C1
S002179,V00379,K01443,2026-01-07,hired,2026-01-14,,C1
S002180,V00379,K02109,2026-01-09,rejected,2026-01-13,Candidate withdrew,B2
S002181,V00379,K03788,2026-01-12,rejected,2026-01-12,English level,B2
S002182,V00379,K01530,2026-01-13,rejected,2026-01-17,Skill mismatch,C1
S002183,V00379,K02450,2026-01-19,rejected,2026-01-19,Rate expectation,C1
S002184,V00379,K04236,2026-01-23,rejected,2026-01-28,Availability,B2
S002185,V00379,K01864,2026-01-28,rejected,2026-01-28,Rate expectation,B2
S002186,V00379,K00071,2026-02-02,rejected,2026-02-02,Availability,B1
S002187,V00380,K01503,2026-06-20,hired,2026-06-28,,C2
S002188,V00380,K00988,2026-06-26,rejected,2026-07-01,Availability,B1
S002189,V00380,K00833,2026-06-27,rejected,2026-07-01,Candidate withdrew,C1
S002190,V00380,K00225,2026-07-03,rejected,2026-07-06,Rate expectation,C1
S002191,V00380,K03645,2026-07-07,rejected,2026-07-07,English level,B2
S002192,V00381,K00497,2026-06-12,hired,2026-06-26,,B2
S002193,V00381,K01449,2026-06-14,rejected,2026-06-14,English level,B1
S002194,V00381,K03746,2026-06-26,rejected,2026-06-26,Client chose other candidate,C1
S002195,V00381,K01332,2026-06-26,rejected,2026-06-26,Skill mismatch,B1
S002196,V00381,K02441,2026-06-30,rejected,2026-06-30,Client chose other candidate,B1
S002197,V00382,K01237,2026-01-23,hired,2026-02-05,,C1
S002198,V00382,K02235,2026-01-27,rejected,2026-01-27,Client chose other candidate,B2
S002199,V00382,K00319,2026-01-30,rejected,2026-01-30,Rate expectation,B2
S002200,V00382,K00281,2026-02-02,rejected,2026-02-06,Candidate withdrew,C1
S002201,V00382,K00516,2026-02-07,rejected,2026-02-07,Client cancelled,B2
S002202,V00382,K02360,2026-02-11,rejected,2026-02-19,Availability,C1
S002203,V00382,K00179,2026-02-15,rejected,2026-02-20,Client chose other candidate,B1
S002204,V00382,K02530,2026-02-22,rejected,2026-02-22,Client cancelled,C1
S002205,V00382,K02591,2026-02-22,rejected,2026-02-22,Client cancelled,B2
S002206,V00382,K01371,2026-03-02,rejected,2026-03-07,Skill mismatch,B2
S002207,V00382,K04041,2026-03-08,rejected,2026-03-15,Client chose other candidate,B2
S002208,V00383,K03234,2026-01-16,hired,2026-01-26,,B2
S002209,V00383,K00835,2026-01-22,rejected,2026-01-22,Rate expectation,B2
S002210,V00383,K00233,2026-01-23,rejected,2026-01-23,English level,B1
S002211,V00383,K04011,2026-01-26,rejected,2026-02-03,Client chose other candidate,B2
S002212,V00383,K02345,2026-01-29,rejected,2026-02-03,Skill mismatch,B2
S002213,V00383,K02619,2026-02-03,rejected,2026-02-09,Client chose other candidate,C1
S002214,V00383,K00827,2026-02-07,rejected,2026-02-09,Skill mismatch,C2
S002215,V00384,K00434,2026-05-27,rejected,2026-05-27,English level,B1
S002216,V00384,K03625,2026-05-31,rejected,2026-06-08,English level,B1
S002217,V00384,K00357,2026-06-02,rejected,2026-06-02,English level,B2
S002218,V00384,K00545,2026-06-07,rejected,2026-06-15,Skill mismatch,B2
S002219,V00384,K00333,2026-06-10,rejected,2026-06-11,Candidate withdrew,B2
S002220,V00384,K03975,2026-06-14,rejected,2026-06-14,Skill mismatch,B2
S002221,V00384,K04049,2026-06-16,rejected,2026-06-16,Client cancelled,C2
S002222,V00384,K00399,2026-06-17,rejected,2026-06-23,Skill mismatch,B1
S002223,V00384,K03759,2026-06-23,rejected,2026-06-23,Rate expectation,B2
S002224,V00384,K03560,2026-06-24,hired,2026-07-06,,C1
S002225,V00384,K00858,2026-06-28,rejected,2026-06-28,English level,B2
S002226,V00385,K01244,2026-01-24,hired,2026-01-31,,B2
S002227,V00385,K01270,2026-01-25,rejected,2026-01-25,Candidate withdrew,B1
S002228,V00385,K01728,2026-01-28,rejected,2026-02-05,Client chose other candidate,B2
S002229,V00385,K03415,2026-02-02,rejected,2026-02-02,Client chose other candidate,C1
S002230,V00385,K04117,2026-01-31,rejected,2026-02-03,Skill mismatch,B2
S002231,V00386,K02829,2026-03-13,rejected,2026-03-13,Client chose other candidate,C1
S002232,V00386,K00638,2026-03-18,rejected,2026-03-24,English level,C2
S002233,V00386,K02030,2026-03-18,rejected,2026-03-18,Rate expectation,C1
S002234,V00386,K03978,2026-03-24,rejected,2026-04-01,Availability,B2
S002235,V00386,K02997,2026-03-30,rejected,2026-03-30,Client cancelled,B2
S002236,V00387,K03883,2025-12-26,rejected,2025-12-26,Skill mismatch,B1
S002237,V00387,K01054,2025-12-28,hired,2026-01-05,,B2
S002238,V00387,K04213,2026-01-01,rejected,2026-01-09,Client chose other candidate,B2
S002239,V00387,K00307,2026-01-05,rejected,2026-01-05,English level,B1
S002240,V00387,K01563,2026-01-13,rejected,2026-01-13,Skill mismatch,B2
S002241,V00387,K04178,2026-01-16,rejected,2026-01-16,Candidate withdrew,B2
S002242,V00387,K01801,2026-01-22,rejected,2026-02-04,Candidate withdrew,C2
S002243,V00388,K02131,2026-07-24,client_review,2026-07-24,,B1
S002244,V00388,K00186,2026-07-24,client_review,2026-07-24,,C1
S002245,V00389,K01937,2026-07-14,rejected,2026-07-14,Rate expectation,B2
S002246,V00389,K02349,2026-07-16,hired,2026-07-26,,C2
S002247,V00389,K03262,2026-07-19,rejected,2026-07-19,Skill mismatch,C1
S002248,V00389,K00969,2026-07-25,rejected,2026-07-25,Availability,B2
S002249,V00390,K03769,2026-03-06,rejected,2026-03-09,English level,B2
S002250,V00390,K03498,2026-03-09,rejected,2026-03-11,Rate expectation,C1
S002251,V00391,K03302,2026-03-24,rejected,2026-03-24,Availability,B2
S002252,V00391,K02049,2026-03-29,rejected,2026-03-29,Client chose other candidate,B1
S002253,V00391,K00405,2026-04-03,rejected,2026-04-03,Skill mismatch,B2
S002254,V00391,K01866,2026-04-07,hired,2026-04-18,,B2
S002255,V00391,K03353,2026-04-09,rejected,2026-04-14,English level,C1
S002256,V00392,K00418,2026-02-25,rejected,2026-03-02,English level,C2
S002257,V00392,K00868,2026-03-02,hired,2026-03-15,,B2
S002258,V00393,K03954,2026-04-22,rejected,2026-04-22,Client chose other candidate,C1
S002259,V00393,K02518,2026-04-25,rejected,2026-05-04,English level,C2
S002260,V00393,K02050,2026-05-02,rejected,2026-05-05,English level,B2
S002261,V00393,K03084,2026-05-08,rejected,2026-05-12,Client chose other candidate,B2
S002262,V00394,K00509,2026-02-03,rejected,2026-02-03,Skill mismatch,B2
S002263,V00394,K03811,2026-02-04,rejected,2026-02-04,Candidate withdrew,B1
S002264,V00394,K03276,2026-02-11,rejected,2026-02-11,Skill mismatch,B2
S002265,V00394,K01799,2026-02-20,hired,2026-03-07,,C1
S002266,V00394,K02094,2026-02-21,rejected,2026-02-21,Candidate withdrew,C1
S002267,V00394,K00713,2026-03-01,rejected,2026-03-01,Client cancelled,B1
S002268,V00395,K01886,2026-03-25,rejected,2026-03-25,Candidate withdrew,B1
S002269,V00395,K00529,2026-03-28,rejected,2026-03-29,Client chose other candidate,C2
S002270,V00395,K03582,2026-03-30,rejected,2026-03-30,Client cancelled,B2
S002271,V00395,K04170,2026-04-03,rejected,2026-04-14,Availability,B2
S002272,V00395,K00981,2026-04-07,rejected,2026-04-07,Availability,B2
S002273,V00395,K01277,2026-04-08,rejected,2026-04-08,English level,C2
S002274,V00396,K01364,2026-03-29,offer_declined,2026-04-08,Candidate withdrew,B2
S002275,V00396,K03368,2026-03-29,rejected,2026-03-29,English level,C1
S002276,V00396,K00037,2026-04-05,rejected,2026-04-08,English level,B2
S002277,V00397,K02056,2026-03-21,rejected,2026-03-21,Availability,C1
S002278,V00397,K01850,2026-03-28,rejected,2026-03-28,English level,B2
S002279,V00397,K02248,2026-03-31,rejected,2026-03-31,Rate expectation,C2
S002280,V00397,K01616,2026-04-02,rejected,2026-04-02,Skill mismatch,B1
S002281,V00397,K03195,2026-04-06,rejected,2026-04-06,English level,B1
S002282,V00397,K00548,2026-04-10,rejected,2026-04-13,Rate expectation,B2
S002283,V00398,K04187,2026-02-17,rejected,2026-02-20,Rate expectation,B2
S002284,V00398,K01743,2026-02-19,hired,2026-03-04,,C2
S002285,V00398,K00737,2026-02-24,rejected,2026-02-24,Candidate withdrew,C1
S002286,V00398,K03312,2026-02-28,rejected,2026-03-07,English level,C1
S002287,V00399,K03104,2026-01-25,rejected,2026-01-31,Skill mismatch,C1
S002288,V00399,K01052,2026-01-28,hired,2026-02-08,,C1
S002289,V00399,K03759,2026-01-30,rejected,2026-01-30,Client chose other candidate,B2
S002290,V00400,K00535,2026-05-19,rejected,2026-05-19,Client cancelled,B2
S002291,V00400,K02854,2026-05-20,rejected,2026-05-20,Availability,B2
S002292,V00400,K02123,2026-05-28,rejected,2026-05-28,Availability,B1
S002293,V00400,K03063,2026-05-27,offer_declined,2026-05-31,Candidate withdrew,C2
S002294,V00400,K03082,2026-06-02,rejected,2026-06-07,Candidate withdrew,B2
S002295,V00400,K02983,2026-06-05,rejected,2026-06-05,Candidate withdrew,C1
S002296,V00400,K01204,2026-06-07,rejected,2026-06-07,Skill mismatch,B1
S002297,V00400,K00167,2026-06-12,rejected,2026-06-20,Client cancelled,B2
S002298,V00401,K01238,2026-03-06,rejected,2026-03-06,Availability,C1
S002299,V00401,K02366,2026-03-11,rejected,2026-03-11,Candidate withdrew,B2
S002300,V00401,K03308,2026-03-16,offer_declined,2026-03-31,Candidate withdrew,C1
S002301,V00401,K01510,2026-03-20,rejected,2026-03-20,Rate expectation,B1
S002302,V00401,K04238,2026-03-21,hired,2026-04-01,,C1
S002303,V00401,K01301,2026-03-26,rejected,2026-03-26,Client chose other candidate,B1
S002304,V00401,K03067,2026-03-25,rejected,2026-03-28,Availability,C1
S002305,V00402,K02515,2026-03-10,rejected,2026-03-10,Rate expectation,B1
S002306,V00402,K03409,2026-03-12,rejected,2026-03-12,English level,B1
S002307,V00403,K02403,2026-06-21,hired,2026-07-02,,C1
S002308,V00403,K03833,2026-07-01,rejected,2026-07-04,Client chose other candidate,C1
S002309,V00403,K02836,2026-06-30,rejected,2026-07-08,Client cancelled,B2
S002310,V00403,K00922,2026-07-09,rejected,2026-07-09,English level,C1
S002311,V00403,K02579,2026-07-17,rejected,2026-07-17,Availability,B2
S002312,V00403,K03729,2026-07-22,rejected,2026-07-22,Candidate withdrew,B1
S002313,V00403,K00750,2026-07-26,rejected,2026-07-26,Client cancelled,B1
S002314,V00404,K00335,2026-06-06,rejected,2026-06-06,Skill mismatch,B1
S002315,V00404,K03736,2026-06-11,hired,2026-06-17,,B1
S002316,V00405,K03724,2026-04-05,hired,2026-04-14,,C1
S002317,V00405,K04025,2026-04-08,rejected,2026-04-12,Candidate withdrew,B2
S002318,V00405,K02718,2026-04-16,rejected,2026-04-16,Rate expectation,B2
S002319,V00405,K03405,2026-04-14,rejected,2026-04-19,Client cancelled,B2
S002320,V00405,K02056,2026-04-18,rejected,2026-04-27,Client chose other candidate,C1
S002321,V00406,K00668,2026-06-13,rejected,2026-06-20,Client chose other candidate,C2
S002322,V00406,K02035,2026-06-19,rejected,2026-06-19,Client chose other candidate,B2
S002323,V00406,K02598,2026-06-20,rejected,2026-06-25,Rate expectation,C2
S002324,V00406,K01796,2026-06-26,rejected,2026-06-30,Client chose other candidate,C1
S002325,V00406,K03893,2026-07-01,rejected,2026-07-09,English level,B2
S002326,V00406,K02107,2026-06-30,rejected,2026-06-30,Candidate withdrew,C1
S002327,V00406,K01490,2026-07-05,rejected,2026-07-05,Candidate withdrew,B1
S002328,V00407,K02818,2026-05-09,hired,2026-05-19,,C1
S002329,V00407,K01039,2026-05-12,rejected,2026-05-12,Skill mismatch,C2
S002330,V00407,K03166,2026-05-13,rejected,2026-05-21,English level,C1
S002331,V00407,K01556,2026-05-16,rejected,2026-05-26,Client cancelled,C1
S002332,V00407,K04184,2026-05-17,rejected,2026-05-25,Candidate withdrew,C2
S002333,V00408,K04227,2026-05-31,rejected,2026-05-31,Skill mismatch,B1
S002334,V00408,K03174,2026-06-03,offer_declined,2026-06-08,Candidate withdrew,C1
S002335,V00408,K03625,2026-06-04,rejected,2026-06-12,Client cancelled,B1
S002336,V00408,K02806,2026-06-10,rejected,2026-06-10,Skill mismatch,B2
S002337,V00408,K00096,2026-06-12,rejected,2026-06-20,Candidate withdrew,B2
S002338,V00408,K00142,2026-06-13,rejected,2026-06-19,Candidate withdrew,C1
S002339,V00408,K02294,2026-06-18,rejected,2026-06-18,English level,C1
S002340,V00408,K00821,2026-06-20,rejected,2026-06-20,Skill mismatch,C1
S002341,V00409,K01312,2026-07-15,rejected,2026-07-15,Rate expectation,B1
S002342,V00409,K02125,2026-07-19,client_review,2026-07-19,,C1
S002343,V00409,K03287,2026-07-25,rejected,2026-07-25,Client chose other candidate,B1
S002344,V00409,K01815,2026-07-26,client_review,2026-07-26,,C1
S002345,V00410,K02414,2026-03-25,rejected,2026-03-25,English level,B2
S002346,V00410,K01763,2026-03-29,hired,2026-04-10,,B2
S002347,V00410,K03589,2026-04-02,rejected,2026-04-12,Client chose other candidate,B2
S002348,V00410,K02360,2026-04-03,rejected,2026-04-07,Skill mismatch,C1
S002349,V00410,K00196,2026-04-10,rejected,2026-04-16,Candidate withdrew,B2
S002350,V00410,K03543,2026-04-13,rejected,2026-04-18,Client cancelled,C1
S002351,V00410,K02426,2026-04-13,rejected,2026-04-25,Skill mismatch,C1
S002352,V00410,K01791,2026-04-18,rejected,2026-04-30,Client cancelled,C1
S002353,V00410,K01652,2026-04-20,rejected,2026-04-23,Rate expectation,C1
S002354,V00410,K03827,2026-04-25,rejected,2026-04-25,Candidate withdrew,B2
S002355,V00410,K00452,2026-04-28,rejected,2026-05-01,Availability,C1
S002356,V00411,K03145,2026-07-06,rejected,2026-07-06,Rate expectation,C1
S002357,V00411,K03800,2026-07-09,rejected,2026-07-09,Candidate withdrew,B2
S002358,V00411,K01807,2026-07-11,rejected,2026-07-11,Skill mismatch,B1
S002359,V00412,K02227,2026-03-07,rejected,2026-03-07,Candidate withdrew,C1
S002360,V00412,K00738,2026-03-11,rejected,2026-03-18,Candidate withdrew,B1
S002361,V00412,K03258,2026-03-12,rejected,2026-03-24,Skill mismatch,C1
S002362,V00412,K00135,2026-03-16,rejected,2026-03-16,Candidate withdrew,C1
S002363,V00413,K00468,2026-02-11,rejected,2026-02-19,Candidate withdrew,B2
S002364,V00413,K01629,2026-02-16,rejected,2026-02-23,English level,B2
S002365,V00413,K03188,2026-02-16,rejected,2026-02-25,English level,C1
S002366,V00413,K03176,2026-02-21,rejected,2026-02-21,English level,B2
S002367,V00413,K02502,2026-02-26,hired,2026-03-04,,C1
S002368,V00414,K00809,2026-02-07,rejected,2026-02-10,Client chose other candidate,B2
S002369,V00414,K00854,2026-02-11,offer_declined,2026-02-21,Candidate withdrew,B1
S002370,V00414,K03155,2026-02-14,rejected,2026-02-19,Candidate withdrew,B2
S002371,V00414,K00788,2026-02-19,rejected,2026-02-26,Availability,C1
S002372,V00415,K01240,2026-06-04,rejected,2026-06-04,Client chose other candidate,B2
S002373,V00415,K04090,2026-06-06,hired,2026-06-09,,C2
S002374,V00415,K00417,2026-06-09,rejected,2026-06-14,Client cancelled,B1
S002375,V00415,K03066,2026-06-10,rejected,2026-06-10,English level,C1
S002376,V00415,K01934,2026-06-13,rejected,2026-06-13,Client chose other candidate,C1
S002377,V00416,K01296,2026-01-10,hired,2026-01-22,,C1
S002378,V00416,K03013,2026-01-12,rejected,2026-01-14,Rate expectation,B2
S002379,V00416,K02706,2026-01-15,rejected,2026-01-28,Availability,C1
S002380,V00416,K00956,2026-01-19,rejected,2026-01-20,English level,B1
S002381,V00416,K01742,2026-01-21,rejected,2026-01-24,English level,B2
S002382,V00416,K01178,2026-01-20,rejected,2026-01-20,English level,C2
S002383,V00416,K03503,2026-01-25,rejected,2026-01-25,Client cancelled,B2
S002384,V00417,K01107,2026-07-06,rejected,2026-07-06,Client cancelled,C1
S002385,V00417,K00631,2026-07-11,rejected,2026-07-11,Client cancelled,B2
S002386,V00417,K03176,2026-07-14,rejected,2026-07-14,Client cancelled,B2
S002387,V00417,K00636,2026-07-19,client_review,2026-07-19,,C2
S002388,V00417,K00469,2026-07-22,rejected,2026-07-22,Skill mismatch,C1
S002389,V00417,K02546,2026-07-24,rejected,2026-07-24,Skill mismatch,B2
S002390,V00418,K00503,2026-04-14,hired,2026-04-28,,C1
S002391,V00418,K01174,2026-04-16,rejected,2026-04-16,English level,C1
S002392,V00418,K03226,2026-04-22,rejected,2026-04-22,Availability,C1
S002393,V00418,K03057,2026-04-28,rejected,2026-05-04,Client cancelled,B2
S002394,V00418,K04081,2026-04-30,rejected,2026-04-30,English level,B1
S002395,V00418,K00350,2026-05-04,rejected,2026-05-09,Client cancelled,B2
S002396,V00419,K03751,2026-07-15,rejected,2026-07-15,Candidate withdrew,B2
S002397,V00419,K01257,2026-07-18,client_review,2026-07-18,,B2
S002398,V00419,K01566,2026-07-22,offer_declined,2026-07-27,Candidate withdrew,B2
S002399,V00420,K01978,2026-02-07,rejected,2026-02-12,Skill mismatch,C1
S002400,V00420,K00568,2026-02-11,rejected,2026-02-11,Skill mismatch,B1
S002401,V00420,K03234,2026-02-15,rejected,2026-02-15,Skill mismatch,B2
S002402,V00420,K03290,2026-02-18,rejected,2026-02-18,Rate expectation,C2
S002403,V00421,K02772,2026-01-31,rejected,2026-02-08,Client cancelled,C1
S002404,V00421,K02129,2026-02-05,rejected,2026-02-07,Candidate withdrew,B2
S002405,V00421,K03256,2026-02-08,rejected,2026-02-15,Client chose other candidate,B2
S002406,V00421,K01070,2026-02-14,rejected,2026-02-14,Availability,C1
S002407,V00421,K01065,2026-02-19,rejected,2026-02-19,Availability,C2
S002408,V00421,K00745,2026-02-21,rejected,2026-02-21,Skill mismatch,C1
S002409,V00421,K03445,2026-02-27,rejected,2026-03-05,Skill mismatch,C1
S002410,V00421,K02593,2026-03-02,rejected,2026-03-11,Client cancelled,C1
S002411,V00421,K02823,2026-03-05,hired,2026-03-17,,C2
S002412,V00421,K03521,2026-03-09,rejected,2026-03-09,Client chose other candidate,B2
S002413,V00422,K00518,2026-04-13,rejected,2026-04-16,Client chose other candidate,C1
S002414,V00422,K04058,2026-04-15,hired,2026-04-25,,C1
S002415,V00422,K02890,2026-04-19,rejected,2026-04-19,Rate expectation,C1
S002416,V00422,K03101,2026-04-22,rejected,2026-04-24,Rate expectation,C1
S002417,V00422,K01811,2026-04-25,rejected,2026-05-05,Client chose other candidate,C1
S002418,V00422,K03639,2026-04-28,rejected,2026-05-01,Candidate withdrew,B2
S002419,V00422,K01047,2026-05-01,rejected,2026-05-13,English level,B2
S002420,V00422,K01783,2026-05-02,rejected,2026-05-02,Candidate withdrew,C2
S002421,V00422,K01431,2026-05-06,rejected,2026-05-08,Skill mismatch,B1
S002422,V00423,K03825,2026-05-30,rejected,2026-05-30,English level,B2
S002423,V00423,K00899,2026-06-06,hired,2026-06-21,,B2
S002424,V00423,K03785,2026-06-06,rejected,2026-06-06,Rate expectation,C1
S002425,V00423,K03648,2026-06-10,rejected,2026-06-15,Client chose other candidate,C1
S002426,V00423,K03440,2026-06-15,rejected,2026-06-19,Availability,C1
S002427,V00423,K01959,2026-06-18,rejected,2026-06-18,Skill mismatch,B2
S002428,V00424,K02286,2026-06-20,hired,2026-07-01,,C1
S002429,V00424,K04081,2026-06-21,rejected,2026-06-23,Client chose other candidate,B1
S002430,V00424,K00103,2026-06-25,rejected,2026-06-25,Rate expectation,B2
S002431,V00424,K01624,2026-06-26,rejected,2026-06-26,Skill mismatch,B2
S002432,V00424,K01283,2026-07-02,rejected,2026-07-02,Candidate withdrew,B2
S002433,V00424,K00014,2026-07-08,rejected,2026-07-17,English level,C1
S002434,V00424,K00257,2026-07-08,rejected,2026-07-08,English level,C2
S002435,V00424,K02170,2026-07-14,rejected,2026-07-16,Candidate withdrew,C1
S002436,V00425,K03285,2026-02-05,rejected,2026-02-15,Client cancelled,C1
S002437,V00425,K01083,2026-02-09,hired,2026-02-17,,B2
S002438,V00425,K00102,2026-02-14,rejected,2026-02-14,English level,B2
S002439,V00425,K03606,2026-02-16,rejected,2026-02-16,English level,B2
S002440,V00425,K00955,2026-02-19,rejected,2026-02-19,Candidate withdrew,B2
S002441,V00425,K01605,2026-02-23,rejected,2026-02-23,Candidate withdrew,B1
S002442,V00426,K00053,2026-05-23,hired,2026-05-29,,B2
S002443,V00426,K03919,2026-05-27,rejected,2026-06-08,English level,B2
S002444,V00426,K01010,2026-06-01,rejected,2026-06-01,Client cancelled,C2
S002445,V00426,K00763,2026-06-03,rejected,2026-06-03,Availability,C1
S002446,V00426,K03969,2026-06-05,rejected,2026-06-08,Rate expectation,B2
S002447,V00426,K00836,2026-06-10,rejected,2026-06-19,Client chose other candidate,B2
S002448,V00426,K02478,2026-06-12,rejected,2026-06-12,Availability,B2
S002449,V00427,K01782,2026-01-23,rejected,2026-01-23,Skill mismatch,B1
S002450,V00427,K02217,2026-01-24,rejected,2026-01-27,Candidate withdrew,B2
S002451,V00427,K00842,2026-01-29,rejected,2026-02-03,Rate expectation,B1
S002452,V00427,K00085,2026-01-31,rejected,2026-01-31,Skill mismatch,C1
S002453,V00427,K01564,2026-02-03,rejected,2026-02-03,Candidate withdrew,B2
S002454,V00427,K04163,2026-02-05,hired,2026-02-16,,C1
S002455,V00427,K01897,2026-02-10,rejected,2026-02-19,Candidate withdrew,B2
S002456,V00427,K02856,2026-02-13,rejected,2026-02-13,Availability,B2
S002457,V00428,K01118,2026-03-06,rejected,2026-03-06,Candidate withdrew,B2
S002458,V00428,K02259,2026-03-13,rejected,2026-03-13,Skill mismatch,B2
S002459,V00428,K03974,2026-03-15,rejected,2026-03-15,English level,B1
S002460,V00428,K02907,2026-03-17,rejected,2026-03-17,Rate expectation,B2
S002461,V00428,K02870,2026-03-21,rejected,2026-03-26,Client chose other candidate,B2
S002462,V00428,K03233,2026-03-23,rejected,2026-03-23,Client chose other candidate,B1
S002463,V00429,K01735,2026-03-25,rejected,2026-03-26,Availability,C1
S002464,V00429,K00124,2026-03-27,rejected,2026-04-02,Client chose other candidate,C1
S002465,V00429,K02485,2026-03-30,rejected,2026-04-04,Client chose other candidate,C1
S002466,V00429,K01058,2026-04-02,rejected,2026-04-02,Client chose other candidate,B2
S002467,V00429,K03825,2026-04-05,offer_declined,2026-04-11,Candidate withdrew,B2
S002468,V00429,K02812,2026-04-10,rejected,2026-04-10,Availability,B2
S002469,V00429,K01528,2026-04-14,rejected,2026-04-14,Rate expectation,C1
S002470,V00429,K03176,2026-04-16,hired,2026-04-28,,B2
S002471,V00429,K04000,2026-04-20,rejected,2026-04-20,English level,C2
S002472,V00430,K03422,2026-07-19,rejected,2026-07-19,English level,B1
S002473,V00431,K04174,2026-02-07,rejected,2026-02-07,English level,C1
S002474,V00431,K00739,2026-02-09,rejected,2026-02-09,Client cancelled,B2
S002475,V00431,K00096,2026-02-17,rejected,2026-02-17,Rate expectation,B2
S002476,V00431,K02016,2026-02-16,rejected,2026-02-16,Rate expectation,B1
S002477,V00431,K03494,2026-02-20,rejected,2026-02-23,Availability,C2
S002478,V00431,K03046,2026-02-23,rejected,2026-02-23,Rate expectation,C1
S002479,V00431,K01714,2026-02-28,rejected,2026-02-28,Client chose other candidate,B1
S002480,V00432,K01742,2026-07-25,rejected,2026-07-25,Client chose other candidate,B2
S002481,V00433,K01233,2026-05-04,rejected,2026-05-04,Skill mismatch,B1
S002482,V00433,K02314,2026-05-06,rejected,2026-05-16,Candidate withdrew,B2
S002483,V00433,K02235,2026-05-08,rejected,2026-05-17,Client chose other candidate,B2
S002484,V00433,K03573,2026-05-10,rejected,2026-05-10,Client chose other candidate,B2
S002485,V00433,K00152,2026-05-16,rejected,2026-05-23,Candidate withdrew,B2
S002486,V00433,K03407,2026-05-19,rejected,2026-05-19,Rate expectation,C2
S002487,V00434,K00238,2026-07-01,hired,2026-07-09,,C2
S002488,V00434,K02958,2026-07-02,rejected,2026-07-02,Skill mismatch,B2
S002489,V00434,K04027,2026-07-07,rejected,2026-07-14,Skill mismatch,B2
S002490,V00435,K03019,2026-02-13,rejected,2026-02-21,Skill mismatch,B2
S002491,V00435,K03156,2026-02-15,rejected,2026-02-15,Client cancelled,B1
S002492,V00435,K01989,2026-02-18,rejected,2026-02-18,Rate expectation,B2
S002493,V00435,K02995,2026-02-20,rejected,2026-02-20,Rate expectation,B1
S002494,V00435,K02643,2026-02-22,rejected,2026-02-22,Availability,C1
S002495,V00435,K01850,2026-02-27,rejected,2026-03-06,Rate expectation,B2
S002496,V00436,K02106,2026-03-24,rejected,2026-03-24,Skill mismatch,B2
S002497,V00436,K00211,2026-03-27,rejected,2026-04-02,Client chose other candidate,C1
S002498,V00436,K02471,2026-04-04,rejected,2026-04-04,Skill mismatch,B2
S002499,V00436,K01675,2026-04-08,rejected,2026-04-08,Availability,B2
S002500,V00436,K02799,2026-04-11,rejected,2026-04-11,English level,C2
S002501,V00436,K01025,2026-04-16,rejected,2026-04-16,Availability,C1
S002502,V00436,K01393,2026-04-23,rejected,2026-05-07,Availability,B2
S002503,V00436,K03880,2026-04-24,rejected,2026-04-24,Candidate withdrew,B2
S002504,V00437,K03633,2026-03-17,hired,2026-03-22,,C1
S002505,V00437,K00383,2026-03-23,rejected,2026-03-24,Skill mismatch,B2
S002506,V00437,K02090,2026-03-24,rejected,2026-03-24,Candidate withdrew,B2
S002507,V00438,K00508,2026-07-05,rejected,2026-07-05,English level,C1
S002508,V00438,K00427,2026-07-07,hired,2026-07-18,,B2
S002509,V00438,K03110,2026-07-13,rejected,2026-07-13,Availability,C2
S002510,V00438,K03012,2026-07-14,rejected,2026-07-14,Rate expectation,B2
S002511,V00439,K01921,2026-03-15,rejected,2026-03-21,Rate expectation,C1
S002512,V00439,K00458,2026-03-17,rejected,2026-03-18,Rate expectation,B2
S002513,V00439,K03097,2026-03-21,rejected,2026-03-21,Availability,C1
S002514,V00439,K03172,2026-03-24,rejected,2026-03-26,Client chose other candidate,C2
S002515,V00439,K01544,2026-03-30,rejected,2026-04-06,Skill mismatch,B2
S002516,V00440,K00957,2026-02-05,rejected,2026-02-10,Availability,B2
S002517,V00440,K02637,2026-02-05,rejected,2026-02-05,Rate expectation,B2
S002518,V00441,K02749,2026-07-04,rejected,2026-07-04,Skill mismatch,C2
S002519,V00441,K03144,2026-07-06,rejected,2026-07-11,English level,C1
S002520,V00441,K04052,2026-07-11,hired,2026-07-18,,B2
S002521,V00441,K02323,2026-07-16,rejected,2026-07-24,Client chose other candidate,B2
S002522,V00441,K01353,2026-07-22,rejected,2026-07-22,Availability,C1
S002523,V00441,K00360,2026-07-23,rejected,2026-07-23,Rate expectation,B2
S002524,V00442,K02133,2026-04-09,hired,2026-04-20,,B1
S002525,V00442,K04073,2026-04-09,rejected,2026-04-09,English level,B2
S002526,V00442,K01031,2026-04-16,rejected,2026-04-16,Rate expectation,B2
S002527,V00442,K02750,2026-04-18,rejected,2026-04-26,Client chose other candidate,C1
S002528,V00444,K01993,2026-06-07,hired,2026-06-16,,C2
S002529,V00444,K02530,2026-06-11,rejected,2026-06-11,Client cancelled,C1
S002530,V00444,K00857,2026-06-14,rejected,2026-06-25,English level,C1
S002531,V00444,K01575,2026-06-17,rejected,2026-06-27,English level,C2
S002532,V00444,K03754,2026-06-21,rejected,2026-06-21,Rate expectation,B1
S002533,V00444,K01075,2026-06-22,rejected,2026-06-26,Client cancelled,B2
S002534,V00444,K01397,2026-06-28,rejected,2026-06-29,Client chose other candidate,B2
S002535,V00444,K01678,2026-06-28,rejected,2026-06-30,Client chose other candidate,C2
S002536,V00445,K00430,2026-03-26,rejected,2026-03-30,Client chose other candidate,C1
S002537,V00445,K00557,2026-03-30,rejected,2026-03-30,Skill mismatch,B2
S002538,V00445,K01257,2026-04-06,rejected,2026-04-06,Client cancelled,B2
S002539,V00445,K00498,2026-04-08,rejected,2026-04-14,Skill mismatch,B2
S002540,V00445,K01757,2026-04-09,hired,2026-04-22,,B2
S002541,V00445,K03985,2026-04-15,rejected,2026-04-19,Client cancelled,C1
S002542,V00447,K01884,2026-06-28,rejected,2026-07-09,English level,C1
S002543,V00447,K02797,2026-07-01,rejected,2026-07-08,Client chose other candidate,B2
S002544,V00447,K00131,2026-07-05,rejected,2026-07-05,Rate expectation,B2
S002545,V00447,K02088,2026-07-06,rejected,2026-07-06,Client chose other candidate,B2
S002546,V00447,K00940,2026-07-11,rejected,2026-07-16,Client chose other candidate,C2
S002547,V00447,K03209,2026-07-16,rejected,2026-07-22,Client chose other candidate,C1
S002548,V00447,K00849,2026-07-17,rejected,2026-07-17,Skill mismatch,C1
S002549,V00447,K00797,2026-07-19,client_review,2026-07-19,,C1
S002550,V00448,K00572,2026-07-16,rejected,2026-07-16,Availability,B2
S002551,V00448,K02635,2026-07-20,rejected,2026-07-20,Client cancelled,B1
S002552,V00448,K01470,2026-07-22,rejected,2026-07-22,Client chose other candidate,C2
S002553,V00448,K02938,2026-07-26,rejected,2026-07-26,Availability,B1
S002554,V00449,K03714,2026-06-16,rejected,2026-06-16,Client chose other candidate,B1
S002555,V00449,K00838,2026-06-18,rejected,2026-06-23,Client cancelled,C1
S002556,V00449,K02098,2026-06-22,rejected,2026-06-22,Rate expectation,B2
S002557,V00449,K00035,2026-06-24,rejected,2026-07-05,Client chose other candidate,B2
S002558,V00449,K02618,2026-06-28,rejected,2026-06-28,Candidate withdrew,B2
S002559,V00450,K03658,2026-03-11,hired,2026-03-13,,B2
S002560,V00450,K02650,2026-03-13,rejected,2026-03-22,Availability,C1
S002561,V00450,K00167,2026-03-13,rejected,2026-03-21,Client cancelled,B2
S002562,V00450,K00865,2026-03-17,rejected,2026-03-17,English level,C2
S002563,V00450,K03405,2026-03-21,rejected,2026-03-21,Candidate withdrew,B2
S002564,V00450,K02361,2026-03-23,rejected,2026-03-23,Client cancelled,B2
S002565,V00451,K00742,2026-05-08,rejected,2026-05-08,Availability,B1
S002566,V00451,K03330,2026-05-11,rejected,2026-05-11,Skill mismatch,B2
S002567,V00451,K03360,2026-05-17,rejected,2026-05-17,Rate expectation,B2
S002568,V00452,K00603,2026-05-17,rejected,2026-05-17,Client cancelled,C2
S002569,V00452,K03901,2026-05-22,offer_declined,2026-06-01,Candidate withdrew,C1
S002570,V00452,K01113,2026-05-26,rejected,2026-05-26,Skill mismatch,B2
S002571,V00452,K03457,2026-05-28,rejected,2026-05-28,Client cancelled,B2
S002572,V00453,K03258,2026-05-12,hired,2026-05-22,,C1
S002573,V00453,K04154,2026-05-16,rejected,2026-05-17,Client cancelled,C2
S002574,V00453,K03150,2026-05-21,rejected,2026-05-21,Skill mismatch,C1
S002575,V00453,K02651,2026-05-26,rejected,2026-05-26,Rate expectation,B1
S002576,V00453,K01293,2026-05-27,rejected,2026-05-28,Candidate withdrew,C1
S002577,V00453,K00701,2026-05-31,rejected,2026-06-05,English level,B2
S002578,V00454,K01116,2026-03-22,rejected,2026-03-22,Client cancelled,B2
S002579,V00454,K02429,2026-03-24,rejected,2026-03-31,Rate expectation,C2
S002580,V00454,K01282,2026-03-29,rejected,2026-03-29,Rate expectation,B1
S002581,V00454,K01851,2026-04-05,rejected,2026-04-12,Candidate withdrew,B1
S002582,V00454,K01051,2026-04-11,rejected,2026-04-11,Candidate withdrew,C1
S002583,V00454,K00917,2026-04-14,rejected,2026-04-23,Client cancelled,C1
S002584,V00454,K02212,2026-04-16,hired,2026-04-25,,B1
S002585,V00455,K02193,2026-04-08,hired,2026-04-19,,C2
S002586,V00455,K03447,2026-04-11,rejected,2026-04-12,Candidate withdrew,B2
S002587,V00455,K01620,2026-04-16,rejected,2026-04-16,Skill mismatch,B2
S002588,V00456,K02466,2026-04-20,offer_declined,2026-04-28,Candidate withdrew,C1
S002589,V00456,K02203,2026-04-22,rejected,2026-04-22,Candidate withdrew,C1
S002590,V00456,K00723,2026-04-24,rejected,2026-04-24,Skill mismatch,B2
S002591,V00456,K00140,2026-04-26,rejected,2026-04-26,Client cancelled,B2
S002592,V00456,K00236,2026-04-29,offer_declined,2026-05-13,Candidate withdrew,C2
S002593,V00457,K01008,2026-04-02,rejected,2026-04-02,Candidate withdrew,B2
S002594,V00457,K02115,2026-04-08,rejected,2026-04-17,Candidate withdrew,B2
S002595,V00457,K03056,2026-04-18,rejected,2026-04-18,English level,C1
S002596,V00457,K00733,2026-04-20,rejected,2026-04-20,Client chose other candidate,B2
S002597,V00457,K02150,2026-04-29,rejected,2026-04-29,Skill mismatch,B2
S002598,V00457,K02050,2026-05-02,rejected,2026-05-02,English level,B2
S002599,V00458,K03776,2026-06-25,hired,2026-07-04,,C1
S002600,V00458,K03190,2026-07-02,rejected,2026-07-02,Availability,B2
S002601,V00458,K01542,2026-07-07,rejected,2026-07-07,Rate expectation,B2
S002602,V00458,K02739,2026-07-10,rejected,2026-07-10,English level,B1
S002603,V00458,K03407,2026-07-15,rejected,2026-07-24,Client chose other candidate,C2
S002604,V00458,K02596,2026-07-22,client_review,2026-07-22,,B2
S002605,V00458,K02076,2026-07-22,rejected,2026-07-22,English level,C2
S002606,V00459,K02155,2026-07-11,rejected,2026-07-11,Skill mismatch,C1
S002607,V00459,K01943,2026-07-15,rejected,2026-07-15,Rate expectation,B2
S002608,V00459,K00666,2026-07-15,rejected,2026-07-23,Candidate withdrew,B1
S002609,V00459,K02400,2026-07-20,client_review,2026-07-20,,B1
S002610,V00459,K02868,2026-07-22,rejected,2026-07-22,English level,B1
S002611,V00459,K00918,2026-07-25,rejected,2026-07-25,Skill mismatch,B2
S002612,V00460,K03933,2026-05-01,hired,2026-05-15,,C1
S002613,V00460,K02748,2026-05-06,rejected,2026-05-06,Availability,C1
S002614,V00460,K03596,2026-05-07,rejected,2026-05-10,Skill mismatch,C2
S002615,V00460,K02391,2026-05-11,rejected,2026-05-11,Client chose other candidate,B2
S002616,V00460,K00530,2026-05-14,rejected,2026-05-17,English level,C1
S002617,V00461,K01069,2026-04-21,rejected,2026-04-21,Availability,B1
S002618,V00461,K03011,2026-04-24,rejected,2026-04-24,Client cancelled,C1
S002619,V00461,K01677,2026-04-27,hired,2026-05-05,,C2
S002620,V00462,K02895,2026-06-28,rejected,2026-07-07,Skill mismatch,B2
S002621,V00462,K03430,2026-07-02,hired,2026-07-11,,B1
S002622,V00462,K02748,2026-07-03,rejected,2026-07-03,Client chose other candidate,C1
S002623,V00462,K01936,2026-07-10,rejected,2026-07-10,Skill mismatch,B2
S002624,V00462,K01302,2026-07-11,rejected,2026-07-11,Skill mismatch,B2
S002625,V00462,K03532,2026-07-16,rejected,2026-07-21,Client chose other candidate,C2
S002626,V00463,K01473,2026-06-17,rejected,2026-06-17,Client chose other candidate,C1
S002627,V00463,K02789,2026-06-18,rejected,2026-06-18,English level,C2
S002628,V00463,K00849,2026-06-20,rejected,2026-06-20,Rate expectation,C1
S002629,V00463,K03910,2026-06-25,rejected,2026-06-25,Client chose other candidate,C1
S002630,V00464,K02294,2026-06-21,rejected,2026-06-23,English level,C1
S002631,V00464,K03980,2026-06-20,rejected,2026-06-20,English level,B2
S002632,V00464,K02883,2026-06-25,rejected,2026-06-25,English level,B2
S002633,V00464,K01456,2026-06-29,hired,2026-07-10,,C1
S002634,V00464,K03238,2026-06-29,rejected,2026-07-06,Rate expectation,B1
S002635,V00464,K01259,2026-07-03,rejected,2026-07-03,Availability,C1
S002636,V00464,K00106,2026-07-05,rejected,2026-07-05,Availability,B2
S002637,V00464,K02284,2026-07-09,rejected,2026-07-09,Skill mismatch,B1
S002638,V00465,K03580,2026-05-05,rejected,2026-05-05,Rate expectation,B2
S002639,V00465,K01836,2026-05-02,rejected,2026-05-02,Availability,C1
S002640,V00465,K00846,2026-05-17,rejected,2026-05-18,Client cancelled,B1
S002641,V00465,K02774,2026-05-22,rejected,2026-05-28,English level,C1
S002642,V00465,K02649,2026-05-28,rejected,2026-05-28,Client cancelled,B1
S002643,V00465,K04044,2026-05-31,rejected,2026-05-31,English level,C2
S002644,V00465,K00866,2026-06-07,offer_declined,2026-06-13,Candidate withdrew,C2
S002645,V00465,K00376,2026-06-17,rejected,2026-06-17,Rate expectation,B2
S002646,V00465,K03591,2026-06-20,hired,2026-07-02,,B2
S002647,V00466,K01385,2026-03-28,rejected,2026-03-31,Candidate withdrew,C1
S002648,V00466,K02336,2026-04-01,rejected,2026-04-01,Availability,B2
S002649,V00466,K01293,2026-04-03,rejected,2026-04-03,Client cancelled,C1
S002650,V00466,K01273,2026-04-08,rejected,2026-04-08,English level,B1
S002651,V00466,K01619,2026-04-10,rejected,2026-04-10,Availability,B1
S002652,V00466,K00124,2026-04-12,rejected,2026-04-19,Rate expectation,C1
S002653,V00467,K01500,2026-06-15,rejected,2026-06-15,English level,B1
S002654,V00467,K00685,2026-06-15,rejected,2026-06-15,Availability,B2
S002655,V00467,K02575,2026-06-21,rejected,2026-06-21,Availability,B2
S002656,V00467,K01793,2026-06-22,rejected,2026-06-27,Client chose other candidate,C1
S002657,V00467,K02284,2026-06-26,rejected,2026-07-04,Availability,B1
S002658,V00467,K02345,2026-06-30,rejected,2026-07-06,Client cancelled,B2
S002659,V00467,K00643,2026-07-02,rejected,2026-07-09,Skill mismatch,B2
S002660,V00468,K02347,2026-06-26,hired,2026-07-01,,B1
S002661,V00468,K00816,2026-06-28,rejected,2026-06-28,English level,B2
S002662,V00469,K00485,2026-07-17,rejected,2026-07-17,Candidate withdrew,B1
S002663,V00469,K01362,2026-07-18,rejected,2026-07-22,Candidate withdrew,B2
S002664,V00470,K03547,2026-05-20,rejected,2026-05-28,Candidate withdrew,B2
S002665,V00470,K00032,2026-05-24,rejected,2026-05-24,English level,B1
S002666,V00470,K02542,2026-05-27,offer_declined,2026-06-04,Candidate withdrew,C1
S002667,V00470,K01125,2026-05-29,rejected,2026-05-29,Skill mismatch,B1
S002668,V00470,K01464,2026-06-01,rejected,2026-06-01,Candidate withdrew,C2
S002669,V00470,K03186,2026-06-06,hired,2026-06-21,,C1
S002670,V00470,K03069,2026-06-07,rejected,2026-06-11,Client cancelled,B2
S002671,V00470,K00153,2026-06-10,rejected,2026-06-10,Availability,B1
S002672,V00471,K00579,2026-04-28,offer_declined,2026-05-03,Candidate withdrew,C1
S002673,V00471,K03936,2026-05-04,rejected,2026-05-04,English level,B2
S002674,V00471,K03105,2026-05-09,hired,2026-05-21,,C1
S002675,V00471,K04130,2026-05-13,rejected,2026-05-13,Client cancelled,B2
S002676,V00472,K01959,2026-06-01,rejected,2026-06-01,Client chose other candidate,B2
S002677,V00472,K00559,2026-06-06,rejected,2026-06-06,English level,B1
S002678,V00472,K00361,2026-06-11,rejected,2026-06-11,Client cancelled,B2
S002679,V00472,K00135,2026-06-12,rejected,2026-06-19,Availability,C1
S002680,V00472,K00826,2026-06-16,hired,2026-06-29,,B2
S002681,V00472,K02758,2026-06-23,rejected,2026-06-29,English level,B2
S002682,V00472,K00278,2026-06-24,rejected,2026-06-24,Rate expectation,C2
S002683,V00472,K01204,2026-06-29,rejected,2026-06-29,Client cancelled,B1
S002684,V00473,K01509,2026-07-10,rejected,2026-07-16,Client chose other candidate,B2
S002685,V00473,K02625,2026-07-13,rejected,2026-07-13,Rate expectation,B2
S002686,V00473,K02976,2026-07-16,hired,2026-07-24,,C1
S002687,V00473,K03277,2026-07-20,rejected,2026-07-20,Availability,B2
S002688,V00473,K02352,2026-07-24,rejected,2026-07-24,Availability,C1
S002689,V00473,K04193,2026-07-25,client_review,2026-07-25,,C2
S002690,V00474,K03098,2026-06-11,hired,2026-06-23,,C2
S002691,V00474,K02474,2026-06-14,rejected,2026-06-14,Client chose other candidate,B2
S002692,V00474,K01525,2026-06-19,rejected,2026-06-19,Client cancelled,C1
S002693,V00474,K03344,2026-06-22,rejected,2026-06-22,Candidate withdrew,B1
S002694,V00475,K03509,2026-04-26,rejected,2026-04-26,Candidate withdrew,B2
S002695,V00475,K01236,2026-05-02,rejected,2026-05-04,Client cancelled,B2
S002696,V00475,K03831,2026-05-06,rejected,2026-05-07,Client chose other candidate,C2
S002697,V00475,K04106,2026-05-09,rejected,2026-05-09,Rate expectation,C1
S002698,V00475,K00050,2026-05-14,rejected,2026-05-17,English level,C1
S002699,V00475,K02450,2026-05-18,hired,2026-05-21,,C1
S002700,V00475,K01319,2026-05-20,rejected,2026-05-20,Candidate withdrew,B2
S002701,V00476,K03660,2026-05-25,offer_declined,2026-06-02,Candidate withdrew,C2
S002702,V00476,K00222,2026-05-28,rejected,2026-05-28,Client cancelled,C1
S002703,V00476,K03432,2026-06-02,rejected,2026-06-03,Client cancelled,C2
S002704,V00476,K03006,2026-06-04,rejected,2026-06-04,English level,B2
S002705,V00476,K01465,2026-06-07,hired,2026-06-17,,B2
S002706,V00477,K01215,2026-04-26,rejected,2026-04-26,Rate expectation,C2
S002707,V00477,K03515,2026-05-01,rejected,2026-05-01,Client chose other candidate,B1
S002708,V00477,K02787,2026-05-02,hired,2026-05-11,,B2
S002709,V00477,K00021,2026-05-06,rejected,2026-05-06,Candidate withdrew,C1
S002710,V00477,K00865,2026-05-12,rejected,2026-05-12,Skill mismatch,C2
S002711,V00477,K02193,2026-05-14,rejected,2026-05-17,English level,C2
S002712,V00477,K01528,2026-05-19,rejected,2026-05-25,English level,C1
S002713,V00477,K02903,2026-05-21,rejected,2026-05-28,Rate expectation,C1
S002714,V00477,K03355,2026-05-23,rejected,2026-05-23,Candidate withdrew,B2
S002715,V00478,K02516,2026-05-15,rejected,2026-05-19,Client chose other candidate,B2
S002716,V00478,K02170,2026-05-20,hired,2026-05-26,,C1
S002717,V00478,K03179,2026-05-22,rejected,2026-05-22,Candidate withdrew,C1
S002718,V00478,K02061,2026-05-28,rejected,2026-06-01,Client chose other candidate,B2
S002719,V00478,K03893,2026-05-31,rejected,2026-06-05,Client cancelled,B2
S002720,V00478,K00860,2026-06-03,rejected,2026-06-03,Availability,B2
S002721,V00478,K02062,2026-06-07,rejected,2026-06-07,Rate expectation,B2
S002722,V00478,K03170,2026-06-12,rejected,2026-06-17,Candidate withdrew,C2
S002723,V00478,K02559,2026-06-16,rejected,2026-06-16,Skill mismatch,C1
S002724,V00478,K01571,2026-06-17,rejected,2026-06-22,Candidate withdrew,B2
S002725,V00478,K03143,2026-06-20,rejected,2026-06-20,Rate expectation,C1
S002726,V00479,K03591,2026-04-22,rejected,2026-04-22,English level,B2
S002727,V00479,K00239,2026-05-05,hired,2026-05-11,,C2
S002728,V00479,K00556,2026-05-07,rejected,2026-05-15,Client chose other candidate,C1
S002729,V00479,K01818,2026-05-13,rejected,2026-05-13,English level,B2
S002730,V00479,K03964,2026-05-22,rejected,2026-05-26,English level,B1
S002731,V00479,K01801,2026-05-25,rejected,2026-06-01,Candidate withdrew,C2
S002732,V00479,K02879,2026-06-02,rejected,2026-06-08,Rate expectation,C1
S002733,V00479,K03398,2026-06-04,rejected,2026-06-04,Client cancelled,B2
S002734,V00479,K03452,2026-06-06,rejected,2026-06-12,Client chose other candidate,C1
S002735,V00480,K02584,2026-06-03,rejected,2026-06-03,Rate expectation,B1
S002736,V00480,K00148,2026-06-12,rejected,2026-06-17,English level,C1
S002737,V00480,K03136,2026-06-20,rejected,2026-06-20,Availability,C1
S002738,V00480,K02072,2026-06-21,rejected,2026-06-23,Availability,C2
S002739,V00480,K01311,2026-06-29,rejected,2026-06-29,Skill mismatch,B1
S002740,V00480,K01797,2026-07-04,rejected,2026-07-10,English level,B2
S002741,V00480,K02685,2026-07-13,hired,2026-07-26,,C1
S002742,V00480,K02696,2026-07-15,rejected,2026-07-15,English level,B1
S002743,V00481,K02390,2026-04-29,rejected,2026-04-29,Skill mismatch,B1
S002744,V00481,K03332,2026-05-03,rejected,2026-05-03,Rate expectation,B1
S002745,V00481,K02526,2026-05-07,hired,2026-05-18,,B2
S002746,V00481,K02356,2026-05-08,rejected,2026-05-14,Client cancelled,C1
S002747,V00481,K02362,2026-05-13,rejected,2026-05-19,Candidate withdrew,C2
S002748,V00481,K01268,2026-05-14,rejected,2026-05-14,Availability,B1
S002749,V00482,K00883,2026-05-03,rejected,2026-05-03,Rate expectation,B2
S002750,V00483,K03318,2026-06-09,rejected,2026-06-09,Rate expectation,B1
S002751,V00483,K02124,2026-06-15,rejected,2026-06-15,Skill mismatch,B2
S002752,V00483,K04042,2026-06-19,rejected,2026-06-23,Rate expectation,B1
S002753,V00483,K00174,2026-06-21,rejected,2026-06-24,Availability,B2
S002754,V00483,K01330,2026-06-25,rejected,2026-07-02,Client chose other candidate,C1
S002755,V00485,K02122,2026-06-01,rejected,2026-06-04,Client chose other candidate,C2
S002756,V00485,K03636,2026-06-10,rejected,2026-06-10,Rate expectation,B2
S002757,V00485,K00975,2026-06-20,rejected,2026-06-20,Client chose other candidate,C1
S002758,V00485,K01022,2026-06-23,rejected,2026-06-30,Availability,C1
S002759,V00486,K02334,2026-04-06,rejected,2026-04-06,English level,B1
S002760,V00486,K01646,2026-04-08,hired,2026-04-21,,B2
S002761,V00487,K01867,2026-05-19,rejected,2026-05-19,English level,B1
S002762,V00487,K02722,2026-05-21,hired,2026-05-24,,C1
S002763,V00487,K02792,2026-05-26,rejected,2026-05-26,Skill mismatch,B2
S002764,V00487,K01538,2026-06-01,rejected,2026-06-01,Candidate withdrew,B2
S002765,V00487,K02779,2026-06-07,rejected,2026-06-07,English level,B2
S002766,V00488,K03166,2026-05-17,offer_declined,2026-05-26,Candidate withdrew,C1
S002767,V00488,K02363,2026-05-19,rejected,2026-05-21,English level,C1
S002768,V00488,K03418,2026-05-21,rejected,2026-05-26,Rate expectation,C1
S002769,V00488,K00145,2026-05-28,rejected,2026-05-28,Rate expectation,C1
S002770,V00488,K01166,2026-05-27,hired,2026-06-06,,B1
S002771,V00488,K01431,2026-06-02,rejected,2026-06-02,Rate expectation,B1
S002772,V00488,K00614,2026-06-01,rejected,2026-06-01,Candidate withdrew,B1
S002773,V00488,K00222,2026-06-04,rejected,2026-06-12,English level,C1
S002774,V00489,K00543,2026-07-05,rejected,2026-07-10,Rate expectation,B2
S002775,V00489,K04200,2026-07-08,rejected,2026-07-08,Client chose other candidate,C1
S002776,V00489,K03993,2026-07-16,rejected,2026-07-19,Client cancelled,B2
S002777,V00489,K01595,2026-07-17,rejected,2026-07-17,Skill mismatch,B2
S002778,V00489,K04201,2026-07-24,rejected,2026-07-24,English level,B1
S002779,V00489,K02897,2026-07-25,client_review,2026-07-25,,B2
S002780,V00490,K02494,2026-03-28,hired,2026-04-08,,C2
S002781,V00490,K00200,2026-03-28,rejected,2026-04-02,Availability,C1
S002782,V00490,K00744,2026-04-01,rejected,2026-04-01,English level,C1
S002783,V00490,K01868,2026-04-07,rejected,2026-04-10,Skill mismatch,B2
S002784,V00490,K02257,2026-04-08,rejected,2026-04-12,English level,C1
S002785,V00490,K04080,2026-04-12,rejected,2026-04-12,Availability,C1
S002786,V00490,K01124,2026-04-15,rejected,2026-04-15,Skill mismatch,B2
S002787,V00491,K00116,2026-05-17,rejected,2026-05-17,Candidate withdrew,C2
S002788,V00491,K03469,2026-05-20,rejected,2026-05-20,Candidate withdrew,B1
S002789,V00491,K01275,2026-05-22,rejected,2026-05-22,Candidate withdrew,B2
S002790,V00491,K00487,2026-05-23,rejected,2026-05-23,English level,C1
S002791,V00491,K00163,2026-05-29,rejected,2026-05-29,Skill mismatch,B2
S002792,V00492,K03992,2026-07-10,offer_declined,2026-07-18,Candidate withdrew,B2
S002793,V00492,K02045,2026-07-11,rejected,2026-07-18,Availability,C1
S002794,V00492,K01462,2026-07-17,rejected,2026-07-17,Rate expectation,B1
S002795,V00492,K03697,2026-07-20,client_review,2026-07-20,,C1
S002796,V00493,K01024,2026-03-30,rejected,2026-03-30,Skill mismatch,B2
S002797,V00493,K03044,2026-04-02,rejected,2026-04-09,Rate expectation,B2
S002798,V00493,K02487,2026-04-03,rejected,2026-04-10,English level,C1
S002799,V00493,K03402,2026-04-06,rejected,2026-04-11,Skill mismatch,B2
S002800,V00493,K03024,2026-04-12,hired,2026-04-16,,C2
S002801,V00493,K02718,2026-04-13,rejected,2026-04-19,English level,B2
S002802,V00493,K02044,2026-04-18,rejected,2026-04-18,Candidate withdrew,B2
S002803,V00493,K02064,2026-04-20,rejected,2026-04-24,English level,B2
S002804,V00494,K01111,2026-06-16,rejected,2026-06-16,Availability,B2
S002805,V00494,K00040,2026-06-20,rejected,2026-06-20,Rate expectation,C2
S002806,V00494,K03967,2026-06-26,rejected,2026-06-26,Availability,B1
S002807,V00494,K01577,2026-06-28,rejected,2026-06-28,Client cancelled,B1
S002808,V00494,K02236,2026-07-06,rejected,2026-07-06,Availability,B2
S002809,V00495,K03260,2026-05-15,hired,2026-05-25,,B2
S002810,V00495,K01156,2026-05-23,rejected,2026-05-26,Client chose other candidate,C2
S002811,V00495,K03212,2026-05-30,rejected,2026-05-31,Candidate withdrew,C2
S002812,V00495,K01718,2026-06-03,rejected,2026-06-16,Availability,C1
S002813,V00495,K01213,2026-06-07,rejected,2026-06-07,Rate expectation,B2
S002814,V00496,K03944,2026-04-30,rejected,2026-05-06,Client cancelled,B2
S002815,V00496,K01470,2026-04-30,rejected,2026-05-06,Client cancelled,C2
S002816,V00496,K01719,2026-05-08,rejected,2026-05-19,Client cancelled,C1
S002817,V00496,K00044,2026-05-11,rejected,2026-05-18,English level,B1
S002818,V00496,K03085,2026-05-14,rejected,2026-05-19,English level,B2
S002819,V00497,K01887,2026-07-20,client_review,2026-07-20,,C1
S002820,V00497,K00132,2026-07-22,rejected,2026-07-22,Candidate withdrew,C2
S002821,V00498,K03171,2026-05-26,offer_declined,2026-05-30,Candidate withdrew,B2
S002822,V00498,K02375,2026-05-29,rejected,2026-05-29,Candidate withdrew,C1
S002823,V00498,K01954,2026-06-05,offer_declined,2026-06-15,Candidate withdrew,C2
S002824,V00498,K01928,2026-06-06,rejected,2026-06-06,Client cancelled,C1
S002825,V00498,K00514,2026-06-13,rejected,2026-06-17,Client cancelled,C1
S002826,V00499,K01040,2026-05-22,rejected,2026-05-22,Skill mismatch,B1
S002827,V00499,K00484,2026-05-28,rejected,2026-05-30,Skill mismatch,C1
S002828,V00499,K01303,2026-05-28,rejected,2026-06-02,Rate expectation,C1
S002829,V00499,K03903,2026-06-03,rejected,2026-06-03,Candidate withdrew,B2
S002830,V00499,K03013,2026-06-04,rejected,2026-06-04,Client cancelled,B2
S002831,V00500,K01796,2026-06-18,hired,2026-06-26,,C1
S002832,V00500,K03712,2026-06-19,rejected,2026-06-26,Candidate withdrew,C1
S002833,V00500,K02553,2026-06-24,rejected,2026-07-01,Rate expectation,B2
S002834,V00500,K03795,2026-06-25,rejected,2026-06-25,Availability,C1
S002835,V00500,K02300,2026-06-29,rejected,2026-07-07,Rate expectation,C2
S002836,V00500,K01635,2026-07-01,rejected,2026-07-08,Client cancelled,B1
S002837,V00500,K01214,2026-07-06,rejected,2026-07-13,Rate expectation,C1
S002838,V00501,K00193,2026-05-29,rejected,2026-05-29,Client chose other candidate,C2
S002839,V00501,K03323,2026-06-01,rejected,2026-06-07,Rate expectation,B2
S002840,V00501,K03710,2026-06-03,rejected,2026-06-07,Candidate withdrew,B2
S002841,V00502,K02381,2026-04-06,rejected,2026-04-06,Availability,C1
S002842,V00502,K01049,2026-04-10,rejected,2026-04-10,Client chose other candidate,B1
S002843,V00503,K01786,2026-04-19,rejected,2026-04-19,Rate expectation,B1
S002844,V00503,K04016,2026-04-23,rejected,2026-04-25,Candidate withdrew,B1
S002845,V00503,K02164,2026-04-25,rejected,2026-04-25,Availability,C2
S002846,V00503,K01178,2026-04-30,hired,2026-05-09,,C2
S002847,V00503,K03921,2026-05-04,rejected,2026-05-05,Rate expectation,B2
S002848,V00504,K00841,2026-06-27,rejected,2026-06-27,Client chose other candidate,B2
S002849,V00504,K03966,2026-07-01,rejected,2026-07-03,Availability,B2
S002850,V00504,K03704,2026-07-10,offer_declined,2026-07-19,Candidate withdrew,C1
S002851,V00504,K01617,2026-07-10,rejected,2026-07-10,Skill mismatch,B1
S002852,V00504,K02654,2026-07-21,rejected,2026-07-21,Client cancelled,C2
S002853,V00505,K01468,2026-05-14,rejected,2026-05-14,Rate expectation,C1
S002854,V00505,K03407,2026-05-19,rejected,2026-05-19,Availability,C2
S002855,V00505,K00279,2026-05-22,rejected,2026-05-25,English level,B2
S002856,V00505,K04155,2026-05-25,rejected,2026-05-31,Skill mismatch,B1
S002857,V00505,K04134,2026-06-02,rejected,2026-06-02,Client chose other candidate,C1
S002858,V00505,K00714,2026-06-04,rejected,2026-06-04,Availability,C1
S002859,V00505,K00269,2026-06-10,rejected,2026-06-10,Skill mismatch,B1
S002860,V00505,K01512,2026-06-14,rejected,2026-06-14,Rate expectation,B2
S002861,V00506,K01520,2026-05-17,rejected,2026-05-17,English level,B2
S002862,V00506,K00861,2026-05-20,rejected,2026-05-20,Client chose other candidate,C1
S002863,V00506,K00587,2026-05-24,rejected,2026-05-31,Availability,B2
S002864,V00506,K03152,2026-05-27,rejected,2026-05-27,Client chose other candidate,B2
S002865,V00506,K00561,2026-05-30,rejected,2026-05-31,Client chose other candidate,B2
S002866,V00506,K00673,2026-06-02,rejected,2026-06-02,Client chose other candidate,B2
S002867,V00506,K00057,2026-06-05,rejected,2026-06-05,Candidate withdrew,C2
S002868,V00506,K04144,2026-06-09,rejected,2026-06-09,Rate expectation,B2
S002869,V00507,K01951,2026-05-03,rejected,2026-05-03,Availability,B1
S002870,V00507,K00349,2026-05-06,rejected,2026-05-06,Candidate withdrew,B2
S002871,V00507,K02721,2026-05-09,hired,2026-05-20,,B2
S002872,V00507,K04076,2026-05-13,rejected,2026-05-19,Availability,C1
S002873,V00507,K03182,2026-05-14,rejected,2026-05-17,Availability,C1
S002874,V00507,K02568,2026-05-19,rejected,2026-05-19,Skill mismatch,B1
S002875,V00507,K03006,2026-05-18,rejected,2026-05-23,Rate expectation,B2
S002876,V00508,K02668,2026-04-09,rejected,2026-04-09,Client cancelled,B2
S002877,V00508,K01172,2026-04-20,rejected,2026-04-20,Availability,B2
S002878,V00508,K03799,2026-04-24,hired,2026-04-26,,C1
S002879,V00509,K00643,2026-05-15,rejected,2026-05-21,Candidate withdrew,B2
S002880,V00509,K00839,2026-05-19,rejected,2026-05-23,Skill mismatch,C1
S002881,V00509,K00985,2026-05-20,rejected,2026-05-20,Client chose other candidate,B2
S002882,V00509,K01969,2026-05-23,rejected,2026-06-02,Rate expectation,C1
S002883,V00509,K01206,2026-05-25,hired,2026-06-02,,C1
S002884,V00509,K01754,2026-05-30,rejected,2026-06-05,Candidate withdrew,C2
S002885,V00509,K02266,2026-06-01,rejected,2026-06-01,Candidate withdrew,B2
S002886,V00509,K01627,2026-06-05,rejected,2026-06-05,Skill mismatch,B2
S002887,V00510,K02074,2026-04-21,rejected,2026-04-21,Client cancelled,B2
S002888,V00510,K04138,2026-04-25,rejected,2026-04-28,Candidate withdrew,C1
S002889,V00510,K02446,2026-05-03,rejected,2026-05-11,Skill mismatch,C2
S002890,V00510,K00307,2026-05-05,rejected,2026-05-05,English level,B1
S002891,V00510,K00733,2026-05-15,rejected,2026-05-21,Client chose other candidate,B2
S002892,V00510,K00058,2026-05-23,rejected,2026-05-23,Skill mismatch,C1
S002893,V00510,K00665,2026-05-23,hired,2026-06-05,,C1
S002894,V00510,K00994,2026-06-04,rejected,2026-06-04,Availability,C1
S002895,V00511,K02154,2026-06-22,rejected,2026-07-01,Rate expectation,C1
S002896,V00511,K02606,2026-06-29,hired,2026-07-07,,B2
S002897,V00511,K00636,2026-07-01,rejected,2026-07-01,Client cancelled,C2
S002898,V00511,K02841,2026-07-05,rejected,2026-07-10,Skill mismatch,C2
S002899,V00511,K00884,2026-07-07,rejected,2026-07-07,Candidate withdrew,C2
S002900,V00511,K03219,2026-07-11,rejected,2026-07-17,Availability,C1
S002901,V00511,K02296,2026-07-14,rejected,2026-07-14,English level,B2
S002902,V00512,K01758,2026-07-03,rejected,2026-07-10,Client chose other candidate,B2
S002903,V00512,K00088,2026-07-11,rejected,2026-07-11,Rate expectation,B1
S002904,V00512,K02544,2026-07-15,rejected,2026-07-15,Availability,B2
S002905,V00512,K00152,2026-07-17,rejected,2026-07-17,English level,B2
S002906,V00512,K00514,2026-07-22,offer_declined,2026-07-30,Candidate withdrew,C1
S002907,V00513,K00322,2026-06-29,rejected,2026-06-29,Availability,B2
S002908,V00513,K02349,2026-06-29,rejected,2026-06-29,English level,C2
S002909,V00513,K03798,2026-07-02,rejected,2026-07-12,English level,B2
S002910,V00513,K02129,2026-07-07,rejected,2026-07-07,English level,B2
S002911,V00513,K03064,2026-07-09,hired,2026-07-25,,C1
S002912,V00514,K02200,2026-06-05,rejected,2026-06-06,Client cancelled,C1
S002913,V00514,K01986,2026-06-06,rejected,2026-06-07,Rate expectation,C1
S002914,V00514,K01046,2026-06-08,hired,2026-06-20,,B2
S002915,V00514,K03451,2026-06-13,rejected,2026-06-13,Rate expectation,C1
S002916,V00514,K03869,2026-06-16,rejected,2026-06-16,Client chose other candidate,B2
S002917,V00515,K00097,2026-04-17,rejected,2026-04-17,Availability,B2
S002918,V00515,K03907,2026-04-21,offer_declined,2026-05-01,Candidate withdrew,B2
S002919,V00515,K03022,2026-04-27,hired,2026-05-04,,C1
S002920,V00515,K00922,2026-05-08,rejected,2026-05-14,Rate expectation,C1
S002921,V00515,K03729,2026-05-08,rejected,2026-05-08,Client cancelled,B1
S002922,V00515,K03349,2026-05-18,rejected,2026-05-18,Skill mismatch,B2
S002923,V00515,K00143,2026-05-19,rejected,2026-05-24,Candidate withdrew,C1
S002924,V00515,K02869,2026-05-24,rejected,2026-05-24,Rate expectation,C1
S002925,V00515,K00911,2026-05-27,rejected,2026-05-27,English level,B1
S002926,V00516,K01670,2026-07-14,rejected,2026-07-14,Candidate withdrew,B2
S002927,V00516,K00414,2026-07-16,rejected,2026-07-24,Skill mismatch,B2
S002928,V00516,K01515,2026-07-19,rejected,2026-07-20,Client cancelled,B2
S002929,V00516,K00625,2026-07-22,client_review,2026-07-22,,C2
S002930,V00516,K01935,2026-07-26,client_review,2026-07-26,,C1
S002931,V00516,K03699,2026-07-26,rejected,2026-07-26,English level,B2
S002932,V00517,K01388,2026-05-25,rejected,2026-05-25,Skill mismatch,B2
S002933,V00517,K03805,2026-05-28,rejected,2026-05-28,Client cancelled,B1
S002934,V00517,K02437,2026-06-04,rejected,2026-06-04,Skill mismatch,B1
S002935,V00517,K02176,2026-06-04,hired,2026-06-11,,B1
S002936,V00517,K00592,2026-06-07,rejected,2026-06-07,Availability,B2
S002937,V00518,K02010,2026-04-18,rejected,2026-04-18,Rate expectation,B2
S002938,V00518,K01888,2026-04-18,rejected,2026-04-18,English level,B2
S002939,V00518,K02400,2026-04-24,rejected,2026-04-24,Candidate withdrew,B1
S002940,V00518,K02105,2026-04-29,rejected,2026-04-29,English level,C1
S002941,V00518,K01072,2026-04-29,hired,2026-05-03,,C2
S002942,V00519,K03502,2026-07-10,rejected,2026-07-10,Availability,C2
S002943,V00519,K02524,2026-07-12,offer_declined,2026-07-17,Candidate withdrew,C1
S002944,V00519,K03996,2026-07-15,hired,2026-07-26,,B2
S002945,V00519,K04227,2026-07-19,rejected,2026-07-19,Availability,B1
S002946,V00519,K00092,2026-07-21,rejected,2026-07-21,Rate expectation,C1
S002947,V00519,K01671,2026-07-26,client_review,2026-07-26,,C1
S002948,V00520,K03767,2026-07-16,rejected,2026-07-16,Client chose other candidate,B2
S002949,V00520,K01188,2026-07-18,rejected,2026-07-18,Client cancelled,C1
S002950,V00520,K00655,2026-07-21,rejected,2026-07-21,English level,B2
S002951,V00520,K03488,2026-07-24,rejected,2026-07-24,Skill mismatch,C1
S002952,V00522,K00057,2026-05-30,rejected,2026-06-02,English level,C2
S002953,V00522,K04090,2026-06-02,hired,2026-06-08,,C2
S002954,V00522,K02641,2026-06-04,rejected,2026-06-15,Client chose other candidate,B2
S002955,V00522,K01088,2026-06-08,rejected,2026-06-14,Candidate withdrew,C2
S002956,V00522,K00227,2026-06-11,rejected,2026-06-11,Client cancelled,C1
S002957,V00522,K00019,2026-06-13,rejected,2026-06-13,Availability,B1
S002958,V00523,K04147,2026-05-07,rejected,2026-05-07,Candidate withdrew,C1
S002959,V00523,K01888,2026-05-10,rejected,2026-05-10,Availability,B2
S002960,V00524,K02648,2026-04-21,rejected,2026-04-21,Client chose other candidate,B2
S002961,V00524,K03710,2026-04-24,rejected,2026-04-28,Skill mismatch,B2
S002962,V00524,K02253,2026-04-27,rejected,2026-04-28,Client chose other candidate,C1
S002963,V00524,K01783,2026-04-30,hired,2026-05-11,,C2
S002964,V00524,K02036,2026-05-04,rejected,2026-05-04,Skill mismatch,B2
S002965,V00524,K03995,2026-05-06,rejected,2026-05-06,Client chose other candidate,B2
S002966,V00524,K02486,2026-05-08,rejected,2026-05-09,Skill mismatch,B2
S002967,V00524,K01027,2026-05-11,rejected,2026-05-25,Availability,C2
S002968,V00524,K01948,2026-05-15,rejected,2026-05-15,Candidate withdrew,B2
S002969,V00525,K02734,2026-06-08,offer_declined,2026-06-17,Candidate withdrew,C2
S002970,V00525,K01299,2026-06-12,rejected,2026-06-18,Candidate withdrew,C1
S002971,V00525,K01611,2026-06-18,rejected,2026-06-18,Skill mismatch,B2
S002972,V00525,K03985,2026-06-21,hired,2026-07-01,,C1
S002973,V00525,K00956,2026-06-24,rejected,2026-06-29,English level,B1
S002974,V00525,K02033,2026-06-27,rejected,2026-07-02,Client cancelled,C1
S002975,V00525,K01283,2026-07-02,rejected,2026-07-02,Availability,B2
S002976,V00526,K00189,2026-06-18,rejected,2026-06-18,Availability,B2
S002977,V00526,K00121,2026-06-22,rejected,2026-06-22,English level,C2
S002978,V00526,K03308,2026-06-26,rejected,2026-06-26,Rate expectation,C1
S002979,V00526,K01190,2026-06-26,rejected,2026-06-26,Client cancelled,B2
S002980,V00526,K02248,2026-07-02,rejected,2026-07-02,Skill mismatch,C2
S002981,V00526,K00011,2026-07-05,rejected,2026-07-05,English level,B2
S002982,V00526,K00061,2026-07-09,rejected,2026-07-14,Rate expectation,B1
S002983,V00527,K01769,2026-04-30,offer_declined,2026-05-14,Candidate withdrew,C1
S002984,V00527,K02823,2026-05-09,rejected,2026-05-18,Skill mismatch,C2
S002985,V00527,K03912,2026-05-09,rejected,2026-05-10,Client cancelled,C1
S002986,V00527,K03854,2026-05-11,offer_declined,2026-05-20,Candidate withdrew,B2
S002987,V00527,K03804,2026-05-18,rejected,2026-05-24,English level,C1
S002988,V00527,K03792,2026-05-22,rejected,2026-05-22,English level,C1
S002989,V00527,K01115,2026-05-25,rejected,2026-05-25,Client chose other candidate,B1
S002990,V00528,K00980,2026-05-22,rejected,2026-05-22,Client chose other candidate,B2
S002991,V00528,K02600,2026-05-26,rejected,2026-05-26,English level,B1
S002992,V00528,K02360,2026-05-31,rejected,2026-06-08,Availability,C1
S002993,V00528,K02799,2026-06-01,rejected,2026-06-03,Rate expectation,C2
S002994,V00528,K03183,2026-06-05,hired,2026-06-18,,B1
S002995,V00528,K02354,2026-06-07,rejected,2026-06-07,English level,B2
S002996,V00528,K03876,2026-06-12,rejected,2026-06-12,Candidate withdrew,B2
S002997,V00528,K01675,2026-06-15,rejected,2026-06-21,Client cancelled,B2
S002998,V00528,K02700,2026-06-20,rejected,2026-06-20,Client cancelled,C1
S002999,V00528,K01954,2026-06-19,rejected,2026-06-19,Client chose other candidate,C2
S003000,V00529,K03266,2026-07-03,hired,2026-07-16,,C2
S003001,V00529,K02447,2026-07-08,rejected,2026-07-08,Client cancelled,B2
S003002,V00529,K02769,2026-07-15,rejected,2026-07-17,Candidate withdrew,B2
S003003,V00529,K01797,2026-07-15,rejected,2026-07-22,Client chose other candidate,B2
S003004,V00530,K02217,2026-05-10,offer_declined,2026-05-16,Candidate withdrew,B2
S003005,V00530,K02805,2026-05-12,rejected,2026-05-12,Skill mismatch,B2
S003006,V00530,K03289,2026-05-17,rejected,2026-05-25,English level,C2
S003007,V00530,K01149,2026-05-20,rejected,2026-05-24,Client chose other candidate,C1
S003008,V00530,K01320,2026-05-21,rejected,2026-05-26,Candidate withdrew,C1
S003009,V00530,K01564,2026-05-26,rejected,2026-05-28,Skill mismatch,B2
S003010,V00530,K00512,2026-05-30,rejected,2026-05-30,Availability,B1
S003011,V00531,K01331,2026-07-21,rejected,2026-07-26,Client chose other candidate,B2
S003012,V00531,K02892,2026-07-23,rejected,2026-07-23,Rate expectation,B2
S003013,V00532,K01983,2026-05-10,rejected,2026-05-10,Candidate withdrew,C1
S003014,V00532,K02572,2026-05-12,rejected,2026-05-24,Skill mismatch,B2
S003015,V00532,K00668,2026-05-19,rejected,2026-05-28,English level,C2
S003016,V00532,K01910,2026-05-24,hired,2026-06-06,,B2
S003017,V00532,K00969,2026-05-21,rejected,2026-05-31,Skill mismatch,B2
S003018,V00532,K01633,2026-05-27,rejected,2026-05-28,English level,C1
S003019,V00532,K02871,2026-06-02,rejected,2026-06-02,Availability,B1
S003020,V00532,K01574,2026-06-07,rejected,2026-06-11,Rate expectation,C2
S003021,V00532,K01299,2026-06-10,rejected,2026-06-12,Availability,C1
S003022,V00532,K02151,2026-06-15,rejected,2026-06-15,Client chose other candidate,B1
S003023,V00533,K00292,2026-07-22,rejected,2026-07-22,English level,B2
S003024,V00533,K01910,2026-07-24,client_review,2026-07-24,,B2
S003025,V00534,K03552,2026-05-26,hired,2026-06-10,,C1
S003026,V00534,K04017,2026-06-02,rejected,2026-06-02,Client cancelled,C1
S003027,V00534,K01393,2026-06-05,rejected,2026-06-10,Skill mismatch,B2
S003028,V00534,K04027,2026-06-07,rejected,2026-06-07,Candidate withdrew,B2
S003029,V00534,K03924,2026-06-12,rejected,2026-06-12,Client cancelled,B2
S003030,V00534,K02165,2026-06-17,rejected,2026-06-17,Skill mismatch,B2
S003031,V00534,K01318,2026-06-21,rejected,2026-06-21,Skill mismatch,B2
S003032,V00534,K00442,2026-06-27,rejected,2026-06-27,Availability,B2
S003033,V00535,K00472,2026-06-17,hired,2026-06-21,,C1
S003034,V00536,K00587,2026-06-25,rejected,2026-06-30,Client chose other candidate,B2
S003035,V00536,K01071,2026-06-26,rejected,2026-06-26,Rate expectation,C1
S003036,V00536,K03919,2026-07-01,rejected,2026-07-01,Rate expectation,B2
S003037,V00536,K00952,2026-07-03,rejected,2026-07-03,Client cancelled,B1
S003038,V00536,K03200,2026-07-07,hired,2026-07-13,,C1
S003039,V00536,K04136,2026-07-08,rejected,2026-07-08,Availability,B2
S003040,V00536,K02027,2026-07-12,rejected,2026-07-12,Availability,C1
S003041,V00537,K01749,2026-06-17,hired,2026-06-22,,C1
S003042,V00537,K00790,2026-06-22,rejected,2026-07-01,Availability,B2
S003043,V00537,K00398,2026-06-22,rejected,2026-06-22,Rate expectation,B2
S003044,V00537,K01303,2026-06-29,rejected,2026-06-29,Availability,C1
S003045,V00537,K00430,2026-07-01,rejected,2026-07-04,Skill mismatch,C1
S003046,V00538,K00936,2026-05-13,rejected,2026-05-19,Availability,C1
S003047,V00538,K03080,2026-05-17,rejected,2026-05-17,Availability,B1
S003048,V00538,K02135,2026-05-18,rejected,2026-05-18,Rate expectation,B1
S003049,V00538,K03311,2026-05-24,rejected,2026-05-24,Skill mismatch,B2
S003050,V00538,K00684,2026-05-25,rejected,2026-05-25,Client cancelled,B1
S003051,V00538,K02660,2026-05-29,rejected,2026-06-09,Skill mismatch,C1
S003052,V00539,K00045,2026-05-16,offer_declined,2026-05-25,Candidate withdrew,B1
S003053,V00539,K00867,2026-05-21,rejected,2026-05-21,Candidate withdrew,B1
S003054,V00539,K01904,2026-05-26,rejected,2026-06-04,Availability,B1
S003055,V00539,K03125,2026-06-03,rejected,2026-06-03,Client cancelled,C1
S003056,V00539,K00127,2026-06-05,rejected,2026-06-09,Client chose other candidate,B2
S003057,V00539,K01546,2026-06-11,rejected,2026-06-11,Candidate withdrew,B1
S003058,V00539,K00905,2026-06-13,rejected,2026-06-13,Availability,B2
S003059,V00539,K00281,2026-06-19,rejected,2026-06-19,Client cancelled,C1
S003060,V00540,K02886,2026-05-27,rejected,2026-05-27,Client cancelled,B1
S003061,V00540,K00206,2026-05-30,rejected,2026-05-30,Skill mismatch,C1
S003062,V00540,K01445,2026-06-03,hired,2026-06-15,,C1
S003063,V00540,K02638,2026-06-08,rejected,2026-06-16,Skill mismatch,C1
S003064,V00541,K01176,2026-05-15,rejected,2026-05-15,Candidate withdrew,B2
S003065,V00541,K03806,2026-05-17,rejected,2026-05-25,Client chose other candidate,C1
S003066,V00541,K02210,2026-05-19,rejected,2026-05-19,Availability,C1
S003067,V00541,K01493,2026-05-20,rejected,2026-05-21,Rate expectation,B2
S003068,V00541,K03628,2026-05-24,rejected,2026-05-24,Rate expectation,B2
S003069,V00541,K01733,2026-05-28,rejected,2026-05-28,Candidate withdrew,C1
S003070,V00542,K00139,2026-07-24,offer_declined,2026-07-30,Candidate withdrew,C1
S003071,V00543,K04211,2026-07-15,rejected,2026-07-15,Client cancelled,B2
S003072,V00543,K04134,2026-07-21,rejected,2026-07-23,Client cancelled,C1
S003073,V00543,K02435,2026-07-26,rejected,2026-07-26,Rate expectation,B2
S003074,V00543,K04200,2026-07-25,offer_declined,2026-07-28,Candidate withdrew,C1
S003075,V00544,K01266,2026-07-08,rejected,2026-07-08,Rate expectation,B1
S003076,V00544,K04050,2026-07-13,rejected,2026-07-13,Client cancelled,B1
S003077,V00544,K04065,2026-07-14,rejected,2026-07-15,Candidate withdrew,B1
S003078,V00544,K03094,2026-07-20,client_review,2026-07-20,,C1
S003079,V00544,K01257,2026-07-24,rejected,2026-07-24,Client cancelled,B2
S003080,V00545,K02280,2026-06-27,hired,2026-07-05,,C1
S003081,V00545,K03912,2026-06-30,rejected,2026-07-07,Rate expectation,C1
S003082,V00545,K01181,2026-07-05,rejected,2026-07-17,Skill mismatch,B1
S003083,V00546,K00990,2026-06-30,rejected,2026-06-30,Skill mismatch,B1
S003084,V00546,K02202,2026-07-02,rejected,2026-07-10,Client chose other candidate,C2
S003085,V00546,K00534,2026-07-08,hired,2026-07-18,,B2
S003086,V00546,K01552,2026-07-10,rejected,2026-07-10,Client chose other candidate,B1
S003087,V00546,K03536,2026-07-12,rejected,2026-07-17,Candidate withdrew,C1
S003088,V00547,K02472,2026-07-02,offer_declined,2026-07-12,Candidate withdrew,B2
S003089,V00547,K02372,2026-07-05,rejected,2026-07-09,English level,B2
S003090,V00547,K00767,2026-07-07,rejected,2026-07-15,Rate expectation,B2
S003091,V00547,K02648,2026-07-10,rejected,2026-07-15,Skill mismatch,B2
S003092,V00548,K01935,2026-05-27,hired,2026-06-03,,C1
S003093,V00548,K03469,2026-05-28,rejected,2026-05-28,English level,B1
S003094,V00548,K01798,2026-06-01,rejected,2026-06-06,English level,B1
S003095,V00548,K01304,2026-06-01,rejected,2026-06-01,Skill mismatch,B1
S003096,V00548,K01042,2026-06-08,rejected,2026-06-08,Candidate withdrew,B1
S003097,V00548,K00946,2026-06-07,rejected,2026-06-07,Rate expectation,C1
S003098,V00549,K02754,2026-06-03,rejected,2026-06-03,Client chose other candidate,C1
S003099,V00549,K00333,2026-06-05,hired,2026-06-16,,B2
S003100,V00549,K02120,2026-06-09,rejected,2026-06-11,Candidate withdrew,B2
S003101,V00549,K02421,2026-06-12,rejected,2026-06-17,Rate expectation,C1
S003102,V00549,K00783,2026-06-15,rejected,2026-06-15,Client cancelled,B2
S003103,V00549,K01392,2026-06-19,rejected,2026-06-22,Rate expectation,B2
S003104,V00549,K02163,2026-06-20,rejected,2026-06-21,Rate expectation,C2
S003105,V00549,K01500,2026-06-27,rejected,2026-07-06,Candidate withdrew,B1
S003106,V00549,K00835,2026-06-28,rejected,2026-07-09,Rate expectation,B2
S003107,V00549,K00836,2026-07-02,rejected,2026-07-03,English level,B2
S003108,V00550,K03689,2026-07-04,rejected,2026-07-04,Skill mismatch,B2
S003109,V00550,K02055,2026-07-09,rejected,2026-07-09,Client chose other candidate,B2
S003110,V00550,K01932,2026-07-21,client_review,2026-07-21,,C1
S003111,V00550,K03870,2026-07-20,rejected,2026-07-20,Rate expectation,B1
S003112,V00551,K01736,2026-06-20,rejected,2026-06-24,Rate expectation,C1
S003113,V00551,K01801,2026-06-28,rejected,2026-06-28,Client cancelled,C2
S003114,V00551,K03283,2026-06-28,rejected,2026-06-28,Rate expectation,B2
S003115,V00551,K03834,2026-07-09,rejected,2026-07-13,Skill mismatch,B2
S003116,V00551,K01089,2026-07-15,rejected,2026-07-15,Skill mismatch,B2
S003117,V00552,K00355,2026-05-20,rejected,2026-05-20,Skill mismatch,C1
S003118,V00553,K03313,2026-05-16,rejected,2026-05-16,English level,B1
S003119,V00553,K00200,2026-05-18,rejected,2026-05-24,Skill mismatch,C1
S003120,V00553,K01940,2026-05-24,hired,2026-05-30,,C1
S003121,V00553,K02239,2026-05-28,rejected,2026-05-28,Skill mismatch,C2
S003122,V00553,K01024,2026-05-30,rejected,2026-06-05,Availability,B2
S003123,V00553,K02921,2026-06-01,rejected,2026-06-01,Candidate withdrew,B1
S003124,V00554,K00810,2026-06-13,rejected,2026-06-13,Skill mismatch,B2
S003125,V00556,K02364,2026-06-21,rejected,2026-06-21,Client cancelled,B1
S003126,V00556,K03736,2026-06-22,rejected,2026-06-22,Availability,B1
S003127,V00556,K02755,2026-06-29,rejected,2026-06-29,Client cancelled,B1
S003128,V00556,K02479,2026-07-01,offer_declined,2026-07-11,Candidate withdrew,C2
S003129,V00556,K00808,2026-07-07,rejected,2026-07-12,Client chose other candidate,C1
S003130,V00556,K03612,2026-07-11,rejected,2026-07-11,English level,B2
S003131,V00557,K00125,2026-06-03,rejected,2026-06-03,Candidate withdrew,B2
S003132,V00557,K01188,2026-06-04,rejected,2026-06-04,Client cancelled,C1
S003133,V00557,K00948,2026-06-06,hired,2026-06-19,,C1
S003134,V00557,K04175,2026-06-11,rejected,2026-06-20,Candidate withdrew,C1
S003135,V00557,K02093,2026-06-12,rejected,2026-06-12,Client chose other candidate,C1
S003136,V00557,K00692,2026-06-15,rejected,2026-06-15,Client chose other candidate,C1
S003137,V00557,K00518,2026-06-20,rejected,2026-06-21,English level,C1
S003138,V00558,K01616,2026-07-24,client_review,2026-07-24,,B1
S003139,V00559,K00775,2026-07-04,hired,2026-07-07,,B2
S003140,V00559,K04107,2026-07-07,rejected,2026-07-07,Rate expectation,C1
S003141,V00559,K01639,2026-07-10,rejected,2026-07-21,Client chose other candidate,C1
S003142,V00559,K00012,2026-07-14,rejected,2026-07-14,Client chose other candidate,C1
S003143,V00559,K00432,2026-07-17,rejected,2026-07-17,Client cancelled,C1
S003144,V00559,K03488,2026-07-21,rejected,2026-07-22,English level,C1
S003145,V00559,K00981,2026-07-22,client_review,2026-07-22,,B2
S003146,V00560,K04166,2026-07-01,hired,2026-07-11,,B2
S003147,V00560,K00420,2026-07-04,rejected,2026-07-04,Client cancelled,B2
S003148,V00560,K00927,2026-07-04,rejected,2026-07-10,Client cancelled,C2
S003149,V00560,K01873,2026-07-09,rejected,2026-07-09,English level,B1
S003150,V00560,K00456,2026-07-14,rejected,2026-07-14,Rate expectation,C1
S003151,V00561,K01420,2026-06-07,hired,2026-06-09,,C1
S003152,V00561,K04133,2026-06-11,rejected,2026-06-11,English level,C1
S003153,V00561,K03288,2026-06-12,rejected,2026-06-16,Candidate withdrew,C1
S003154,V00561,K02740,2026-06-13,rejected,2026-06-15,Client chose other candidate,B2
S003155,V00561,K01042,2026-06-17,rejected,2026-06-17,Client chose other candidate,B1
S003156,V00561,K00441,2026-06-18,rejected,2026-06-22,English level,B2
S003157,V00561,K03341,2026-06-21,rejected,2026-06-21,Client chose other candidate,B2
S003158,V00562,K01751,2026-06-17,rejected,2026-06-17,Client cancelled,B1
S003159,V00562,K02503,2026-06-17,hired,2026-06-29,,C1
S003160,V00562,K01864,2026-06-20,rejected,2026-06-30,Rate expectation,B2
S003161,V00562,K03712,2026-06-23,rejected,2026-06-23,Client chose other candidate,C1
S003162,V00562,K03134,2026-06-25,rejected,2026-06-25,English level,B2
S003163,V00563,K02598,2026-06-11,rejected,2026-06-15,Skill mismatch,C2
S003164,V00563,K03240,2026-06-15,rejected,2026-06-22,Availability,B1
S003165,V00563,K03332,2026-06-15,rejected,2026-06-15,Skill mismatch,B1
S003166,V00564,K01453,2026-06-11,rejected,2026-06-11,Client cancelled,B1
S003167,V00564,K02657,2026-06-18,rejected,2026-06-18,Availability,B2
S003168,V00564,K01349,2026-06-20,rejected,2026-06-20,Client cancelled,B2
S003169,V00564,K03898,2026-06-26,rejected,2026-06-26,Skill mismatch,B2
S003170,V00564,K02348,2026-06-27,rejected,2026-06-27,Client chose other candidate,B1
S003171,V00564,K01422,2026-07-01,rejected,2026-07-01,Client chose other candidate,C1
S003172,V00564,K01608,2026-07-05,rejected,2026-07-14,Client chose other candidate,B2
S003173,V00565,K02078,2026-06-05,rejected,2026-06-12,Availability,C1
S003174,V00565,K01933,2026-06-14,rejected,2026-06-14,English level,B2
S003175,V00565,K01583,2026-06-21,rejected,2026-06-21,Client chose other candidate,B2
S003176,V00566,K02735,2026-06-09,rejected,2026-06-09,Candidate withdrew,B2
S003177,V00566,K03106,2026-06-14,rejected,2026-06-14,Client cancelled,C1
S003178,V00566,K03677,2026-06-15,rejected,2026-06-15,Client chose other candidate,B1
S003179,V00566,K03314,2026-06-17,rejected,2026-06-17,Rate expectation,B2
S003180,V00566,K02272,2026-06-22,rejected,2026-06-22,Rate expectation,C1
S003181,V00566,K01501,2026-06-25,rejected,2026-06-25,English level,C1
S003182,V00566,K00934,2026-06-25,hired,2026-07-05,,C1
S003183,V00566,K02313,2026-06-30,rejected,2026-07-05,Availability,B1
S003184,V00566,K04068,2026-07-02,rejected,2026-07-05,Client cancelled,C1
S003185,V00567,K01831,2026-06-06,rejected,2026-06-09,Rate expectation,B2
S003186,V00567,K03179,2026-06-08,rejected,2026-06-08,Availability,C1
S003187,V00567,K01605,2026-06-11,rejected,2026-06-11,Availability,B1
S003188,V00567,K03168,2026-06-13,hired,2026-06-23,,C2
S003189,V00567,K00507,2026-06-22,rejected,2026-06-30,Rate expectation,C2
S003190,V00567,K03756,2026-06-24,rejected,2026-06-24,Candidate withdrew,B2
S003191,V00568,K04211,2026-06-29,rejected,2026-06-29,Candidate withdrew,B2
S003192,V00568,K00111,2026-07-09,rejected,2026-07-15,Client chose other candidate,C1
S003193,V00568,K03559,2026-07-10,rejected,2026-07-10,Client chose other candidate,B2
S003194,V00568,K00302,2026-07-14,rejected,2026-07-14,English level,B2
S003195,V00568,K01316,2026-07-18,rejected,2026-07-18,Client chose other candidate,B1
S003196,V00569,K03611,2026-06-22,rejected,2026-06-22,English level,C1
S003197,V00569,K00865,2026-06-26,rejected,2026-07-03,English level,C2
S003198,V00569,K02650,2026-06-29,rejected,2026-06-29,English level,C1
S003199,V00569,K01234,2026-07-03,rejected,2026-07-03,Client cancelled,C2
S003200,V00569,K00104,2026-07-06,rejected,2026-07-11,Skill mismatch,B2
S003201,V00569,K00135,2026-07-10,rejected,2026-07-15,Candidate withdrew,C1
S003202,V00569,K01707,2026-07-12,rejected,2026-07-16,Client cancelled,B2
S003203,V00569,K00246,2026-07-16,rejected,2026-07-16,English level,B2
S003204,V00570,K03043,2026-07-17,rejected,2026-07-17,Skill mismatch,C1
S003205,V00570,K00271,2026-07-23,rejected,2026-07-24,Client chose other candidate,C2
S003206,V00571,K03848,2026-07-07,rejected,2026-07-07,Availability,B2
S003207,V00571,K04140,2026-07-14,rejected,2026-07-23,English level,C1
S003208,V00571,K03541,2026-07-17,rejected,2026-07-22,Client chose other candidate,B2
S003209,V00571,K03733,2026-07-20,client_review,2026-07-20,,B1
S003210,V00571,K04182,2026-07-23,client_review,2026-07-23,,B2
S003211,V00572,K03650,2026-07-11,hired,2026-07-16,,C1
S003212,V00572,K01636,2026-07-16,rejected,2026-07-16,Availability,C2
S003213,V00572,K01020,2026-07-19,rejected,2026-07-25,Client cancelled,C1
S003214,V00573,K01409,2026-06-16,rejected,2026-06-16,English level,B2
S003215,V00573,K01928,2026-06-22,rejected,2026-06-22,Rate expectation,C1
S003216,V00573,K02838,2026-06-27,rejected,2026-06-27,Client cancelled,B2
S003217,V00573,K01677,2026-06-28,rejected,2026-06-28,Rate expectation,C2
S003218,V00573,K00419,2026-07-03,rejected,2026-07-03,Rate expectation,C1
S003219,V00573,K02670,2026-07-08,rejected,2026-07-08,Rate expectation,B2
S003220,V00573,K02417,2026-07-11,hired,2026-07-20,,C1
S003221,V00575,K00455,2026-07-03,rejected,2026-07-13,Candidate withdrew,C1
S003222,V00575,K02722,2026-07-07,rejected,2026-07-07,Rate expectation,C1
S003223,V00575,K03776,2026-07-11,rejected,2026-07-11,Client cancelled,C1
S003224,V00576,K00474,2026-07-18,rejected,2026-07-18,Skill mismatch,B2
S003225,V00576,K01379,2026-07-23,client_review,2026-07-23,,C1
S003226,V00576,K00963,2026-07-25,rejected,2026-07-25,Client cancelled,B2
S003227,V00577,K03550,2026-07-23,rejected,2026-07-23,Skill mismatch,C1
S003228,V00577,K03947,2026-07-25,client_review,2026-07-25,,C2
S003229,V00578,K00325,2026-06-25,rejected,2026-06-25,Skill mismatch,B2
S003230,V00578,K04056,2026-06-28,rejected,2026-06-28,Availability,B2
S003231,V00578,K03926,2026-07-01,rejected,2026-07-01,Availability,B2
S003232,V00578,K03137,2026-07-07,rejected,2026-07-16,Client chose other candidate,C2
S003233,V00578,K02558,2026-07-09,rejected,2026-07-13,Availability,B2
S003234,V00578,K02929,2026-07-13,rejected,2026-07-13,English level,B2
S003235,V00578,K01983,2026-07-16,rejected,2026-07-22,Rate expectation,C1
S003236,V00580,K01321,2026-07-08,rejected,2026-07-08,English level,B2
S003237,V00580,K03653,2026-07-12,rejected,2026-07-12,Client cancelled,C2
S003238,V00580,K00434,2026-07-17,rejected,2026-07-17,Candidate withdrew,B1
S003239,V00580,K02732,2026-07-18,rejected,2026-07-18,Availability,C1
S003240,V00580,K02345,2026-07-20,rejected,2026-07-20,Rate expectation,B2
S003241,V00580,K01240,2026-07-23,rejected,2026-07-24,Skill mismatch,B2
S003242,V00581,K02526,2026-06-27,rejected,2026-06-28,Client chose other candidate,B2
S003243,V00581,K04063,2026-06-30,rejected,2026-06-30,Rate expectation,B2
S003244,V00581,K00350,2026-07-01,rejected,2026-07-04,Availability,B2
S003245,V00581,K02111,2026-07-04,rejected,2026-07-11,English level,B1
S003246,V00581,K01068,2026-07-08,rejected,2026-07-13,Candidate withdrew,C1
S003247,V00581,K02062,2026-07-10,rejected,2026-07-16,Availability,B2
S003248,V00581,K03509,2026-07-12,rejected,2026-07-21,Candidate withdrew,B2
S003249,V00581,K01920,2026-07-18,rejected,2026-07-18,English level,C1
S003250,V00583,K00105,2026-07-09,rejected,2026-07-09,Candidate withdrew,B2
S003251,V00583,K00461,2026-07-12,offer_declined,2026-07-21,Candidate withdrew,C1
S003252,V00583,K00912,2026-07-15,rejected,2026-07-15,Client chose other candidate,B2
S003253,V00583,K00332,2026-07-17,rejected,2026-07-23,Availability,C1
S003254,V00583,K00496,2026-07-22,rejected,2026-07-22,Client chose other candidate,B2
S003255,V00583,K03035,2026-07-23,rejected,2026-07-23,Rate expectation,C1
S003256,V00584,K03543,2026-07-24,client_review,2026-07-24,,C1
S003257,V00585,K01534,2026-07-04,rejected,2026-07-04,Candidate withdrew,B2
S003258,V00585,K02099,2026-07-07,rejected,2026-07-07,Availability,C2
S003259,V00585,K03495,2026-07-09,rejected,2026-07-09,English level,B2
S003260,V00585,K04075,2026-07-10,rejected,2026-07-18,Skill mismatch,B1
S003261,V00585,K04018,2026-07-13,hired,2026-07-24,,B2
S003262,V00585,K02326,2026-07-17,rejected,2026-07-23,Candidate withdrew,C1
S003263,V00585,K02141,2026-07-21,rejected,2026-07-21,Rate expectation,C1
S003264,V00585,K01431,2026-07-21,rejected,2026-07-25,Client chose other candidate,B1
S003265,V00585,K03809,2026-07-25,rejected,2026-07-25,English level,B2
S003266,V00586,K01639,2026-07-22,client_review,2026-07-22,,C1
S003267,V00586,K03337,2026-07-20,rejected,2026-07-20,Client cancelled,B2
S003268,V00587,K00489,2026-07-10,rejected,2026-07-18,Skill mismatch,B2
S003269,V00587,K01205,2026-07-14,rejected,2026-07-14,English level,B2
S003270,V00587,K04107,2026-07-15,rejected,2026-07-15,Skill mismatch,C1
S003271,V00587,K00060,2026-07-18,rejected,2026-07-18,English level,B2
S003272,V00587,K00069,2026-07-22,rejected,2026-07-22,Availability,B2
S003273,V00587,K01407,2026-07-22,client_review,2026-07-22,,B1
S003274,V00588,K00853,2026-07-10,hired,2026-07-18,,B2
S003275,V00588,K03916,2026-07-14,rejected,2026-07-14,Availability,B1
S003276,V00588,K00557,2026-07-19,rejected,2026-07-19,Rate expectation,B2
S003277,V00588,K04102,2026-07-21,rejected,2026-07-23,Candidate withdrew,C1
S003278,V00588,K01600,2026-07-25,rejected,2026-07-25,English level,B1
S003279,V00589,K00578,2026-07-14,rejected,2026-07-22,Skill mismatch,B1
S003280,V00589,K00241,2026-07-17,offer_declined,2026-07-27,Candidate withdrew,B2
S003281,V00589,K02526,2026-07-22,client_review,2026-07-22,,B2
S003282,V00590,K00809,2026-07-12,rejected,2026-07-12,Client chose other candidate,B2
S003283,V00590,K01397,2026-07-19,hired,2026-07-26,,B2
S003284,V00591,K02737,2026-06-14,rejected,2026-06-14,Candidate withdrew,B1
S003285,V00591,K00833,2026-06-21,rejected,2026-06-24,Skill mismatch,C1
S003286,V00591,K03361,2026-06-28,rejected,2026-06-28,Rate expectation,C1
S003287,V00592,K04011,2026-06-24,rejected,2026-06-24,Availability,B2
S003288,V00592,K02087,2026-07-01,rejected,2026-07-01,Client cancelled,C1
S003289,V00592,K04021,2026-07-05,rejected,2026-07-07,English level,B1
S003290,V00592,K03446,2026-07-05,rejected,2026-07-05,English level,C2
S003291,V00592,K02088,2026-07-08,rejected,2026-07-08,Client chose other candidate,B2
S003292,V00592,K01338,2026-07-14,rejected,2026-07-14,Client cancelled,C1
S003293,V00592,K02848,2026-07-14,rejected,2026-07-14,Candidate withdrew,C1
S003294,V00592,K03860,2026-07-17,rejected,2026-07-17,English level,B2
S003295,V00592,K00374,2026-07-19,hired,2026-07-24,,C2
S003296,V00592,K01524,2026-07-23,rejected,2026-07-23,Client cancelled,B2
S003297,V00593,K02200,2026-07-25,rejected,2026-07-26,Candidate withdrew,C1
S003298,V00594,K02481,2026-07-25,client_review,2026-07-25,,C1
S003299,V00595,K01819,2026-07-21,rejected,2026-07-21,Skill mismatch,C1
S003300,V00596,K03301,2026-07-09,rejected,2026-07-16,English level,C1
S003301,V00596,K01991,2026-07-09,hired,2026-07-17,,C1
S003302,V00596,K02634,2026-07-14,rejected,2026-07-14,Rate expectation,C2
S003303,V00596,K03252,2026-07-15,rejected,2026-07-23,Skill mismatch,B2
S003304,V00597,K02654,2026-07-08,rejected,2026-07-15,Skill mismatch,C2
S003305,V00597,K04029,2026-07-14,rejected,2026-07-15,English level,B2
S003306,V00597,K03078,2026-07-16,rejected,2026-07-21,English level,B2
S003307,V00597,K03580,2026-07-23,rejected,2026-07-23,Client chose other candidate,B2
S003308,V00598,K03001,2026-07-11,rejected,2026-07-11,Availability,B2
S003309,V00598,K03008,2026-07-17,rejected,2026-07-17,Rate expectation,B2
S003310,V00598,K00242,2026-07-26,rejected,2026-07-26,Client chose other candidate,B2
S003311,V00599,K01879,2026-07-06,rejected,2026-07-06,Candidate withdrew,C1
S003312,V00599,K01750,2026-07-08,hired,2026-07-19,,C2
S003313,V00599,K02746,2026-07-11,rejected,2026-07-16,Rate expectation,B2
S003314,V00599,K01360,2026-07-16,rejected,2026-07-26,Client chose other candidate,B1
S003315,V00599,K02340,2026-07-19,rejected,2026-07-26,Rate expectation,B2
S003316,V00599,K00652,2026-07-21,rejected,2026-07-21,Client chose other candidate,B1
S003317,V00599,K00906,2026-07-26,rejected,2026-07-26,English level,C1
S003318,V00600,K00208,2026-07-17,rejected,2026-07-17,Availability,B2
S003319,V00600,K02789,2026-07-18,client_review,2026-07-18,,C2
S003320,V00600,K01486,2026-07-21,offer_declined,2026-07-29,Candidate withdrew,C1
S003321,V00601,K00101,2026-07-10,rejected,2026-07-10,Candidate withdrew,C2
S003322,V00601,K03636,2026-07-18,rejected,2026-07-18,Rate expectation,B2
S003323,V00601,K02447,2026-07-22,client_review,2026-07-22,,B2
S003324,V00601,K03674,2026-07-26,client_review,2026-07-26,,B2
S003325,V00602,K02042,2026-07-23,client_review,2026-07-23,,C2
S003326,V00602,K01201,2026-07-26,rejected,2026-07-26,Candidate withdrew,B2
S003327,V00603,K02379,2026-07-22,client_review,2026-07-22,,C1
S003328,V00604,K03435,2026-07-04,rejected,2026-07-04,Skill mismatch,B2
S003329,V00604,K01180,2026-07-09,hired,2026-07-15,,C1
S003330,V00604,K03823,2026-07-14,rejected,2026-07-14,Skill mismatch,C1
S003331,V00604,K02841,2026-07-17,client_review,2026-07-17,,C2
S003332,V00604,K03447,2026-07-21,rejected,2026-07-21,English level,B2
S003333,V00604,K00087,2026-07-23,rejected,2026-07-23,Skill mismatch,B2
S003334,V00605,K02671,2026-07-06,hired,2026-07-12,,C1
S003335,V00605,K02607,2026-07-07,rejected,2026-07-07,Availability,B1
S003336,V00605,K00573,2026-07-11,rejected,2026-07-13,Client cancelled,C1
S003337,V00605,K02328,2026-07-14,rejected,2026-07-20,Candidate withdrew,B2
S003338,V00605,K03740,2026-07-21,rejected,2026-07-23,Candidate withdrew,C1
S003339,V00605,K03605,2026-07-22,rejected,2026-07-22,Skill mismatch,B2
S003340,V00606,K01482,2026-07-16,rejected,2026-07-16,Rate expectation,C1
S003341,V00606,K00320,2026-07-18,rejected,2026-07-18,English level,B2
S003342,V00606,K01412,2026-07-22,rejected,2026-07-22,Availability,B2
S003343,V00607,K02726,2026-07-22,rejected,2026-07-23,Client cancelled,C2
S003344,V00607,K02326,2026-07-26,client_review,2026-07-26,,C1
S003345,V00609,K02893,2026-07-23,client_review,2026-07-23,,C1
S003346,V00610,K02963,2026-07-17,client_review,2026-07-17,,C2
S003347,V00610,K01258,2026-07-22,rejected,2026-07-22,Client cancelled,B2
S003348,V00610,K03061,2026-07-21,rejected,2026-07-21,Skill mismatch,B1
S003349,V00611,K01650,2026-07-25,client_review,2026-07-25,,B2
S003350,V00612,K00606,2026-07-26,client_review,2026-07-26,,B2
S003351,V00615,K03179,2026-07-19,hired,2026-07-26,,C1
S003352,V00615,K01624,2026-07-24,rejected,2026-07-24,Availability,B2
S003353,V00615,K02128,2026-07-24,rejected,2026-07-24,Client chose other candidate,C2
S003354,V00617,K01848,2026-07-13,rejected,2026-07-13,Rate expectation,C1
S003355,V00617,K00683,2026-07-16,offer_declined,2026-07-27,Candidate withdrew,C1
S003356,V00617,K03717,2026-07-22,rejected,2026-07-22,Availability,B2
S003357,V00618,K00172,2026-07-12,hired,2026-07-25,,B2
S003358,V00618,K03372,2026-07-21,rejected,2026-07-21,Availability,B2
S003359,V00618,K02775,2026-07-24,client_review,2026-07-24,,B1
S003360,V00619,K00735,2026-07-11,rejected,2026-07-17,Candidate withdrew,B2
S003361,V00619,K01846,2026-07-24,client_review,2026-07-24,,C1
S003362,V00620,K02530,2026-07-20,rejected,2026-07-25,Availability,C1
S003363,V00620,K02661,2026-07-21,rejected,2026-07-23,Skill mismatch,C1
S003364,V00620,K01118,2026-07-25,rejected,2026-07-25,Rate expectation,B2
S003365,V00621,K01320,2026-07-24,client_review,2026-07-24,,C1
S003366,V00622,K01366,2026-07-24,rejected,2026-07-24,Skill mismatch,C1
S003367,V00623,K03279,2026-07-22,rejected,2026-07-26,Client chose other candidate,C2
S003368,V00623,K03614,2026-07-23,offer_declined,2026-07-29,Candidate withdrew,B2
S003369,V00623,K01235,2026-07-25,client_review,2026-07-25,,C1
S003370,V00624,K02767,2026-07-23,rejected,2026-07-23,Availability,B2
S003371,V00624,K01848,2026-07-23,client_review,2026-07-23,,C1
S003372,V00625,K02932,2026-07-17,rejected,2026-07-17,Client cancelled,B2
S003373,V00625,K01299,2026-07-21,rejected,2026-07-24,Rate expectation,C1
S003374,V00625,K01261,2026-07-26,rejected,2026-07-26,Skill mismatch,B1
S003375,V00626,K03266,2026-07-22,rejected,2026-07-22,Availability,C2
S003376,V00627,K01122,2026-07-23,rejected,2026-07-23,Client chose other candidate,B1
S003377,V00628,K00430,2026-07-26,rejected,2026-07-26,Client chose other candidate,C1
S003378,V00629,K01091,2026-07-26,client_review,2026-07-26,,C1
S003379,V00630,K02081,2026-07-25,client_review,2026-07-25,,C1
S003380,V00631,K00898,2026-07-26,rejected,2026-07-26,English level,B2
S003381,V00634,K04051,2026-07-23,rejected,2026-07-23,Candidate withdrew,B1
S9000105,V00018,K01393,2026-05-06,rejected,2026-05-06,Candidate withdrew,B2
S9002702,V00476,K00222,2026-05-28,rejected,2026-05-28,Client cancelled,C1
S9003369,V00623,K01235,2026-07-25,client_review,2026-07-25,,C1
S9002103,V00367,K00438,2026-06-08,hired,2026-06-14,,B2
S9002301,V00401,K01510,2026-03-20,rejected,2026-03-20,Rate expectation,B1
S9000225,V00037,K03829,2026-06-07,rejected,2026-06-18,Candidate withdrew,B2
S9001529,V00263,K00739,2026-01-24,rejected,2026-01-29,Candidate withdrew,B2
S9002809,V00495,K03260,2026-05-15,hired,2026-05-25,,B2
S9000087,V00014,K01874,2025-08-16,rejected,2025-08-16,English level,B2
S9001695,V00293,K03209,2026-06-23,rejected,2026-06-23,Client chose other candidate,C1
S9000226,V00037,K04166,2026-06-09,rejected,2026-06-17,Skill mismatch,B2
S9000896,V00156,K03146,2026-04-06,rejected,2026-04-06,Skill mismatch,C1
S9002281,V00397,K03195,2026-04-06,rejected,2026-04-06,English level,B1
S9000278,V00047,K01456,2026-01-10,hired,2026-01-16,,C1
S9002315,V00404,K03736,2026-06-11,hired,2026-06-17,,B1
